ISO-10303-21;
HEADER;
FILE_DESCRIPTION((''),'2;1');
FILE_NAME('BQA0014B_ASM','2021-09-07T10:38:59',('a0412086'),(''),
'CREO PARAMETRIC BY PTC INC, 2018500','CREO PARAMETRIC BY PTC INC, 2018500','');
FILE_SCHEMA(('CONFIG_CONTROL_DESIGN','SHAPE_APPEARANCE_LAYERS_GROUPS'));
ENDSEC;
DATA;
#31=CARTESIAN_POINT('',(-1.25E0,3.5E-2,-9.85E-1));
#32=DIRECTION('',(1.E0,0.E0,0.E0));
#33=DIRECTION('',(0.E0,1.E0,0.E0));
#34=AXIS2_PLACEMENT_3D('',#31,#32,#33);
#36=DRAUGHTING_PRE_DEFINED_CURVE_FONT('continuous');
#37=CURVE_STYLE('',#36,POSITIVE_LENGTH_MEASURE(2.E-2),#28);
#38=PRESENTATION_STYLE_ASSIGNMENT((#37));
#39=STYLED_ITEM('',(#38),#35);
#40=DIRECTION('',(1.E0,0.E0,0.E0));
#41=VECTOR('',#40,4.999999999726E-2);
#42=CARTESIAN_POINT('',(-1.25E0,3.5E-2,-9.2E-1));
#43=LINE('',#42,#41);
#44=CURVE_STYLE('',#36,POSITIVE_LENGTH_MEASURE(2.E-2),#28);
#45=PRESENTATION_STYLE_ASSIGNMENT((#44));
#46=STYLED_ITEM('',(#45),#43);
#47=DIRECTION('',(0.E0,1.E0,0.E0));
#48=VECTOR('',#47,3.5E-2);
#49=CARTESIAN_POINT('',(-1.25E0,0.E0,-9.2E-1));
#50=LINE('',#49,#48);
#51=CURVE_STYLE('',#36,POSITIVE_LENGTH_MEASURE(2.E-2),#28);
#52=PRESENTATION_STYLE_ASSIGNMENT((#51));
#53=STYLED_ITEM('',(#52),#50);
#54=DIRECTION('',(0.E0,0.E0,-1.E0));
#55=VECTOR('',#54,3.E-2);
#56=CARTESIAN_POINT('',(-1.25E0,1.E-1,-9.85E-1));
#57=LINE('',#56,#55);
#58=CURVE_STYLE('',#36,POSITIVE_LENGTH_MEASURE(2.E-2),#28);
#59=PRESENTATION_STYLE_ASSIGNMENT((#58));
#60=STYLED_ITEM('',(#59),#57);
#61=DIRECTION('',(0.E0,1.E0,0.E0));
#62=VECTOR('',#61,3.5E-2);
#63=CARTESIAN_POINT('',(-1.25E0,0.E0,-1.08E0));
#64=LINE('',#63,#62);
#65=CURVE_STYLE('',#36,POSITIVE_LENGTH_MEASURE(2.E-2),#28);
#66=PRESENTATION_STYLE_ASSIGNMENT((#65));
#67=STYLED_ITEM('',(#66),#64);
#68=DIRECTION('',(-1.E0,0.E0,0.E0));
#69=VECTOR('',#68,5.E-2);
#70=CARTESIAN_POINT('',(-1.2E0,1.E-1,-1.015E0));
#71=LINE('',#70,#69);
#72=CURVE_STYLE('',#36,POSITIVE_LENGTH_MEASURE(2.E-2),#28);
#73=PRESENTATION_STYLE_ASSIGNMENT((#72));
#74=STYLED_ITEM('',(#73),#71);
#75=DIRECTION('',(1.E0,0.E0,0.E0));
#76=VECTOR('',#75,5.E-2);
#77=CARTESIAN_POINT('',(-1.25E0,1.E-1,-9.85E-1));
#78=LINE('',#77,#76);
#79=CURVE_STYLE('',#36,POSITIVE_LENGTH_MEASURE(2.E-2),#28);
#80=PRESENTATION_STYLE_ASSIGNMENT((#79));
#81=STYLED_ITEM('',(#80),#78);
#82=CARTESIAN_POINT('',(-1.2E0,1.E-1,-1.E0));
#83=DIRECTION('',(0.E0,1.E0,0.E0));
#84=DIRECTION('',(0.E0,0.E0,1.E0));
#85=AXIS2_PLACEMENT_3D('',#82,#83,#84);
#87=CURVE_STYLE('',#36,POSITIVE_LENGTH_MEASURE(2.E-2),#28);
#88=PRESENTATION_STYLE_ASSIGNMENT((#87));
#89=STYLED_ITEM('',(#88),#86);
#90=CARTESIAN_POINT('',(-1.2E0,3.5E-2,-1.015E0));
#91=DIRECTION('',(-1.E0,0.E0,0.E0));
#92=DIRECTION('',(0.E0,1.E0,0.E0));
#93=AXIS2_PLACEMENT_3D('',#90,#91,#92);
#95=CURVE_STYLE('',#36,POSITIVE_LENGTH_MEASURE(2.E-2),#28);
#96=PRESENTATION_STYLE_ASSIGNMENT((#95));
#97=STYLED_ITEM('',(#96),#94);
#98=CARTESIAN_POINT('',(-1.25E0,3.5E-2,-1.015E0));
#99=DIRECTION('',(1.E0,0.E0,0.E0));
#100=DIRECTION('',(0.E0,0.E0,-1.E0));
#101=AXIS2_PLACEMENT_3D('',#98,#99,#100);
#103=CURVE_STYLE('',#36,POSITIVE_LENGTH_MEASURE(2.E-2),#28);
#104=PRESENTATION_STYLE_ASSIGNMENT((#103));
#105=STYLED_ITEM('',(#104),#102);
#106=CARTESIAN_POINT('',(-1.2E0,3.5E-2,-9.85E-1));
#107=DIRECTION('',(1.E0,0.E0,0.E0));
#108=DIRECTION('',(0.E0,1.E0,0.E0));
#109=AXIS2_PLACEMENT_3D('',#106,#107,#108);
#111=CURVE_STYLE('',#36,POSITIVE_LENGTH_MEASURE(2.E-2),#28);
#112=PRESENTATION_STYLE_ASSIGNMENT((#111));
#113=STYLED_ITEM('',(#112),#110);
#114=CARTESIAN_POINT('',(-1.2E0,3.5E-2,-1.E0));
#115=DIRECTION('',(0.E0,1.E0,0.E0));
#116=DIRECTION('',(0.E0,0.E0,1.E0));
#117=AXIS2_PLACEMENT_3D('',#114,#115,#116);
#119=CURVE_STYLE('',#36,POSITIVE_LENGTH_MEASURE(2.E-2),#28);
#120=PRESENTATION_STYLE_ASSIGNMENT((#119));
#121=STYLED_ITEM('',(#120),#118);
#122=DIRECTION('',(-7.819776572303E-11,1.E0,0.E0));
#123=VECTOR('',#122,3.5E-2);
#124=CARTESIAN_POINT('',(-1.2E0,0.E0,-9.2E-1));
#125=LINE('',#124,#123);
#126=CURVE_STYLE('',#36,POSITIVE_LENGTH_MEASURE(2.E-2),#28);
#127=PRESENTATION_STYLE_ASSIGNMENT((#126));
#128=STYLED_ITEM('',(#127),#125);
#129=DIRECTION('',(1.E0,0.E0,0.E0));
#130=VECTOR('',#129,5.E-2);
#131=CARTESIAN_POINT('',(-1.25E0,0.E0,-9.2E-1));
#132=LINE('',#131,#130);
#133=CURVE_STYLE('',#36,POSITIVE_LENGTH_MEASURE(2.E-2),#28);
#134=PRESENTATION_STYLE_ASSIGNMENT((#133));
#135=STYLED_ITEM('',(#134),#132);
#136=DIRECTION('',(0.E0,0.E0,-1.E0));
#137=VECTOR('',#136,4.5E-2);
#138=CARTESIAN_POINT('',(-1.25E0,0.E0,-8.75E-1));
#139=LINE('',#138,#137);
#140=CURVE_STYLE('',#36,POSITIVE_LENGTH_MEASURE(2.E-2),#28);
#141=PRESENTATION_STYLE_ASSIGNMENT((#140));
#142=STYLED_ITEM('',(#141),#139);
#143=DIRECTION('',(1.E0,0.E0,0.E0));
#144=VECTOR('',#143,2.76E-1);
#145=CARTESIAN_POINT('',(-1.25E0,0.E0,-8.75E-1));
#146=LINE('',#145,#144);
#147=CURVE_STYLE('',#36,POSITIVE_LENGTH_MEASURE(2.E-2),#28);
#148=PRESENTATION_STYLE_ASSIGNMENT((#147));
#149=STYLED_ITEM('',(#148),#146);
#150=CARTESIAN_POINT('',(-9.74E-1,0.E0,-9.99E-1));
#151=DIRECTION('',(0.E0,1.E0,0.E0));
#152=DIRECTION('',(0.E0,0.E0,1.E0));
#153=AXIS2_PLACEMENT_3D('',#150,#151,#152);
#155=CURVE_STYLE('',#36,POSITIVE_LENGTH_MEASURE(2.E-2),#28);
#156=PRESENTATION_STYLE_ASSIGNMENT((#155));
#157=STYLED_ITEM('',(#156),#154);
#158=DIRECTION('',(0.E0,0.E0,-1.E0));
#159=VECTOR('',#158,2.E-3);
#160=CARTESIAN_POINT('',(-8.5E-1,0.E0,-9.99E-1));
#161=LINE('',#160,#159);
#162=CURVE_STYLE('',#36,POSITIVE_LENGTH_MEASURE(2.E-2),#28);
#163=PRESENTATION_STYLE_ASSIGNMENT((#162));
#164=STYLED_ITEM('',(#163),#161);
#165=CARTESIAN_POINT('',(-9.74E-1,0.E0,-1.001E0));
#166=DIRECTION('',(0.E0,1.E0,0.E0));
#167=DIRECTION('',(1.E0,0.E0,0.E0));
#168=AXIS2_PLACEMENT_3D('',#165,#166,#167);
#170=CURVE_STYLE('',#36,POSITIVE_LENGTH_MEASURE(2.E-2),#28);
#171=PRESENTATION_STYLE_ASSIGNMENT((#170));
#172=STYLED_ITEM('',(#171),#169);
#173=DIRECTION('',(-1.E0,0.E0,0.E0));
#174=VECTOR('',#173,2.76E-1);
#175=CARTESIAN_POINT('',(-9.74E-1,0.E0,-1.125E0));
#176=LINE('',#175,#174);
#177=CURVE_STYLE('',#36,POSITIVE_LENGTH_MEASURE(2.E-2),#28);
#178=PRESENTATION_STYLE_ASSIGNMENT((#177));
#179=STYLED_ITEM('',(#178),#176);
#180=DIRECTION('',(0.E0,0.E0,-1.E0));
#181=VECTOR('',#180,4.5E-2);
#182=CARTESIAN_POINT('',(-1.25E0,0.E0,-1.08E0));
#183=LINE('',#182,#181);
#184=CURVE_STYLE('',#36,POSITIVE_LENGTH_MEASURE(2.E-2),#28);
#185=PRESENTATION_STYLE_ASSIGNMENT((#184));
#186=STYLED_ITEM('',(#185),#183);
#187=DIRECTION('',(1.E0,0.E0,0.E0));
#188=VECTOR('',#187,5.E-2);
#189=CARTESIAN_POINT('',(-1.25E0,0.E0,-1.08E0));
#190=LINE('',#189,#188);
#191=CURVE_STYLE('',#36,POSITIVE_LENGTH_MEASURE(2.E-2),#28);
#192=PRESENTATION_STYLE_ASSIGNMENT((#191));
#193=STYLED_ITEM('',(#192),#190);
#194=CARTESIAN_POINT('',(-1.2E0,0.E0,-1.E0));
#195=DIRECTION('',(0.E0,1.E0,0.E0));
#196=DIRECTION('',(-1.387778780781E-14,0.E0,1.E0));
#197=AXIS2_PLACEMENT_3D('',#194,#195,#196);
#199=CURVE_STYLE('',#36,POSITIVE_LENGTH_MEASURE(2.E-2),#28);
#200=PRESENTATION_STYLE_ASSIGNMENT((#199));
#201=STYLED_ITEM('',(#200),#198);
#202=DIRECTION('',(0.E0,1.E0,0.E0));
#203=VECTOR('',#202,2.E-1);
#204=CARTESIAN_POINT('',(-1.25E0,0.E0,-8.75E-1));
#205=LINE('',#204,#203);
#206=CURVE_STYLE('',#36,POSITIVE_LENGTH_MEASURE(2.E-2),#28);
#207=PRESENTATION_STYLE_ASSIGNMENT((#206));
#208=STYLED_ITEM('',(#207),#205);
#209=DIRECTION('',(0.E0,0.E0,-1.E0));
#210=VECTOR('',#209,2.5E-1);
#211=CARTESIAN_POINT('',(-1.25E0,2.E-1,-8.75E-1));
#212=LINE('',#211,#210);
#213=CURVE_STYLE('',#36,POSITIVE_LENGTH_MEASURE(2.E-2),#28);
#214=PRESENTATION_STYLE_ASSIGNMENT((#213));
#215=STYLED_ITEM('',(#214),#212);
#216=DIRECTION('',(-1.E0,0.E0,0.E0));
#217=VECTOR('',#216,2.76E-1);
#218=CARTESIAN_POINT('',(-9.74E-1,2.E-1,-1.125E0));
#219=LINE('',#218,#217);
#220=CURVE_STYLE('',#36,POSITIVE_LENGTH_MEASURE(2.E-2),#28);
#221=PRESENTATION_STYLE_ASSIGNMENT((#220));
#222=STYLED_ITEM('',(#221),#219);
#223=CARTESIAN_POINT('',(-9.74E-1,2.E-1,-1.001E0));
#224=DIRECTION('',(0.E0,1.E0,0.E0));
#225=DIRECTION('',(1.E0,0.E0,0.E0));
#226=AXIS2_PLACEMENT_3D('',#223,#224,#225);
#228=CURVE_STYLE('',#36,POSITIVE_LENGTH_MEASURE(2.E-2),#28);
#229=PRESENTATION_STYLE_ASSIGNMENT((#228));
#230=STYLED_ITEM('',(#229),#227);
#231=DIRECTION('',(0.E0,0.E0,-1.E0));
#232=VECTOR('',#231,2.E-3);
#233=CARTESIAN_POINT('',(-8.5E-1,2.E-1,-9.99E-1));
#234=LINE('',#233,#232);
#235=CURVE_STYLE('',#36,POSITIVE_LENGTH_MEASURE(2.E-2),#28);
#236=PRESENTATION_STYLE_ASSIGNMENT((#235));
#237=STYLED_ITEM('',(#236),#234);
#238=CARTESIAN_POINT('',(-9.74E-1,2.E-1,-9.99E-1));
#239=DIRECTION('',(0.E0,1.E0,0.E0));
#240=DIRECTION('',(0.E0,0.E0,1.E0));
#241=AXIS2_PLACEMENT_3D('',#238,#239,#240);
#243=CURVE_STYLE('',#36,POSITIVE_LENGTH_MEASURE(2.E-2),#28);
#244=PRESENTATION_STYLE_ASSIGNMENT((#243));
#245=STYLED_ITEM('',(#244),#242);
#246=DIRECTION('',(1.E0,0.E0,0.E0));
#247=VECTOR('',#246,2.76E-1);
#248=CARTESIAN_POINT('',(-1.25E0,2.E-1,-8.75E-1));
#249=LINE('',#248,#247);
#250=CURVE_STYLE('',#36,POSITIVE_LENGTH_MEASURE(2.E-2),#28);
#251=PRESENTATION_STYLE_ASSIGNMENT((#250));
#252=STYLED_ITEM('',(#251),#249);
#253=DIRECTION('',(0.E0,1.E0,0.E0));
#254=VECTOR('',#253,2.E-1);
#255=CARTESIAN_POINT('',(-1.25E0,0.E0,-1.125E0));
#256=LINE('',#255,#254);
#257=CURVE_STYLE('',#36,POSITIVE_LENGTH_MEASURE(2.E-2),#28);
#258=PRESENTATION_STYLE_ASSIGNMENT((#257));
#259=STYLED_ITEM('',(#258),#256);
#260=DIRECTION('',(0.E0,1.E0,0.E0));
#261=VECTOR('',#260,2.E-1);
#262=CARTESIAN_POINT('',(-9.74E-1,0.E0,-1.125E0));
#263=LINE('',#262,#261);
#264=CURVE_STYLE('',#36,POSITIVE_LENGTH_MEASURE(2.E-2),#28);
#265=PRESENTATION_STYLE_ASSIGNMENT((#264));
#266=STYLED_ITEM('',(#265),#263);
#267=DIRECTION('',(0.E0,1.E0,0.E0));
#268=VECTOR('',#267,2.E-1);
#269=CARTESIAN_POINT('',(-8.5E-1,0.E0,-1.001E0));
#270=LINE('',#269,#268);
#271=CURVE_STYLE('',#36,POSITIVE_LENGTH_MEASURE(2.E-2),#28);
#272=PRESENTATION_STYLE_ASSIGNMENT((#271));
#273=STYLED_ITEM('',(#272),#270);
#274=DIRECTION('',(0.E0,1.E0,0.E0));
#275=VECTOR('',#274,2.E-1);
#276=CARTESIAN_POINT('',(-8.5E-1,0.E0,-9.99E-1));
#277=LINE('',#276,#275);
#278=CURVE_STYLE('',#36,POSITIVE_LENGTH_MEASURE(2.E-2),#28);
#279=PRESENTATION_STYLE_ASSIGNMENT((#278));
#280=STYLED_ITEM('',(#279),#277);
#281=DIRECTION('',(0.E0,1.E0,0.E0));
#282=VECTOR('',#281,2.E-1);
#283=CARTESIAN_POINT('',(-9.74E-1,0.E0,-8.75E-1));
#284=LINE('',#283,#282);
#285=CURVE_STYLE('',#36,POSITIVE_LENGTH_MEASURE(2.E-2),#28);
#286=PRESENTATION_STYLE_ASSIGNMENT((#285));
#287=STYLED_ITEM('',(#286),#284);
#288=DIRECTION('',(-1.E0,0.E0,0.E0));
#289=VECTOR('',#288,4.999999999071E-2);
#290=CARTESIAN_POINT('',(-1.200000000009E0,3.5E-2,-1.08E0));
#291=LINE('',#290,#289);
#292=CURVE_STYLE('',#36,POSITIVE_LENGTH_MEASURE(2.E-2),#28);
#293=PRESENTATION_STYLE_ASSIGNMENT((#292));
#294=STYLED_ITEM('',(#293),#291);
#295=DIRECTION('',(-2.653623352801E-10,1.E0,0.E0));
#296=VECTOR('',#295,3.5E-2);
#297=CARTESIAN_POINT('',(-1.2E0,0.E0,-1.08E0));
#298=LINE('',#297,#296);
#299=CURVE_STYLE('',#36,POSITIVE_LENGTH_MEASURE(2.E-2),#28);
#300=PRESENTATION_STYLE_ASSIGNMENT((#299));
#301=STYLED_ITEM('',(#300),#298);
#302=CARTESIAN_POINT('',(-9.74E-1,0.E0,-8.75E-1));
#303=CARTESIAN_POINT('',(-8.5E-1,0.E0,-9.99E-1));
#304=VERTEX_POINT('',#302);
#305=VERTEX_POINT('',#303);
#306=CARTESIAN_POINT('',(-8.5E-1,0.E0,-1.001E0));
#307=VERTEX_POINT('',#306);
#308=CARTESIAN_POINT('',(-9.74E-1,0.E0,-1.125E0));
#309=VERTEX_POINT('',#308);
#310=CARTESIAN_POINT('',(-9.74E-1,2.E-1,-8.75E-1));
#311=CARTESIAN_POINT('',(-8.5E-1,2.E-1,-9.99E-1));
#312=VERTEX_POINT('',#310);
#313=VERTEX_POINT('',#311);
#314=CARTESIAN_POINT('',(-8.5E-1,2.E-1,-1.001E0));
#315=VERTEX_POINT('',#314);
#316=CARTESIAN_POINT('',(-9.74E-1,2.E-1,-1.125E0));
#317=VERTEX_POINT('',#316);
#318=CARTESIAN_POINT('',(-1.25E0,2.E-1,-8.75E-1));
#319=CARTESIAN_POINT('',(-1.25E0,2.E-1,-1.125E0));
#320=VERTEX_POINT('',#318);
#321=VERTEX_POINT('',#319);
#322=CARTESIAN_POINT('',(-1.25E0,0.E0,-8.75E-1));
#323=VERTEX_POINT('',#322);
#324=CARTESIAN_POINT('',(-1.25E0,0.E0,-1.125E0));
#325=VERTEX_POINT('',#324);
#326=CARTESIAN_POINT('',(-1.25E0,0.E0,-9.2E-1));
#327=CARTESIAN_POINT('',(-1.2E0,0.E0,-9.2E-1));
#328=VERTEX_POINT('',#326);
#329=VERTEX_POINT('',#327);
#330=CARTESIAN_POINT('',(-1.2E0,0.E0,-1.08E0));
#331=VERTEX_POINT('',#330);
#332=CARTESIAN_POINT('',(-1.25E0,0.E0,-1.08E0));
#333=VERTEX_POINT('',#332);
#334=CARTESIAN_POINT('',(-1.2E0,1.E-1,-1.015E0));
#335=CARTESIAN_POINT('',(-1.25E0,1.E-1,-1.015E0));
#336=VERTEX_POINT('',#334);
#337=VERTEX_POINT('',#335);
#338=CARTESIAN_POINT('',(-1.200000000009E0,3.5E-2,-1.08E0));
#339=CARTESIAN_POINT('',(-1.25E0,3.5E-2,-1.08E0));
#340=VERTEX_POINT('',#338);
#341=VERTEX_POINT('',#339);
#342=CARTESIAN_POINT('',(-1.2E0,1.E-1,-9.85E-1));
#343=VERTEX_POINT('',#342);
#344=CARTESIAN_POINT('',(-1.2E0,3.5E-2,-9.2E-1));
#345=VERTEX_POINT('',#344);
#346=CARTESIAN_POINT('',(-1.25E0,3.5E-2,-9.2E-1));
#347=VERTEX_POINT('',#346);
#348=CARTESIAN_POINT('',(-1.25E0,1.E-1,-9.85E-1));
#349=VERTEX_POINT('',#348);
#350=CARTESIAN_POINT('',(-4.509E0,3.5E-2,-9.85E-1));
#351=DIRECTION('',(1.E0,0.E0,0.E0));
#352=DIRECTION('',(0.E0,1.E0,0.E0));
#353=AXIS2_PLACEMENT_3D('',#350,#351,#352);
#354=CYLINDRICAL_SURFACE('',#353,6.5E-2);
#356=ORIENTED_EDGE('',*,*,#355,.T.);
#358=ORIENTED_EDGE('',*,*,#357,.F.);
#360=ORIENTED_EDGE('',*,*,#359,.F.);
#362=ORIENTED_EDGE('',*,*,#361,.T.);
#363=EDGE_LOOP('',(#356,#358,#360,#362));
#364=FACE_OUTER_BOUND('',#363,.F.);
#365=ADVANCED_FACE('',(#364),#354,.F.);
#366=CARTESIAN_POINT('',(-1.25E0,0.E0,-9.2E-1));
#367=DIRECTION('',(0.E0,0.E0,1.E0));
#368=DIRECTION('',(1.E0,0.E0,0.E0));
#369=AXIS2_PLACEMENT_3D('',#366,#367,#368);
#370=PLANE('',#369);
#371=ORIENTED_EDGE('',*,*,#355,.F.);
#373=ORIENTED_EDGE('',*,*,#372,.F.);
#375=ORIENTED_EDGE('',*,*,#374,.T.);
#377=ORIENTED_EDGE('',*,*,#376,.T.);
#378=EDGE_LOOP('',(#371,#373,#375,#377));
#379=FACE_OUTER_BOUND('',#378,.F.);
#380=ADVANCED_FACE('',(#379),#370,.F.);
#381=CARTESIAN_POINT('',(-1.25E0,0.E0,1.5E0));
#382=DIRECTION('',(1.E0,0.E0,0.E0));
#383=DIRECTION('',(0.E0,0.E0,-1.E0));
#384=AXIS2_PLACEMENT_3D('',#381,#382,#383);
#385=PLANE('',#384);
#386=ORIENTED_EDGE('',*,*,#372,.T.);
#387=ORIENTED_EDGE('',*,*,#361,.F.);
#389=ORIENTED_EDGE('',*,*,#388,.T.);
#391=ORIENTED_EDGE('',*,*,#390,.F.);
#393=ORIENTED_EDGE('',*,*,#392,.F.);
#395=ORIENTED_EDGE('',*,*,#394,.T.);
#397=ORIENTED_EDGE('',*,*,#396,.T.);
#399=ORIENTED_EDGE('',*,*,#398,.F.);
#401=ORIENTED_EDGE('',*,*,#400,.F.);
#403=ORIENTED_EDGE('',*,*,#402,.T.);
#404=EDGE_LOOP('',(#386,#387,#389,#391,#393,#395,#397,#399,#401,#403));
#405=FACE_OUTER_BOUND('',#404,.F.);
#406=ADVANCED_FACE('',(#405),#385,.F.);
#407=FILL_AREA_STYLE_COLOUR('',#29);
#408=FILL_AREA_STYLE('',(#407));
#409=SURFACE_STYLE_FILL_AREA(#408);
#410=SURFACE_SIDE_STYLE('',(#409));
#411=SURFACE_STYLE_USAGE(.POSITIVE.,#410);
#412=FILL_AREA_STYLE_COLOUR('',#28);
#413=FILL_AREA_STYLE('',(#412));
#414=SURFACE_STYLE_FILL_AREA(#413);
#415=SURFACE_SIDE_STYLE('',(#414));
#416=SURFACE_STYLE_USAGE(.NEGATIVE.,#415);
#417=PRESENTATION_STYLE_ASSIGNMENT((#411,#416));
#418=OVER_RIDING_STYLED_ITEM('',(#417),#406,#30);
#419=CARTESIAN_POINT('',(0.E0,1.E-1,0.E0));
#420=DIRECTION('',(0.E0,1.E0,0.E0));
#421=DIRECTION('',(1.E0,0.E0,0.E0));
#422=AXIS2_PLACEMENT_3D('',#419,#420,#421);
#423=PLANE('',#422);
#425=ORIENTED_EDGE('',*,*,#424,.T.);
#426=ORIENTED_EDGE('',*,*,#388,.F.);
#427=ORIENTED_EDGE('',*,*,#359,.T.);
#429=ORIENTED_EDGE('',*,*,#428,.T.);
#430=EDGE_LOOP('',(#425,#426,#427,#429));
#431=FACE_OUTER_BOUND('',#430,.F.);
#432=ADVANCED_FACE('',(#431),#423,.F.);
#433=CARTESIAN_POINT('',(-1.197314511898E0,3.5E-2,-1.015E0));
#434=DIRECTION('',(-1.E0,0.E0,0.E0));
#435=DIRECTION('',(0.E0,1.E0,0.E0));
#436=AXIS2_PLACEMENT_3D('',#433,#434,#435);
#437=CYLINDRICAL_SURFACE('',#436,6.5E-2);
#438=ORIENTED_EDGE('',*,*,#424,.F.);
#440=ORIENTED_EDGE('',*,*,#439,.T.);
#442=ORIENTED_EDGE('',*,*,#441,.T.);
#443=ORIENTED_EDGE('',*,*,#390,.T.);
#444=EDGE_LOOP('',(#438,#440,#442,#443));
#445=FACE_OUTER_BOUND('',#444,.F.);
#446=ADVANCED_FACE('',(#445),#437,.F.);
#447=CARTESIAN_POINT('',(-1.211136716841E0,3.290453394266E-2,
-9.208130756124E-1));
#448=CARTESIAN_POINT('',(-1.211316540298E0,7.293610489708E-2,
-9.195344522353E-1));
#449=CARTESIAN_POINT('',(-1.207372293598E0,1.012574209620E-1,
-9.475797702334E-1));
#450=CARTESIAN_POINT('',(-1.201797185742E0,9.996621446569E-2,
-9.872212238581E-1));
#451=CARTESIAN_POINT('',(-1.159437385280E0,3.290453394266E-2,
-9.135421679349E-1));
#452=CARTESIAN_POINT('',(-1.158782424782E0,7.293610489708E-2,
-9.121461419361E-1));
#453=CARTESIAN_POINT('',(-1.173148324676E0,1.012574209620E-1,
-9.427665683820E-1));
#454=CARTESIAN_POINT('',(-1.193454215109E0,9.996621446569E-2,
-9.860478823970E-1));
#455=CARTESIAN_POINT('',(-1.120033785532E0,3.290453394266E-2,
-9.477918877764E-1));
#456=CARTESIAN_POINT('',(-1.118742579035E0,7.293610489708E-2,
-9.469488885910E-1));
#457=CARTESIAN_POINT('',(-1.147063895101E0,1.012574209620E-1,
-9.654392280088E-1));
#458=CARTESIAN_POINT('',(-1.187095466057E0,9.996621446569E-2,
-9.915749249758E-1));
#459=CARTESIAN_POINT('',(-1.120033785534E0,3.290453394266E-2,
-1.000000000004E0));
#460=CARTESIAN_POINT('',(-1.118742579038E0,7.293610489708E-2,
-1.000000000004E0));
#461=CARTESIAN_POINT('',(-1.147063895103E0,1.012574209620E-1,
-1.000000000003E0));
#462=CARTESIAN_POINT('',(-1.187095466057E0,9.996621446569E-2,
-1.000000000001E0));
#463=CARTESIAN_POINT('',(-1.120033785537E0,3.290453394266E-2,
-1.052208112231E0));
#464=CARTESIAN_POINT('',(-1.118742579041E0,7.293610489708E-2,
-1.053051111417E0));
#465=CARTESIAN_POINT('',(-1.147063895105E0,1.012574209620E-1,
-1.034560771996E0));
#466=CARTESIAN_POINT('',(-1.187095466058E0,9.996621446569E-2,
-1.008425075025E0));
#467=CARTESIAN_POINT('',(-1.159437385288E0,3.290453394266E-2,
-1.086457832069E0));
#468=CARTESIAN_POINT('',(-1.158782424791E0,7.293610489708E-2,
-1.087853858068E0));
#469=CARTESIAN_POINT('',(-1.173148324682E0,1.012574209620E-1,
-1.057233431621E0));
#470=CARTESIAN_POINT('',(-1.193454215110E0,9.996621446569E-2,
-1.013952117604E0));
#471=CARTESIAN_POINT('',(-1.211136716849E0,3.290453394266E-2,
-1.079186924387E0));
#472=CARTESIAN_POINT('',(-1.211316540306E0,7.293610489708E-2,
-1.080465547764E0));
#473=CARTESIAN_POINT('',(-1.207372293603E0,1.012574209620E-1,
-1.052420229766E0));
#474=CARTESIAN_POINT('',(-1.201797185743E0,9.996621446569E-2,
-1.012778776142E0));
#475=(BOUNDED_SURFACE()B_SPLINE_SURFACE(3,3,((#447,#448,#449,#450),(#451,#452,
#453,#454),(#455,#456,#457,#458),(#459,#460,#461,#462),(#463,#464,#465,#466),(
#467,#468,#469,#470),(#471,#472,#473,#474)),.UNSPECIFIED.,.F.,.F.,.F.)B_SPLINE_SURFACE_WITH_KNOTS((4,3,4),(4,4),(0.E0,1.E0,2.E0),(0.E0,1.E0),.UNSPECIFIED.)GEOMETRIC_REPRESENTATION_ITEM()RATIONAL_B_SPLINE_SURFACE(((1.434386219132E0,
1.132154901202E0,1.132154901202E0,1.434386219132E0),(1.105455593096E0,
8.725313664418E-1,8.725313664418E-1,1.105455593096E0),(1.105455593096E0,
8.725313664418E-1,8.725313664418E-1,1.105455593096E0),(1.434386219132E0,
1.132154901202E0,1.132154901202E0,1.434386219132E0),(1.105455593096E0,
8.725313664418E-1,8.725313664418E-1,1.105455593096E0),(1.105455593096E0,
8.725313664418E-1,8.725313664418E-1,1.105455593096E0),(1.434386219132E0,
1.132154901202E0,1.132154901202E0,1.434386219132E0)))REPRESENTATION_ITEM('')SURFACE());
#476=ORIENTED_EDGE('',*,*,#428,.F.);
#477=ORIENTED_EDGE('',*,*,#357,.T.);
#479=ORIENTED_EDGE('',*,*,#478,.T.);
#480=ORIENTED_EDGE('',*,*,#439,.F.);
#481=EDGE_LOOP('',(#476,#477,#479,#480));
#482=FACE_OUTER_BOUND('',#481,.F.);
#483=ADVANCED_FACE('',(#482),#475,.F.);
#484=CARTESIAN_POINT('',(-1.2E0,0.E0,-1.E0));
#485=DIRECTION('',(0.E0,1.E0,0.E0));
#486=DIRECTION('',(1.E0,0.E0,0.E0));
#487=AXIS2_PLACEMENT_3D('',#484,#485,#486);
#488=CYLINDRICAL_SURFACE('',#487,8.E-2);
#489=ORIENTED_EDGE('',*,*,#478,.F.);
#490=ORIENTED_EDGE('',*,*,#376,.F.);
#492=ORIENTED_EDGE('',*,*,#491,.T.);
#494=ORIENTED_EDGE('',*,*,#493,.T.);
#495=EDGE_LOOP('',(#489,#490,#492,#494));
#496=FACE_OUTER_BOUND('',#495,.F.);
#497=ADVANCED_FACE('',(#496),#488,.F.);
#498=CARTESIAN_POINT('',(0.E0,0.E0,0.E0));
#499=DIRECTION('',(0.E0,1.E0,0.E0));
#500=DIRECTION('',(1.E0,0.E0,0.E0));
#501=AXIS2_PLACEMENT_3D('',#498,#499,#500);
#502=PLANE('',#501);
#503=ORIENTED_EDGE('',*,*,#374,.F.);
#504=ORIENTED_EDGE('',*,*,#402,.F.);
#506=ORIENTED_EDGE('',*,*,#505,.T.);
#508=ORIENTED_EDGE('',*,*,#507,.T.);
#510=ORIENTED_EDGE('',*,*,#509,.T.);
#512=ORIENTED_EDGE('',*,*,#511,.T.);
#514=ORIENTED_EDGE('',*,*,#513,.T.);
#515=ORIENTED_EDGE('',*,*,#394,.F.);
#517=ORIENTED_EDGE('',*,*,#516,.T.);
#518=ORIENTED_EDGE('',*,*,#491,.F.);
#519=EDGE_LOOP('',(#503,#504,#506,#508,#510,#512,#514,#515,#517,#518));
#520=FACE_OUTER_BOUND('',#519,.F.);
#521=ADVANCED_FACE('',(#520),#502,.F.);
#522=CARTESIAN_POINT('',(-1.35E0,0.E0,-8.75E-1));
#523=DIRECTION('',(0.E0,0.E0,1.E0));
#524=DIRECTION('',(1.E0,0.E0,0.E0));
#525=AXIS2_PLACEMENT_3D('',#522,#523,#524);
#526=PLANE('',#525);
#527=ORIENTED_EDGE('',*,*,#400,.T.);
#529=ORIENTED_EDGE('',*,*,#528,.T.);
#531=ORIENTED_EDGE('',*,*,#530,.F.);
#532=ORIENTED_EDGE('',*,*,#505,.F.);
#533=EDGE_LOOP('',(#527,#529,#531,#532));
#534=FACE_OUTER_BOUND('',#533,.F.);
#535=ADVANCED_FACE('',(#534),#526,.T.);
#536=CARTESIAN_POINT('',(0.E0,2.E-1,0.E0));
#537=DIRECTION('',(0.E0,1.E0,0.E0));
#538=DIRECTION('',(1.E0,0.E0,0.E0));
#539=AXIS2_PLACEMENT_3D('',#536,#537,#538);
#540=PLANE('',#539);
#541=ORIENTED_EDGE('',*,*,#398,.T.);
#543=ORIENTED_EDGE('',*,*,#542,.F.);
#545=ORIENTED_EDGE('',*,*,#544,.F.);
#547=ORIENTED_EDGE('',*,*,#546,.F.);
#549=ORIENTED_EDGE('',*,*,#548,.F.);
#550=ORIENTED_EDGE('',*,*,#528,.F.);
#551=EDGE_LOOP('',(#541,#543,#545,#547,#549,#550));
#552=FACE_OUTER_BOUND('',#551,.F.);
#553=ADVANCED_FACE('',(#552),#540,.T.);
#554=CARTESIAN_POINT('',(-9.74E-1,0.E0,-1.125E0));
#555=DIRECTION('',(0.E0,0.E0,-1.E0));
#556=DIRECTION('',(-1.E0,0.E0,0.E0));
#557=AXIS2_PLACEMENT_3D('',#554,#555,#556);
#558=PLANE('',#557);
#559=ORIENTED_EDGE('',*,*,#396,.F.);
#560=ORIENTED_EDGE('',*,*,#513,.F.);
#562=ORIENTED_EDGE('',*,*,#561,.T.);
#563=ORIENTED_EDGE('',*,*,#542,.T.);
#564=EDGE_LOOP('',(#559,#560,#562,#563));
#565=FACE_OUTER_BOUND('',#564,.F.);
#566=ADVANCED_FACE('',(#565),#558,.T.);
#567=CARTESIAN_POINT('',(-9.74E-1,0.E0,-1.001E0));
#568=DIRECTION('',(0.E0,1.E0,0.E0));
#569=DIRECTION('',(1.E0,0.E0,0.E0));
#570=AXIS2_PLACEMENT_3D('',#567,#568,#569);
#571=CYLINDRICAL_SURFACE('',#570,1.24E-1);
#572=ORIENTED_EDGE('',*,*,#511,.F.);
#574=ORIENTED_EDGE('',*,*,#573,.T.);
#575=ORIENTED_EDGE('',*,*,#544,.T.);
#576=ORIENTED_EDGE('',*,*,#561,.F.);
#577=EDGE_LOOP('',(#572,#574,#575,#576));
#578=FACE_OUTER_BOUND('',#577,.F.);
#579=ADVANCED_FACE('',(#578),#571,.T.);
#580=CARTESIAN_POINT('',(-8.5E-1,0.E0,-9.99E-1));
#581=DIRECTION('',(1.E0,0.E0,0.E0));
#582=DIRECTION('',(0.E0,0.E0,-1.E0));
#583=AXIS2_PLACEMENT_3D('',#580,#581,#582);
#584=PLANE('',#583);
#585=ORIENTED_EDGE('',*,*,#509,.F.);
#587=ORIENTED_EDGE('',*,*,#586,.T.);
#588=ORIENTED_EDGE('',*,*,#546,.T.);
#589=ORIENTED_EDGE('',*,*,#573,.F.);
#590=EDGE_LOOP('',(#585,#587,#588,#589));
#591=FACE_OUTER_BOUND('',#590,.F.);
#592=ADVANCED_FACE('',(#591),#584,.T.);
#593=CARTESIAN_POINT('',(-9.74E-1,0.E0,-9.99E-1));
#594=DIRECTION('',(0.E0,1.E0,0.E0));
#595=DIRECTION('',(1.E0,0.E0,0.E0));
#596=AXIS2_PLACEMENT_3D('',#593,#594,#595);
#597=CYLINDRICAL_SURFACE('',#596,1.24E-1);
#598=ORIENTED_EDGE('',*,*,#507,.F.);
#599=ORIENTED_EDGE('',*,*,#530,.T.);
#600=ORIENTED_EDGE('',*,*,#548,.T.);
#601=ORIENTED_EDGE('',*,*,#586,.F.);
#602=EDGE_LOOP('',(#598,#599,#600,#601));
#603=FACE_OUTER_BOUND('',#602,.F.);
#604=ADVANCED_FACE('',(#603),#597,.T.);
#605=CARTESIAN_POINT('',(-1.2E0,0.E0,-1.08E0));
#606=DIRECTION('',(0.E0,0.E0,-1.E0));
#607=DIRECTION('',(-1.E0,0.E0,0.E0));
#608=AXIS2_PLACEMENT_3D('',#605,#606,#607);
#609=PLANE('',#608);
#610=ORIENTED_EDGE('',*,*,#441,.F.);
#611=ORIENTED_EDGE('',*,*,#493,.F.);
#612=ORIENTED_EDGE('',*,*,#516,.F.);
#613=ORIENTED_EDGE('',*,*,#392,.T.);
#614=EDGE_LOOP('',(#610,#611,#612,#613));
#615=FACE_OUTER_BOUND('',#614,.F.);
#616=ADVANCED_FACE('',(#615),#609,.F.);
#617=CLOSED_SHELL('',(#365,#380,#406,#432,#446,#483,#497,#521,#535,#553,#566,
#579,#592,#604,#616));
#618=MANIFOLD_SOLID_BREP('',#617);
#619=FILL_AREA_STYLE_COLOUR('',#28);
#620=FILL_AREA_STYLE('',(#619));
#621=SURFACE_STYLE_FILL_AREA(#620);
#622=SURFACE_SIDE_STYLE('',(#621));
#623=SURFACE_STYLE_USAGE(.BOTH.,#622);
#624=PRESENTATION_STYLE_ASSIGNMENT((#623));
#30=STYLED_ITEM('',(#624),#618);
#626=CARTESIAN_POINT('',(-1.25E0,3.5E-2,-4.85E-1));
#627=DIRECTION('',(1.E0,0.E0,0.E0));
#628=DIRECTION('',(0.E0,1.E0,0.E0));
#629=AXIS2_PLACEMENT_3D('',#626,#627,#628);
#631=CURVE_STYLE('',#36,POSITIVE_LENGTH_MEASURE(2.E-2),#28);
#632=PRESENTATION_STYLE_ASSIGNMENT((#631));
#633=STYLED_ITEM('',(#632),#630);
#634=DIRECTION('',(1.E0,0.E0,0.E0));
#635=VECTOR('',#634,4.999999999726E-2);
#636=CARTESIAN_POINT('',(-1.25E0,3.5E-2,-4.2E-1));
#637=LINE('',#636,#635);
#638=CURVE_STYLE('',#36,POSITIVE_LENGTH_MEASURE(2.E-2),#28);
#639=PRESENTATION_STYLE_ASSIGNMENT((#638));
#640=STYLED_ITEM('',(#639),#637);
#641=DIRECTION('',(0.E0,1.E0,0.E0));
#642=VECTOR('',#641,3.5E-2);
#643=CARTESIAN_POINT('',(-1.25E0,0.E0,-4.2E-1));
#644=LINE('',#643,#642);
#645=CURVE_STYLE('',#36,POSITIVE_LENGTH_MEASURE(2.E-2),#28);
#646=PRESENTATION_STYLE_ASSIGNMENT((#645));
#647=STYLED_ITEM('',(#646),#644);
#648=DIRECTION('',(0.E0,0.E0,-1.E0));
#649=VECTOR('',#648,3.E-2);
#650=CARTESIAN_POINT('',(-1.25E0,1.E-1,-4.85E-1));
#651=LINE('',#650,#649);
#652=CURVE_STYLE('',#36,POSITIVE_LENGTH_MEASURE(2.E-2),#28);
#653=PRESENTATION_STYLE_ASSIGNMENT((#652));
#654=STYLED_ITEM('',(#653),#651);
#655=DIRECTION('',(0.E0,1.E0,0.E0));
#656=VECTOR('',#655,3.5E-2);
#657=CARTESIAN_POINT('',(-1.25E0,0.E0,-5.8E-1));
#658=LINE('',#657,#656);
#659=CURVE_STYLE('',#36,POSITIVE_LENGTH_MEASURE(2.E-2),#28);
#660=PRESENTATION_STYLE_ASSIGNMENT((#659));
#661=STYLED_ITEM('',(#660),#658);
#662=DIRECTION('',(-1.E0,0.E0,0.E0));
#663=VECTOR('',#662,5.E-2);
#664=CARTESIAN_POINT('',(-1.2E0,1.E-1,-5.15E-1));
#665=LINE('',#664,#663);
#666=CURVE_STYLE('',#36,POSITIVE_LENGTH_MEASURE(2.E-2),#28);
#667=PRESENTATION_STYLE_ASSIGNMENT((#666));
#668=STYLED_ITEM('',(#667),#665);
#669=DIRECTION('',(1.E0,0.E0,0.E0));
#670=VECTOR('',#669,5.E-2);
#671=CARTESIAN_POINT('',(-1.25E0,1.E-1,-4.85E-1));
#672=LINE('',#671,#670);
#673=CURVE_STYLE('',#36,POSITIVE_LENGTH_MEASURE(2.E-2),#28);
#674=PRESENTATION_STYLE_ASSIGNMENT((#673));
#675=STYLED_ITEM('',(#674),#672);
#676=CARTESIAN_POINT('',(-1.2E0,1.E-1,-5.E-1));
#677=DIRECTION('',(0.E0,1.E0,0.E0));
#678=DIRECTION('',(0.E0,0.E0,1.E0));
#679=AXIS2_PLACEMENT_3D('',#676,#677,#678);
#681=CURVE_STYLE('',#36,POSITIVE_LENGTH_MEASURE(2.E-2),#28);
#682=PRESENTATION_STYLE_ASSIGNMENT((#681));
#683=STYLED_ITEM('',(#682),#680);
#684=CARTESIAN_POINT('',(-1.2E0,3.5E-2,-5.15E-1));
#685=DIRECTION('',(-1.E0,0.E0,0.E0));
#686=DIRECTION('',(0.E0,1.E0,0.E0));
#687=AXIS2_PLACEMENT_3D('',#684,#685,#686);
#689=CURVE_STYLE('',#36,POSITIVE_LENGTH_MEASURE(2.E-2),#28);
#690=PRESENTATION_STYLE_ASSIGNMENT((#689));
#691=STYLED_ITEM('',(#690),#688);
#692=CARTESIAN_POINT('',(-1.25E0,3.5E-2,-5.15E-1));
#693=DIRECTION('',(1.E0,0.E0,0.E0));
#694=DIRECTION('',(0.E0,0.E0,-1.E0));
#695=AXIS2_PLACEMENT_3D('',#692,#693,#694);
#697=CURVE_STYLE('',#36,POSITIVE_LENGTH_MEASURE(2.E-2),#28);
#698=PRESENTATION_STYLE_ASSIGNMENT((#697));
#699=STYLED_ITEM('',(#698),#696);
#700=CARTESIAN_POINT('',(-1.2E0,3.5E-2,-4.85E-1));
#701=DIRECTION('',(1.E0,0.E0,0.E0));
#702=DIRECTION('',(0.E0,1.E0,0.E0));
#703=AXIS2_PLACEMENT_3D('',#700,#701,#702);
#705=CURVE_STYLE('',#36,POSITIVE_LENGTH_MEASURE(2.E-2),#28);
#706=PRESENTATION_STYLE_ASSIGNMENT((#705));
#707=STYLED_ITEM('',(#706),#704);
#708=CARTESIAN_POINT('',(-1.2E0,3.5E-2,-5.E-1));
#709=DIRECTION('',(0.E0,1.E0,0.E0));
#710=DIRECTION('',(0.E0,0.E0,1.E0));
#711=AXIS2_PLACEMENT_3D('',#708,#709,#710);
#713=CURVE_STYLE('',#36,POSITIVE_LENGTH_MEASURE(2.E-2),#28);
#714=PRESENTATION_STYLE_ASSIGNMENT((#713));
#715=STYLED_ITEM('',(#714),#712);
#716=DIRECTION('',(-7.819776572303E-11,1.E0,0.E0));
#717=VECTOR('',#716,3.5E-2);
#718=CARTESIAN_POINT('',(-1.2E0,0.E0,-4.2E-1));
#719=LINE('',#718,#717);
#720=CURVE_STYLE('',#36,POSITIVE_LENGTH_MEASURE(2.E-2),#28);
#721=PRESENTATION_STYLE_ASSIGNMENT((#720));
#722=STYLED_ITEM('',(#721),#719);
#723=DIRECTION('',(1.E0,0.E0,0.E0));
#724=VECTOR('',#723,5.E-2);
#725=CARTESIAN_POINT('',(-1.25E0,0.E0,-4.2E-1));
#726=LINE('',#725,#724);
#727=CURVE_STYLE('',#36,POSITIVE_LENGTH_MEASURE(2.E-2),#28);
#728=PRESENTATION_STYLE_ASSIGNMENT((#727));
#729=STYLED_ITEM('',(#728),#726);
#730=DIRECTION('',(0.E0,0.E0,-1.E0));
#731=VECTOR('',#730,4.5E-2);
#732=CARTESIAN_POINT('',(-1.25E0,0.E0,-3.75E-1));
#733=LINE('',#732,#731);
#734=CURVE_STYLE('',#36,POSITIVE_LENGTH_MEASURE(2.E-2),#28);
#735=PRESENTATION_STYLE_ASSIGNMENT((#734));
#736=STYLED_ITEM('',(#735),#733);
#737=DIRECTION('',(1.E0,0.E0,0.E0));
#738=VECTOR('',#737,2.76E-1);
#739=CARTESIAN_POINT('',(-1.25E0,0.E0,-3.75E-1));
#740=LINE('',#739,#738);
#741=CURVE_STYLE('',#36,POSITIVE_LENGTH_MEASURE(2.E-2),#28);
#742=PRESENTATION_STYLE_ASSIGNMENT((#741));
#743=STYLED_ITEM('',(#742),#740);
#744=CARTESIAN_POINT('',(-9.74E-1,0.E0,-4.99E-1));
#745=DIRECTION('',(0.E0,1.E0,0.E0));
#746=DIRECTION('',(0.E0,0.E0,1.E0));
#747=AXIS2_PLACEMENT_3D('',#744,#745,#746);
#749=CURVE_STYLE('',#36,POSITIVE_LENGTH_MEASURE(2.E-2),#28);
#750=PRESENTATION_STYLE_ASSIGNMENT((#749));
#751=STYLED_ITEM('',(#750),#748);
#752=DIRECTION('',(0.E0,0.E0,-1.E0));
#753=VECTOR('',#752,2.E-3);
#754=CARTESIAN_POINT('',(-8.5E-1,0.E0,-4.99E-1));
#755=LINE('',#754,#753);
#756=CURVE_STYLE('',#36,POSITIVE_LENGTH_MEASURE(2.E-2),#28);
#757=PRESENTATION_STYLE_ASSIGNMENT((#756));
#758=STYLED_ITEM('',(#757),#755);
#759=CARTESIAN_POINT('',(-9.74E-1,0.E0,-5.01E-1));
#760=DIRECTION('',(0.E0,1.E0,0.E0));
#761=DIRECTION('',(1.E0,0.E0,0.E0));
#762=AXIS2_PLACEMENT_3D('',#759,#760,#761);
#764=CURVE_STYLE('',#36,POSITIVE_LENGTH_MEASURE(2.E-2),#28);
#765=PRESENTATION_STYLE_ASSIGNMENT((#764));
#766=STYLED_ITEM('',(#765),#763);
#767=DIRECTION('',(-1.E0,0.E0,0.E0));
#768=VECTOR('',#767,2.76E-1);
#769=CARTESIAN_POINT('',(-9.74E-1,0.E0,-6.25E-1));
#770=LINE('',#769,#768);
#771=CURVE_STYLE('',#36,POSITIVE_LENGTH_MEASURE(2.E-2),#28);
#772=PRESENTATION_STYLE_ASSIGNMENT((#771));
#773=STYLED_ITEM('',(#772),#770);
#774=DIRECTION('',(0.E0,0.E0,-1.E0));
#775=VECTOR('',#774,4.5E-2);
#776=CARTESIAN_POINT('',(-1.25E0,0.E0,-5.8E-1));
#777=LINE('',#776,#775);
#778=CURVE_STYLE('',#36,POSITIVE_LENGTH_MEASURE(2.E-2),#28);
#779=PRESENTATION_STYLE_ASSIGNMENT((#778));
#780=STYLED_ITEM('',(#779),#777);
#781=DIRECTION('',(1.E0,0.E0,0.E0));
#782=VECTOR('',#781,5.E-2);
#783=CARTESIAN_POINT('',(-1.25E0,0.E0,-5.8E-1));
#784=LINE('',#783,#782);
#785=CURVE_STYLE('',#36,POSITIVE_LENGTH_MEASURE(2.E-2),#28);
#786=PRESENTATION_STYLE_ASSIGNMENT((#785));
#787=STYLED_ITEM('',(#786),#784);
#788=CARTESIAN_POINT('',(-1.2E0,0.E0,-5.E-1));
#789=DIRECTION('',(0.E0,1.E0,0.E0));
#790=DIRECTION('',(-1.387778780781E-14,0.E0,1.E0));
#791=AXIS2_PLACEMENT_3D('',#788,#789,#790);
#793=CURVE_STYLE('',#36,POSITIVE_LENGTH_MEASURE(2.E-2),#28);
#794=PRESENTATION_STYLE_ASSIGNMENT((#793));
#795=STYLED_ITEM('',(#794),#792);
#796=DIRECTION('',(0.E0,1.E0,0.E0));
#797=VECTOR('',#796,2.E-1);
#798=CARTESIAN_POINT('',(-1.25E0,0.E0,-3.75E-1));
#799=LINE('',#798,#797);
#800=CURVE_STYLE('',#36,POSITIVE_LENGTH_MEASURE(2.E-2),#28);
#801=PRESENTATION_STYLE_ASSIGNMENT((#800));
#802=STYLED_ITEM('',(#801),#799);
#803=DIRECTION('',(0.E0,0.E0,-1.E0));
#804=VECTOR('',#803,2.5E-1);
#805=CARTESIAN_POINT('',(-1.25E0,2.E-1,-3.75E-1));
#806=LINE('',#805,#804);
#807=CURVE_STYLE('',#36,POSITIVE_LENGTH_MEASURE(2.E-2),#28);
#808=PRESENTATION_STYLE_ASSIGNMENT((#807));
#809=STYLED_ITEM('',(#808),#806);
#810=DIRECTION('',(-1.E0,0.E0,0.E0));
#811=VECTOR('',#810,2.76E-1);
#812=CARTESIAN_POINT('',(-9.74E-1,2.E-1,-6.25E-1));
#813=LINE('',#812,#811);
#814=CURVE_STYLE('',#36,POSITIVE_LENGTH_MEASURE(2.E-2),#28);
#815=PRESENTATION_STYLE_ASSIGNMENT((#814));
#816=STYLED_ITEM('',(#815),#813);
#817=CARTESIAN_POINT('',(-9.74E-1,2.E-1,-5.01E-1));
#818=DIRECTION('',(0.E0,1.E0,0.E0));
#819=DIRECTION('',(1.E0,0.E0,0.E0));
#820=AXIS2_PLACEMENT_3D('',#817,#818,#819);
#822=CURVE_STYLE('',#36,POSITIVE_LENGTH_MEASURE(2.E-2),#28);
#823=PRESENTATION_STYLE_ASSIGNMENT((#822));
#824=STYLED_ITEM('',(#823),#821);
#825=DIRECTION('',(0.E0,0.E0,-1.E0));
#826=VECTOR('',#825,2.E-3);
#827=CARTESIAN_POINT('',(-8.5E-1,2.E-1,-4.99E-1));
#828=LINE('',#827,#826);
#829=CURVE_STYLE('',#36,POSITIVE_LENGTH_MEASURE(2.E-2),#28);
#830=PRESENTATION_STYLE_ASSIGNMENT((#829));
#831=STYLED_ITEM('',(#830),#828);
#832=CARTESIAN_POINT('',(-9.74E-1,2.E-1,-4.99E-1));
#833=DIRECTION('',(0.E0,1.E0,0.E0));
#834=DIRECTION('',(0.E0,0.E0,1.E0));
#835=AXIS2_PLACEMENT_3D('',#832,#833,#834);
#837=CURVE_STYLE('',#36,POSITIVE_LENGTH_MEASURE(2.E-2),#28);
#838=PRESENTATION_STYLE_ASSIGNMENT((#837));
#839=STYLED_ITEM('',(#838),#836);
#840=DIRECTION('',(1.E0,0.E0,0.E0));
#841=VECTOR('',#840,2.76E-1);
#842=CARTESIAN_POINT('',(-1.25E0,2.E-1,-3.75E-1));
#843=LINE('',#842,#841);
#844=CURVE_STYLE('',#36,POSITIVE_LENGTH_MEASURE(2.E-2),#28);
#845=PRESENTATION_STYLE_ASSIGNMENT((#844));
#846=STYLED_ITEM('',(#845),#843);
#847=DIRECTION('',(0.E0,1.E0,0.E0));
#848=VECTOR('',#847,2.E-1);
#849=CARTESIAN_POINT('',(-1.25E0,0.E0,-6.25E-1));
#850=LINE('',#849,#848);
#851=CURVE_STYLE('',#36,POSITIVE_LENGTH_MEASURE(2.E-2),#28);
#852=PRESENTATION_STYLE_ASSIGNMENT((#851));
#853=STYLED_ITEM('',(#852),#850);
#854=DIRECTION('',(0.E0,1.E0,0.E0));
#855=VECTOR('',#854,2.E-1);
#856=CARTESIAN_POINT('',(-9.74E-1,0.E0,-6.25E-1));
#857=LINE('',#856,#855);
#858=CURVE_STYLE('',#36,POSITIVE_LENGTH_MEASURE(2.E-2),#28);
#859=PRESENTATION_STYLE_ASSIGNMENT((#858));
#860=STYLED_ITEM('',(#859),#857);
#861=DIRECTION('',(0.E0,1.E0,0.E0));
#862=VECTOR('',#861,2.E-1);
#863=CARTESIAN_POINT('',(-8.5E-1,0.E0,-5.01E-1));
#864=LINE('',#863,#862);
#865=CURVE_STYLE('',#36,POSITIVE_LENGTH_MEASURE(2.E-2),#28);
#866=PRESENTATION_STYLE_ASSIGNMENT((#865));
#867=STYLED_ITEM('',(#866),#864);
#868=DIRECTION('',(0.E0,1.E0,0.E0));
#869=VECTOR('',#868,2.E-1);
#870=CARTESIAN_POINT('',(-8.5E-1,0.E0,-4.99E-1));
#871=LINE('',#870,#869);
#872=CURVE_STYLE('',#36,POSITIVE_LENGTH_MEASURE(2.E-2),#28);
#873=PRESENTATION_STYLE_ASSIGNMENT((#872));
#874=STYLED_ITEM('',(#873),#871);
#875=DIRECTION('',(0.E0,1.E0,0.E0));
#876=VECTOR('',#875,2.E-1);
#877=CARTESIAN_POINT('',(-9.74E-1,0.E0,-3.75E-1));
#878=LINE('',#877,#876);
#879=CURVE_STYLE('',#36,POSITIVE_LENGTH_MEASURE(2.E-2),#28);
#880=PRESENTATION_STYLE_ASSIGNMENT((#879));
#881=STYLED_ITEM('',(#880),#878);
#882=DIRECTION('',(-1.E0,0.E0,0.E0));
#883=VECTOR('',#882,4.999999999071E-2);
#884=CARTESIAN_POINT('',(-1.200000000009E0,3.5E-2,-5.8E-1));
#885=LINE('',#884,#883);
#886=CURVE_STYLE('',#36,POSITIVE_LENGTH_MEASURE(2.E-2),#28);
#887=PRESENTATION_STYLE_ASSIGNMENT((#886));
#888=STYLED_ITEM('',(#887),#885);
#889=DIRECTION('',(-2.653623352801E-10,1.E0,0.E0));
#890=VECTOR('',#889,3.5E-2);
#891=CARTESIAN_POINT('',(-1.2E0,0.E0,-5.8E-1));
#892=LINE('',#891,#890);
#893=CURVE_STYLE('',#36,POSITIVE_LENGTH_MEASURE(2.E-2),#28);
#894=PRESENTATION_STYLE_ASSIGNMENT((#893));
#895=STYLED_ITEM('',(#894),#892);
#896=CARTESIAN_POINT('',(-9.74E-1,0.E0,-3.75E-1));
#897=CARTESIAN_POINT('',(-8.5E-1,0.E0,-4.99E-1));
#898=VERTEX_POINT('',#896);
#899=VERTEX_POINT('',#897);
#900=CARTESIAN_POINT('',(-8.5E-1,0.E0,-5.01E-1));
#901=VERTEX_POINT('',#900);
#902=CARTESIAN_POINT('',(-9.74E-1,0.E0,-6.25E-1));
#903=VERTEX_POINT('',#902);
#904=CARTESIAN_POINT('',(-9.74E-1,2.E-1,-3.75E-1));
#905=CARTESIAN_POINT('',(-8.5E-1,2.E-1,-4.99E-1));
#906=VERTEX_POINT('',#904);
#907=VERTEX_POINT('',#905);
#908=CARTESIAN_POINT('',(-8.5E-1,2.E-1,-5.01E-1));
#909=VERTEX_POINT('',#908);
#910=CARTESIAN_POINT('',(-9.74E-1,2.E-1,-6.25E-1));
#911=VERTEX_POINT('',#910);
#912=CARTESIAN_POINT('',(-1.25E0,2.E-1,-3.75E-1));
#913=CARTESIAN_POINT('',(-1.25E0,2.E-1,-6.25E-1));
#914=VERTEX_POINT('',#912);
#915=VERTEX_POINT('',#913);
#916=CARTESIAN_POINT('',(-1.25E0,0.E0,-3.75E-1));
#917=VERTEX_POINT('',#916);
#918=CARTESIAN_POINT('',(-1.25E0,0.E0,-6.25E-1));
#919=VERTEX_POINT('',#918);
#920=CARTESIAN_POINT('',(-1.25E0,0.E0,-4.2E-1));
#921=CARTESIAN_POINT('',(-1.2E0,0.E0,-4.2E-1));
#922=VERTEX_POINT('',#920);
#923=VERTEX_POINT('',#921);
#924=CARTESIAN_POINT('',(-1.2E0,0.E0,-5.8E-1));
#925=VERTEX_POINT('',#924);
#926=CARTESIAN_POINT('',(-1.25E0,0.E0,-5.8E-1));
#927=VERTEX_POINT('',#926);
#928=CARTESIAN_POINT('',(-1.2E0,1.E-1,-5.15E-1));
#929=CARTESIAN_POINT('',(-1.25E0,1.E-1,-5.15E-1));
#930=VERTEX_POINT('',#928);
#931=VERTEX_POINT('',#929);
#932=CARTESIAN_POINT('',(-1.200000000009E0,3.5E-2,-5.8E-1));
#933=CARTESIAN_POINT('',(-1.25E0,3.5E-2,-5.8E-1));
#934=VERTEX_POINT('',#932);
#935=VERTEX_POINT('',#933);
#936=CARTESIAN_POINT('',(-1.2E0,1.E-1,-4.85E-1));
#937=VERTEX_POINT('',#936);
#938=CARTESIAN_POINT('',(-1.2E0,3.5E-2,-4.2E-1));
#939=VERTEX_POINT('',#938);
#940=CARTESIAN_POINT('',(-1.25E0,3.5E-2,-4.2E-1));
#941=VERTEX_POINT('',#940);
#942=CARTESIAN_POINT('',(-1.25E0,1.E-1,-4.85E-1));
#943=VERTEX_POINT('',#942);
#944=CARTESIAN_POINT('',(-4.509E0,3.5E-2,-4.85E-1));
#945=DIRECTION('',(1.E0,0.E0,0.E0));
#946=DIRECTION('',(0.E0,1.E0,0.E0));
#947=AXIS2_PLACEMENT_3D('',#944,#945,#946);
#948=CYLINDRICAL_SURFACE('',#947,6.5E-2);
#950=ORIENTED_EDGE('',*,*,#949,.T.);
#952=ORIENTED_EDGE('',*,*,#951,.F.);
#954=ORIENTED_EDGE('',*,*,#953,.F.);
#956=ORIENTED_EDGE('',*,*,#955,.T.);
#957=EDGE_LOOP('',(#950,#952,#954,#956));
#958=FACE_OUTER_BOUND('',#957,.F.);
#959=ADVANCED_FACE('',(#958),#948,.F.);
#960=CARTESIAN_POINT('',(-1.25E0,0.E0,-4.2E-1));
#961=DIRECTION('',(0.E0,0.E0,1.E0));
#962=DIRECTION('',(1.E0,0.E0,0.E0));
#963=AXIS2_PLACEMENT_3D('',#960,#961,#962);
#964=PLANE('',#963);
#965=ORIENTED_EDGE('',*,*,#949,.F.);
#967=ORIENTED_EDGE('',*,*,#966,.F.);
#969=ORIENTED_EDGE('',*,*,#968,.T.);
#971=ORIENTED_EDGE('',*,*,#970,.T.);
#972=EDGE_LOOP('',(#965,#967,#969,#971));
#973=FACE_OUTER_BOUND('',#972,.F.);
#974=ADVANCED_FACE('',(#973),#964,.F.);
#975=CARTESIAN_POINT('',(-1.25E0,0.E0,1.5E0));
#976=DIRECTION('',(1.E0,0.E0,0.E0));
#977=DIRECTION('',(0.E0,0.E0,-1.E0));
#978=AXIS2_PLACEMENT_3D('',#975,#976,#977);
#979=PLANE('',#978);
#980=ORIENTED_EDGE('',*,*,#966,.T.);
#981=ORIENTED_EDGE('',*,*,#955,.F.);
#983=ORIENTED_EDGE('',*,*,#982,.T.);
#985=ORIENTED_EDGE('',*,*,#984,.F.);
#987=ORIENTED_EDGE('',*,*,#986,.F.);
#989=ORIENTED_EDGE('',*,*,#988,.T.);
#991=ORIENTED_EDGE('',*,*,#990,.T.);
#993=ORIENTED_EDGE('',*,*,#992,.F.);
#995=ORIENTED_EDGE('',*,*,#994,.F.);
#997=ORIENTED_EDGE('',*,*,#996,.T.);
#998=EDGE_LOOP('',(#980,#981,#983,#985,#987,#989,#991,#993,#995,#997));
#999=FACE_OUTER_BOUND('',#998,.F.);
#1000=ADVANCED_FACE('',(#999),#979,.F.);
#1001=FILL_AREA_STYLE_COLOUR('',#29);
#1002=FILL_AREA_STYLE('',(#1001));
#1003=SURFACE_STYLE_FILL_AREA(#1002);
#1004=SURFACE_SIDE_STYLE('',(#1003));
#1005=SURFACE_STYLE_USAGE(.POSITIVE.,#1004);
#1006=PRESENTATION_STYLE_ASSIGNMENT((#1005));
#1007=OVER_RIDING_STYLED_ITEM('',(#1006),#1000,#625);
#1008=CARTESIAN_POINT('',(0.E0,1.E-1,5.E-1));
#1009=DIRECTION('',(0.E0,1.E0,0.E0));
#1010=DIRECTION('',(1.E0,0.E0,0.E0));
#1011=AXIS2_PLACEMENT_3D('',#1008,#1009,#1010);
#1012=PLANE('',#1011);
#1014=ORIENTED_EDGE('',*,*,#1013,.T.);
#1015=ORIENTED_EDGE('',*,*,#982,.F.);
#1016=ORIENTED_EDGE('',*,*,#953,.T.);
#1018=ORIENTED_EDGE('',*,*,#1017,.T.);
#1019=EDGE_LOOP('',(#1014,#1015,#1016,#1018));
#1020=FACE_OUTER_BOUND('',#1019,.F.);
#1021=ADVANCED_FACE('',(#1020),#1012,.F.);
#1022=CARTESIAN_POINT('',(-1.197314511898E0,3.5E-2,-5.15E-1));
#1023=DIRECTION('',(-1.E0,0.E0,0.E0));
#1024=DIRECTION('',(0.E0,1.E0,0.E0));
#1025=AXIS2_PLACEMENT_3D('',#1022,#1023,#1024);
#1026=CYLINDRICAL_SURFACE('',#1025,6.5E-2);
#1027=ORIENTED_EDGE('',*,*,#1013,.F.);
#1029=ORIENTED_EDGE('',*,*,#1028,.T.);
#1031=ORIENTED_EDGE('',*,*,#1030,.T.);
#1032=ORIENTED_EDGE('',*,*,#984,.T.);
#1033=EDGE_LOOP('',(#1027,#1029,#1031,#1032));
#1034=FACE_OUTER_BOUND('',#1033,.F.);
#1035=ADVANCED_FACE('',(#1034),#1026,.F.);
#1036=CARTESIAN_POINT('',(-1.211136716841E0,3.290453394266E-2,
-4.208130756124E-1));
#1037=CARTESIAN_POINT('',(-1.211316540298E0,7.293610489708E-2,
-4.195344522353E-1));
#1038=CARTESIAN_POINT('',(-1.207372293598E0,1.012574209620E-1,
-4.475797702334E-1));
#1039=CARTESIAN_POINT('',(-1.201797185742E0,9.996621446569E-2,
-4.872212238581E-1));
#1040=CARTESIAN_POINT('',(-1.159437385280E0,3.290453394266E-2,
-4.135421679349E-1));
#1041=CARTESIAN_POINT('',(-1.158782424782E0,7.293610489708E-2,
-4.121461419361E-1));
#1042=CARTESIAN_POINT('',(-1.173148324676E0,1.012574209620E-1,
-4.427665683820E-1));
#1043=CARTESIAN_POINT('',(-1.193454215109E0,9.996621446569E-2,
-4.860478823970E-1));
#1044=CARTESIAN_POINT('',(-1.120033785532E0,3.290453394266E-2,
-4.477918877764E-1));
#1045=CARTESIAN_POINT('',(-1.118742579035E0,7.293610489708E-2,
-4.469488885910E-1));
#1046=CARTESIAN_POINT('',(-1.147063895101E0,1.012574209620E-1,
-4.654392280088E-1));
#1047=CARTESIAN_POINT('',(-1.187095466057E0,9.996621446569E-2,
-4.915749249758E-1));
#1048=CARTESIAN_POINT('',(-1.120033785534E0,3.290453394266E-2,
-5.000000000038E-1));
#1049=CARTESIAN_POINT('',(-1.118742579038E0,7.293610489708E-2,
-5.000000000039E-1));
#1050=CARTESIAN_POINT('',(-1.147063895103E0,1.012574209620E-1,
-5.000000000025E-1));
#1051=CARTESIAN_POINT('',(-1.187095466057E0,9.996621446569E-2,
-5.000000000006E-1));
#1052=CARTESIAN_POINT('',(-1.120033785537E0,3.290453394266E-2,
-5.522081122312E-1));
#1053=CARTESIAN_POINT('',(-1.118742579041E0,7.293610489708E-2,
-5.530511114168E-1));
#1054=CARTESIAN_POINT('',(-1.147063895105E0,1.012574209620E-1,
-5.345607719962E-1));
#1055=CARTESIAN_POINT('',(-1.187095466058E0,9.996621446569E-2,
-5.084250750254E-1));
#1056=CARTESIAN_POINT('',(-1.159437385288E0,3.290453394266E-2,
-5.864578320690E-1));
#1057=CARTESIAN_POINT('',(-1.158782424791E0,7.293610489708E-2,
-5.878538580678E-1));
#1058=CARTESIAN_POINT('',(-1.173148324682E0,1.012574209620E-1,
-5.572334316206E-1));
#1059=CARTESIAN_POINT('',(-1.193454215110E0,9.996621446569E-2,
-5.139521176036E-1));
#1060=CARTESIAN_POINT('',(-1.211136716849E0,3.290453394266E-2,
-5.791869243865E-1));
#1061=CARTESIAN_POINT('',(-1.211316540306E0,7.293610489708E-2,
-5.804655477636E-1));
#1062=CARTESIAN_POINT('',(-1.207372293603E0,1.012574209620E-1,
-5.524202297659E-1));
#1063=CARTESIAN_POINT('',(-1.201797185743E0,9.996621446569E-2,
-5.127787761418E-1));
#1064=(BOUNDED_SURFACE()B_SPLINE_SURFACE(3,3,((#1036,#1037,#1038,#1039),(#1040,
#1041,#1042,#1043),(#1044,#1045,#1046,#1047),(#1048,#1049,#1050,#1051),(#1052,
#1053,#1054,#1055),(#1056,#1057,#1058,#1059),(#1060,#1061,#1062,#1063)),
.UNSPECIFIED.,.F.,.F.,.F.)B_SPLINE_SURFACE_WITH_KNOTS((4,3,4),(4,4),(0.E0,1.E0,
2.E0),(0.E0,1.E0),.UNSPECIFIED.)GEOMETRIC_REPRESENTATION_ITEM()RATIONAL_B_SPLINE_SURFACE(((1.434386219132E0,1.132154901202E0,1.132154901202E0,1.434386219132E0),(
1.105455593096E0,8.725313664418E-1,8.725313664418E-1,1.105455593096E0),(
1.105455593096E0,8.725313664418E-1,8.725313664418E-1,1.105455593096E0),(
1.434386219132E0,1.132154901202E0,1.132154901202E0,1.434386219132E0),(
1.105455593096E0,8.725313664418E-1,8.725313664418E-1,1.105455593096E0),(
1.105455593096E0,8.725313664418E-1,8.725313664418E-1,1.105455593096E0),(
1.434386219132E0,1.132154901202E0,1.132154901202E0,1.434386219132E0)))REPRESENTATION_ITEM('')SURFACE());
#1065=ORIENTED_EDGE('',*,*,#1017,.F.);
#1066=ORIENTED_EDGE('',*,*,#951,.T.);
#1068=ORIENTED_EDGE('',*,*,#1067,.T.);
#1069=ORIENTED_EDGE('',*,*,#1028,.F.);
#1070=EDGE_LOOP('',(#1065,#1066,#1068,#1069));
#1071=FACE_OUTER_BOUND('',#1070,.F.);
#1072=ADVANCED_FACE('',(#1071),#1064,.F.);
#1073=CARTESIAN_POINT('',(-1.2E0,0.E0,-5.E-1));
#1074=DIRECTION('',(0.E0,1.E0,0.E0));
#1075=DIRECTION('',(1.E0,0.E0,0.E0));
#1076=AXIS2_PLACEMENT_3D('',#1073,#1074,#1075);
#1077=CYLINDRICAL_SURFACE('',#1076,8.E-2);
#1078=ORIENTED_EDGE('',*,*,#1067,.F.);
#1079=ORIENTED_EDGE('',*,*,#970,.F.);
#1081=ORIENTED_EDGE('',*,*,#1080,.T.);
#1083=ORIENTED_EDGE('',*,*,#1082,.T.);
#1084=EDGE_LOOP('',(#1078,#1079,#1081,#1083));
#1085=FACE_OUTER_BOUND('',#1084,.F.);
#1086=ADVANCED_FACE('',(#1085),#1077,.F.);
#1087=CARTESIAN_POINT('',(0.E0,0.E0,0.E0));
#1088=DIRECTION('',(0.E0,1.E0,0.E0));
#1089=DIRECTION('',(1.E0,0.E0,0.E0));
#1090=AXIS2_PLACEMENT_3D('',#1087,#1088,#1089);
#1091=PLANE('',#1090);
#1092=ORIENTED_EDGE('',*,*,#968,.F.);
#1093=ORIENTED_EDGE('',*,*,#996,.F.);
#1095=ORIENTED_EDGE('',*,*,#1094,.T.);
#1097=ORIENTED_EDGE('',*,*,#1096,.T.);
#1099=ORIENTED_EDGE('',*,*,#1098,.T.);
#1101=ORIENTED_EDGE('',*,*,#1100,.T.);
#1103=ORIENTED_EDGE('',*,*,#1102,.T.);
#1104=ORIENTED_EDGE('',*,*,#988,.F.);
#1106=ORIENTED_EDGE('',*,*,#1105,.T.);
#1107=ORIENTED_EDGE('',*,*,#1080,.F.);
#1108=EDGE_LOOP('',(#1092,#1093,#1095,#1097,#1099,#1101,#1103,#1104,#1106,
#1107));
#1109=FACE_OUTER_BOUND('',#1108,.F.);
#1110=ADVANCED_FACE('',(#1109),#1091,.F.);
#1111=CARTESIAN_POINT('',(-1.35E0,0.E0,-3.75E-1));
#1112=DIRECTION('',(0.E0,0.E0,1.E0));
#1113=DIRECTION('',(1.E0,0.E0,0.E0));
#1114=AXIS2_PLACEMENT_3D('',#1111,#1112,#1113);
#1115=PLANE('',#1114);
#1116=ORIENTED_EDGE('',*,*,#994,.T.);
#1118=ORIENTED_EDGE('',*,*,#1117,.T.);
#1120=ORIENTED_EDGE('',*,*,#1119,.F.);
#1121=ORIENTED_EDGE('',*,*,#1094,.F.);
#1122=EDGE_LOOP('',(#1116,#1118,#1120,#1121));
#1123=FACE_OUTER_BOUND('',#1122,.F.);
#1124=ADVANCED_FACE('',(#1123),#1115,.T.);
#1125=CARTESIAN_POINT('',(0.E0,2.E-1,0.E0));
#1126=DIRECTION('',(0.E0,1.E0,0.E0));
#1127=DIRECTION('',(1.E0,0.E0,0.E0));
#1128=AXIS2_PLACEMENT_3D('',#1125,#1126,#1127);
#1129=PLANE('',#1128);
#1130=ORIENTED_EDGE('',*,*,#992,.T.);
#1132=ORIENTED_EDGE('',*,*,#1131,.F.);
#1134=ORIENTED_EDGE('',*,*,#1133,.F.);
#1136=ORIENTED_EDGE('',*,*,#1135,.F.);
#1138=ORIENTED_EDGE('',*,*,#1137,.F.);
#1139=ORIENTED_EDGE('',*,*,#1117,.F.);
#1140=EDGE_LOOP('',(#1130,#1132,#1134,#1136,#1138,#1139));
#1141=FACE_OUTER_BOUND('',#1140,.F.);
#1142=ADVANCED_FACE('',(#1141),#1129,.T.);
#1143=CARTESIAN_POINT('',(-9.74E-1,0.E0,-6.25E-1));
#1144=DIRECTION('',(0.E0,0.E0,-1.E0));
#1145=DIRECTION('',(-1.E0,0.E0,0.E0));
#1146=AXIS2_PLACEMENT_3D('',#1143,#1144,#1145);
#1147=PLANE('',#1146);
#1148=ORIENTED_EDGE('',*,*,#990,.F.);
#1149=ORIENTED_EDGE('',*,*,#1102,.F.);
#1151=ORIENTED_EDGE('',*,*,#1150,.T.);
#1152=ORIENTED_EDGE('',*,*,#1131,.T.);
#1153=EDGE_LOOP('',(#1148,#1149,#1151,#1152));
#1154=FACE_OUTER_BOUND('',#1153,.F.);
#1155=ADVANCED_FACE('',(#1154),#1147,.T.);
#1156=CARTESIAN_POINT('',(-9.74E-1,0.E0,-5.01E-1));
#1157=DIRECTION('',(0.E0,1.E0,0.E0));
#1158=DIRECTION('',(1.E0,0.E0,0.E0));
#1159=AXIS2_PLACEMENT_3D('',#1156,#1157,#1158);
#1160=CYLINDRICAL_SURFACE('',#1159,1.24E-1);
#1161=ORIENTED_EDGE('',*,*,#1100,.F.);
#1163=ORIENTED_EDGE('',*,*,#1162,.T.);
#1164=ORIENTED_EDGE('',*,*,#1133,.T.);
#1165=ORIENTED_EDGE('',*,*,#1150,.F.);
#1166=EDGE_LOOP('',(#1161,#1163,#1164,#1165));
#1167=FACE_OUTER_BOUND('',#1166,.F.);
#1168=ADVANCED_FACE('',(#1167),#1160,.T.);
#1169=CARTESIAN_POINT('',(-8.5E-1,0.E0,-4.99E-1));
#1170=DIRECTION('',(1.E0,0.E0,0.E0));
#1171=DIRECTION('',(0.E0,0.E0,-1.E0));
#1172=AXIS2_PLACEMENT_3D('',#1169,#1170,#1171);
#1173=PLANE('',#1172);
#1174=ORIENTED_EDGE('',*,*,#1098,.F.);
#1176=ORIENTED_EDGE('',*,*,#1175,.T.);
#1177=ORIENTED_EDGE('',*,*,#1135,.T.);
#1178=ORIENTED_EDGE('',*,*,#1162,.F.);
#1179=EDGE_LOOP('',(#1174,#1176,#1177,#1178));
#1180=FACE_OUTER_BOUND('',#1179,.F.);
#1181=ADVANCED_FACE('',(#1180),#1173,.T.);
#1182=CARTESIAN_POINT('',(-9.74E-1,0.E0,-4.99E-1));
#1183=DIRECTION('',(0.E0,1.E0,0.E0));
#1184=DIRECTION('',(1.E0,0.E0,0.E0));
#1185=AXIS2_PLACEMENT_3D('',#1182,#1183,#1184);
#1186=CYLINDRICAL_SURFACE('',#1185,1.24E-1);
#1187=ORIENTED_EDGE('',*,*,#1096,.F.);
#1188=ORIENTED_EDGE('',*,*,#1119,.T.);
#1189=ORIENTED_EDGE('',*,*,#1137,.T.);
#1190=ORIENTED_EDGE('',*,*,#1175,.F.);
#1191=EDGE_LOOP('',(#1187,#1188,#1189,#1190));
#1192=FACE_OUTER_BOUND('',#1191,.F.);
#1193=ADVANCED_FACE('',(#1192),#1186,.T.);
#1194=CARTESIAN_POINT('',(-1.2E0,0.E0,-5.8E-1));
#1195=DIRECTION('',(0.E0,0.E0,-1.E0));
#1196=DIRECTION('',(-1.E0,0.E0,0.E0));
#1197=AXIS2_PLACEMENT_3D('',#1194,#1195,#1196);
#1198=PLANE('',#1197);
#1199=ORIENTED_EDGE('',*,*,#1030,.F.);
#1200=ORIENTED_EDGE('',*,*,#1082,.F.);
#1201=ORIENTED_EDGE('',*,*,#1105,.F.);
#1202=ORIENTED_EDGE('',*,*,#986,.T.);
#1203=EDGE_LOOP('',(#1199,#1200,#1201,#1202));
#1204=FACE_OUTER_BOUND('',#1203,.F.);
#1205=ADVANCED_FACE('',(#1204),#1198,.F.);
#1206=CLOSED_SHELL('',(#959,#974,#1000,#1021,#1035,#1072,#1086,#1110,#1124,
#1142,#1155,#1168,#1181,#1193,#1205));
#1207=MANIFOLD_SOLID_BREP('',#1206);
#1208=FILL_AREA_STYLE_COLOUR('',#28);
#1209=FILL_AREA_STYLE('',(#1208));
#1210=SURFACE_STYLE_FILL_AREA(#1209);
#1211=SURFACE_SIDE_STYLE('',(#1210));
#1212=SURFACE_STYLE_USAGE(.POSITIVE.,#1211);
#1213=PRESENTATION_STYLE_ASSIGNMENT((#1212));
#625=STYLED_ITEM('',(#1213),#1207);
#1215=CARTESIAN_POINT('',(-1.25E0,3.5E-2,1.5E-2));
#1216=DIRECTION('',(1.E0,0.E0,0.E0));
#1217=DIRECTION('',(0.E0,1.E0,0.E0));
#1218=AXIS2_PLACEMENT_3D('',#1215,#1216,#1217);
#1220=CURVE_STYLE('',#36,POSITIVE_LENGTH_MEASURE(2.E-2),#28);
#1221=PRESENTATION_STYLE_ASSIGNMENT((#1220));
#1222=STYLED_ITEM('',(#1221),#1219);
#1223=DIRECTION('',(1.E0,0.E0,0.E0));
#1224=VECTOR('',#1223,4.999999999726E-2);
#1225=CARTESIAN_POINT('',(-1.25E0,3.5E-2,8.E-2));
#1226=LINE('',#1225,#1224);
#1227=CURVE_STYLE('',#36,POSITIVE_LENGTH_MEASURE(2.E-2),#28);
#1228=PRESENTATION_STYLE_ASSIGNMENT((#1227));
#1229=STYLED_ITEM('',(#1228),#1226);
#1230=DIRECTION('',(0.E0,1.E0,0.E0));
#1231=VECTOR('',#1230,3.5E-2);
#1232=CARTESIAN_POINT('',(-1.25E0,0.E0,8.E-2));
#1233=LINE('',#1232,#1231);
#1234=CURVE_STYLE('',#36,POSITIVE_LENGTH_MEASURE(2.E-2),#28);
#1235=PRESENTATION_STYLE_ASSIGNMENT((#1234));
#1236=STYLED_ITEM('',(#1235),#1233);
#1237=DIRECTION('',(0.E0,0.E0,-1.E0));
#1238=VECTOR('',#1237,3.E-2);
#1239=CARTESIAN_POINT('',(-1.25E0,1.E-1,1.5E-2));
#1240=LINE('',#1239,#1238);
#1241=CURVE_STYLE('',#36,POSITIVE_LENGTH_MEASURE(2.E-2),#28);
#1242=PRESENTATION_STYLE_ASSIGNMENT((#1241));
#1243=STYLED_ITEM('',(#1242),#1240);
#1244=DIRECTION('',(0.E0,1.E0,0.E0));
#1245=VECTOR('',#1244,3.5E-2);
#1246=CARTESIAN_POINT('',(-1.25E0,0.E0,-8.E-2));
#1247=LINE('',#1246,#1245);
#1248=CURVE_STYLE('',#36,POSITIVE_LENGTH_MEASURE(2.E-2),#28);
#1249=PRESENTATION_STYLE_ASSIGNMENT((#1248));
#1250=STYLED_ITEM('',(#1249),#1247);
#1251=DIRECTION('',(-1.E0,0.E0,0.E0));
#1252=VECTOR('',#1251,5.E-2);
#1253=CARTESIAN_POINT('',(-1.2E0,1.E-1,-1.5E-2));
#1254=LINE('',#1253,#1252);
#1255=CURVE_STYLE('',#36,POSITIVE_LENGTH_MEASURE(2.E-2),#28);
#1256=PRESENTATION_STYLE_ASSIGNMENT((#1255));
#1257=STYLED_ITEM('',(#1256),#1254);
#1258=DIRECTION('',(1.E0,0.E0,0.E0));
#1259=VECTOR('',#1258,5.E-2);
#1260=CARTESIAN_POINT('',(-1.25E0,1.E-1,1.5E-2));
#1261=LINE('',#1260,#1259);
#1262=CURVE_STYLE('',#36,POSITIVE_LENGTH_MEASURE(2.E-2),#28);
#1263=PRESENTATION_STYLE_ASSIGNMENT((#1262));
#1264=STYLED_ITEM('',(#1263),#1261);
#1265=CARTESIAN_POINT('',(-1.2E0,1.E-1,0.E0));
#1266=DIRECTION('',(0.E0,1.E0,0.E0));
#1267=DIRECTION('',(0.E0,0.E0,1.E0));
#1268=AXIS2_PLACEMENT_3D('',#1265,#1266,#1267);
#1270=CURVE_STYLE('',#36,POSITIVE_LENGTH_MEASURE(2.E-2),#28);
#1271=PRESENTATION_STYLE_ASSIGNMENT((#1270));
#1272=STYLED_ITEM('',(#1271),#1269);
#1273=CARTESIAN_POINT('',(-1.2E0,3.5E-2,-1.5E-2));
#1274=DIRECTION('',(-1.E0,0.E0,0.E0));
#1275=DIRECTION('',(0.E0,1.E0,0.E0));
#1276=AXIS2_PLACEMENT_3D('',#1273,#1274,#1275);
#1278=CURVE_STYLE('',#36,POSITIVE_LENGTH_MEASURE(2.E-2),#28);
#1279=PRESENTATION_STYLE_ASSIGNMENT((#1278));
#1280=STYLED_ITEM('',(#1279),#1277);
#1281=CARTESIAN_POINT('',(-1.25E0,3.5E-2,-1.5E-2));
#1282=DIRECTION('',(1.E0,0.E0,0.E0));
#1283=DIRECTION('',(0.E0,0.E0,-1.E0));
#1284=AXIS2_PLACEMENT_3D('',#1281,#1282,#1283);
#1286=CURVE_STYLE('',#36,POSITIVE_LENGTH_MEASURE(2.E-2),#28);
#1287=PRESENTATION_STYLE_ASSIGNMENT((#1286));
#1288=STYLED_ITEM('',(#1287),#1285);
#1289=CARTESIAN_POINT('',(-1.2E0,3.5E-2,1.5E-2));
#1290=DIRECTION('',(1.E0,0.E0,0.E0));
#1291=DIRECTION('',(0.E0,1.E0,0.E0));
#1292=AXIS2_PLACEMENT_3D('',#1289,#1290,#1291);
#1294=CURVE_STYLE('',#36,POSITIVE_LENGTH_MEASURE(2.E-2),#28);
#1295=PRESENTATION_STYLE_ASSIGNMENT((#1294));
#1296=STYLED_ITEM('',(#1295),#1293);
#1297=CARTESIAN_POINT('',(-1.2E0,3.5E-2,0.E0));
#1298=DIRECTION('',(0.E0,1.E0,0.E0));
#1299=DIRECTION('',(0.E0,0.E0,1.E0));
#1300=AXIS2_PLACEMENT_3D('',#1297,#1298,#1299);
#1302=CURVE_STYLE('',#36,POSITIVE_LENGTH_MEASURE(2.E-2),#28);
#1303=PRESENTATION_STYLE_ASSIGNMENT((#1302));
#1304=STYLED_ITEM('',(#1303),#1301);
#1305=DIRECTION('',(-7.819776572303E-11,1.E0,0.E0));
#1306=VECTOR('',#1305,3.5E-2);
#1307=CARTESIAN_POINT('',(-1.2E0,0.E0,8.E-2));
#1308=LINE('',#1307,#1306);
#1309=CURVE_STYLE('',#36,POSITIVE_LENGTH_MEASURE(2.E-2),#28);
#1310=PRESENTATION_STYLE_ASSIGNMENT((#1309));
#1311=STYLED_ITEM('',(#1310),#1308);
#1312=DIRECTION('',(1.E0,0.E0,0.E0));
#1313=VECTOR('',#1312,5.E-2);
#1314=CARTESIAN_POINT('',(-1.25E0,0.E0,8.E-2));
#1315=LINE('',#1314,#1313);
#1316=CURVE_STYLE('',#36,POSITIVE_LENGTH_MEASURE(2.E-2),#28);
#1317=PRESENTATION_STYLE_ASSIGNMENT((#1316));
#1318=STYLED_ITEM('',(#1317),#1315);
#1319=DIRECTION('',(0.E0,0.E0,-1.E0));
#1320=VECTOR('',#1319,4.5E-2);
#1321=CARTESIAN_POINT('',(-1.25E0,0.E0,1.25E-1));
#1322=LINE('',#1321,#1320);
#1323=CURVE_STYLE('',#36,POSITIVE_LENGTH_MEASURE(2.E-2),#28);
#1324=PRESENTATION_STYLE_ASSIGNMENT((#1323));
#1325=STYLED_ITEM('',(#1324),#1322);
#1326=DIRECTION('',(1.E0,0.E0,0.E0));
#1327=VECTOR('',#1326,2.76E-1);
#1328=CARTESIAN_POINT('',(-1.25E0,0.E0,1.25E-1));
#1329=LINE('',#1328,#1327);
#1330=CURVE_STYLE('',#36,POSITIVE_LENGTH_MEASURE(2.E-2),#28);
#1331=PRESENTATION_STYLE_ASSIGNMENT((#1330));
#1332=STYLED_ITEM('',(#1331),#1329);
#1333=CARTESIAN_POINT('',(-9.74E-1,0.E0,1.E-3));
#1334=DIRECTION('',(0.E0,1.E0,0.E0));
#1335=DIRECTION('',(0.E0,0.E0,1.E0));
#1336=AXIS2_PLACEMENT_3D('',#1333,#1334,#1335);
#1338=CURVE_STYLE('',#36,POSITIVE_LENGTH_MEASURE(2.E-2),#28);
#1339=PRESENTATION_STYLE_ASSIGNMENT((#1338));
#1340=STYLED_ITEM('',(#1339),#1337);
#1341=DIRECTION('',(0.E0,0.E0,-1.E0));
#1342=VECTOR('',#1341,2.E-3);
#1343=CARTESIAN_POINT('',(-8.5E-1,0.E0,1.E-3));
#1344=LINE('',#1343,#1342);
#1345=CURVE_STYLE('',#36,POSITIVE_LENGTH_MEASURE(2.E-2),#28);
#1346=PRESENTATION_STYLE_ASSIGNMENT((#1345));
#1347=STYLED_ITEM('',(#1346),#1344);
#1348=CARTESIAN_POINT('',(-9.74E-1,0.E0,-1.E-3));
#1349=DIRECTION('',(0.E0,1.E0,0.E0));
#1350=DIRECTION('',(1.E0,0.E0,0.E0));
#1351=AXIS2_PLACEMENT_3D('',#1348,#1349,#1350);
#1353=CURVE_STYLE('',#36,POSITIVE_LENGTH_MEASURE(2.E-2),#28);
#1354=PRESENTATION_STYLE_ASSIGNMENT((#1353));
#1355=STYLED_ITEM('',(#1354),#1352);
#1356=DIRECTION('',(-1.E0,0.E0,0.E0));
#1357=VECTOR('',#1356,2.76E-1);
#1358=CARTESIAN_POINT('',(-9.74E-1,0.E0,-1.25E-1));
#1359=LINE('',#1358,#1357);
#1360=CURVE_STYLE('',#36,POSITIVE_LENGTH_MEASURE(2.E-2),#28);
#1361=PRESENTATION_STYLE_ASSIGNMENT((#1360));
#1362=STYLED_ITEM('',(#1361),#1359);
#1363=DIRECTION('',(0.E0,0.E0,-1.E0));
#1364=VECTOR('',#1363,4.5E-2);
#1365=CARTESIAN_POINT('',(-1.25E0,0.E0,-8.E-2));
#1366=LINE('',#1365,#1364);
#1367=CURVE_STYLE('',#36,POSITIVE_LENGTH_MEASURE(2.E-2),#28);
#1368=PRESENTATION_STYLE_ASSIGNMENT((#1367));
#1369=STYLED_ITEM('',(#1368),#1366);
#1370=DIRECTION('',(1.E0,0.E0,0.E0));
#1371=VECTOR('',#1370,5.E-2);
#1372=CARTESIAN_POINT('',(-1.25E0,0.E0,-8.E-2));
#1373=LINE('',#1372,#1371);
#1374=CURVE_STYLE('',#36,POSITIVE_LENGTH_MEASURE(2.E-2),#28);
#1375=PRESENTATION_STYLE_ASSIGNMENT((#1374));
#1376=STYLED_ITEM('',(#1375),#1373);
#1377=CARTESIAN_POINT('',(-1.2E0,0.E0,0.E0));
#1378=DIRECTION('',(0.E0,1.E0,0.E0));
#1379=DIRECTION('',(-1.387778780781E-14,0.E0,1.E0));
#1380=AXIS2_PLACEMENT_3D('',#1377,#1378,#1379);
#1382=CURVE_STYLE('',#36,POSITIVE_LENGTH_MEASURE(2.E-2),#28);
#1383=PRESENTATION_STYLE_ASSIGNMENT((#1382));
#1384=STYLED_ITEM('',(#1383),#1381);
#1385=DIRECTION('',(0.E0,1.E0,0.E0));
#1386=VECTOR('',#1385,2.E-1);
#1387=CARTESIAN_POINT('',(-1.25E0,0.E0,1.25E-1));
#1388=LINE('',#1387,#1386);
#1389=CURVE_STYLE('',#36,POSITIVE_LENGTH_MEASURE(2.E-2),#28);
#1390=PRESENTATION_STYLE_ASSIGNMENT((#1389));
#1391=STYLED_ITEM('',(#1390),#1388);
#1392=DIRECTION('',(0.E0,0.E0,-1.E0));
#1393=VECTOR('',#1392,2.5E-1);
#1394=CARTESIAN_POINT('',(-1.25E0,2.E-1,1.25E-1));
#1395=LINE('',#1394,#1393);
#1396=CURVE_STYLE('',#36,POSITIVE_LENGTH_MEASURE(2.E-2),#28);
#1397=PRESENTATION_STYLE_ASSIGNMENT((#1396));
#1398=STYLED_ITEM('',(#1397),#1395);
#1399=DIRECTION('',(-1.E0,0.E0,0.E0));
#1400=VECTOR('',#1399,2.76E-1);
#1401=CARTESIAN_POINT('',(-9.74E-1,2.E-1,-1.25E-1));
#1402=LINE('',#1401,#1400);
#1403=CURVE_STYLE('',#36,POSITIVE_LENGTH_MEASURE(2.E-2),#28);
#1404=PRESENTATION_STYLE_ASSIGNMENT((#1403));
#1405=STYLED_ITEM('',(#1404),#1402);
#1406=CARTESIAN_POINT('',(-9.74E-1,2.E-1,-1.E-3));
#1407=DIRECTION('',(0.E0,1.E0,0.E0));
#1408=DIRECTION('',(1.E0,0.E0,0.E0));
#1409=AXIS2_PLACEMENT_3D('',#1406,#1407,#1408);
#1411=CURVE_STYLE('',#36,POSITIVE_LENGTH_MEASURE(2.E-2),#28);
#1412=PRESENTATION_STYLE_ASSIGNMENT((#1411));
#1413=STYLED_ITEM('',(#1412),#1410);
#1414=DIRECTION('',(0.E0,0.E0,-1.E0));
#1415=VECTOR('',#1414,2.E-3);
#1416=CARTESIAN_POINT('',(-8.5E-1,2.E-1,1.E-3));
#1417=LINE('',#1416,#1415);
#1418=CURVE_STYLE('',#36,POSITIVE_LENGTH_MEASURE(2.E-2),#28);
#1419=PRESENTATION_STYLE_ASSIGNMENT((#1418));
#1420=STYLED_ITEM('',(#1419),#1417);
#1421=CARTESIAN_POINT('',(-9.74E-1,2.E-1,1.E-3));
#1422=DIRECTION('',(0.E0,1.E0,0.E0));
#1423=DIRECTION('',(0.E0,0.E0,1.E0));
#1424=AXIS2_PLACEMENT_3D('',#1421,#1422,#1423);
#1426=CURVE_STYLE('',#36,POSITIVE_LENGTH_MEASURE(2.E-2),#28);
#1427=PRESENTATION_STYLE_ASSIGNMENT((#1426));
#1428=STYLED_ITEM('',(#1427),#1425);
#1429=DIRECTION('',(1.E0,0.E0,0.E0));
#1430=VECTOR('',#1429,2.76E-1);
#1431=CARTESIAN_POINT('',(-1.25E0,2.E-1,1.25E-1));
#1432=LINE('',#1431,#1430);
#1433=CURVE_STYLE('',#36,POSITIVE_LENGTH_MEASURE(2.E-2),#28);
#1434=PRESENTATION_STYLE_ASSIGNMENT((#1433));
#1435=STYLED_ITEM('',(#1434),#1432);
#1436=DIRECTION('',(0.E0,1.E0,0.E0));
#1437=VECTOR('',#1436,2.E-1);
#1438=CARTESIAN_POINT('',(-1.25E0,0.E0,-1.25E-1));
#1439=LINE('',#1438,#1437);
#1440=CURVE_STYLE('',#36,POSITIVE_LENGTH_MEASURE(2.E-2),#28);
#1441=PRESENTATION_STYLE_ASSIGNMENT((#1440));
#1442=STYLED_ITEM('',(#1441),#1439);
#1443=DIRECTION('',(0.E0,1.E0,0.E0));
#1444=VECTOR('',#1443,2.E-1);
#1445=CARTESIAN_POINT('',(-9.74E-1,0.E0,-1.25E-1));
#1446=LINE('',#1445,#1444);
#1447=CURVE_STYLE('',#36,POSITIVE_LENGTH_MEASURE(2.E-2),#28);
#1448=PRESENTATION_STYLE_ASSIGNMENT((#1447));
#1449=STYLED_ITEM('',(#1448),#1446);
#1450=DIRECTION('',(0.E0,1.E0,0.E0));
#1451=VECTOR('',#1450,2.E-1);
#1452=CARTESIAN_POINT('',(-8.5E-1,0.E0,-1.E-3));
#1453=LINE('',#1452,#1451);
#1454=CURVE_STYLE('',#36,POSITIVE_LENGTH_MEASURE(2.E-2),#28);
#1455=PRESENTATION_STYLE_ASSIGNMENT((#1454));
#1456=STYLED_ITEM('',(#1455),#1453);
#1457=DIRECTION('',(0.E0,1.E0,0.E0));
#1458=VECTOR('',#1457,2.E-1);
#1459=CARTESIAN_POINT('',(-8.5E-1,0.E0,1.E-3));
#1460=LINE('',#1459,#1458);
#1461=CURVE_STYLE('',#36,POSITIVE_LENGTH_MEASURE(2.E-2),#28);
#1462=PRESENTATION_STYLE_ASSIGNMENT((#1461));
#1463=STYLED_ITEM('',(#1462),#1460);
#1464=DIRECTION('',(0.E0,1.E0,0.E0));
#1465=VECTOR('',#1464,2.E-1);
#1466=CARTESIAN_POINT('',(-9.74E-1,0.E0,1.25E-1));
#1467=LINE('',#1466,#1465);
#1468=CURVE_STYLE('',#36,POSITIVE_LENGTH_MEASURE(2.E-2),#28);
#1469=PRESENTATION_STYLE_ASSIGNMENT((#1468));
#1470=STYLED_ITEM('',(#1469),#1467);
#1471=DIRECTION('',(-1.E0,0.E0,0.E0));
#1472=VECTOR('',#1471,4.999999999071E-2);
#1473=CARTESIAN_POINT('',(-1.200000000009E0,3.5E-2,-8.E-2));
#1474=LINE('',#1473,#1472);
#1475=CURVE_STYLE('',#36,POSITIVE_LENGTH_MEASURE(2.E-2),#28);
#1476=PRESENTATION_STYLE_ASSIGNMENT((#1475));
#1477=STYLED_ITEM('',(#1476),#1474);
#1478=DIRECTION('',(-2.653686794117E-10,1.E0,0.E0));
#1479=VECTOR('',#1478,3.5E-2);
#1480=CARTESIAN_POINT('',(-1.2E0,0.E0,-8.E-2));
#1481=LINE('',#1480,#1479);
#1482=CURVE_STYLE('',#36,POSITIVE_LENGTH_MEASURE(2.E-2),#28);
#1483=PRESENTATION_STYLE_ASSIGNMENT((#1482));
#1484=STYLED_ITEM('',(#1483),#1481);
#1485=CARTESIAN_POINT('',(-9.74E-1,0.E0,1.25E-1));
#1486=CARTESIAN_POINT('',(-8.5E-1,0.E0,1.E-3));
#1487=VERTEX_POINT('',#1485);
#1488=VERTEX_POINT('',#1486);
#1489=CARTESIAN_POINT('',(-8.5E-1,0.E0,-1.E-3));
#1490=VERTEX_POINT('',#1489);
#1491=CARTESIAN_POINT('',(-9.74E-1,0.E0,-1.25E-1));
#1492=VERTEX_POINT('',#1491);
#1493=CARTESIAN_POINT('',(-9.74E-1,2.E-1,1.25E-1));
#1494=CARTESIAN_POINT('',(-8.5E-1,2.E-1,1.E-3));
#1495=VERTEX_POINT('',#1493);
#1496=VERTEX_POINT('',#1494);
#1497=CARTESIAN_POINT('',(-8.5E-1,2.E-1,-1.E-3));
#1498=VERTEX_POINT('',#1497);
#1499=CARTESIAN_POINT('',(-9.74E-1,2.E-1,-1.25E-1));
#1500=VERTEX_POINT('',#1499);
#1501=CARTESIAN_POINT('',(-1.25E0,2.E-1,1.25E-1));
#1502=CARTESIAN_POINT('',(-1.25E0,2.E-1,-1.25E-1));
#1503=VERTEX_POINT('',#1501);
#1504=VERTEX_POINT('',#1502);
#1505=CARTESIAN_POINT('',(-1.25E0,0.E0,1.25E-1));
#1506=VERTEX_POINT('',#1505);
#1507=CARTESIAN_POINT('',(-1.25E0,0.E0,-1.25E-1));
#1508=VERTEX_POINT('',#1507);
#1509=CARTESIAN_POINT('',(-1.25E0,0.E0,8.E-2));
#1510=CARTESIAN_POINT('',(-1.2E0,0.E0,8.E-2));
#1511=VERTEX_POINT('',#1509);
#1512=VERTEX_POINT('',#1510);
#1513=CARTESIAN_POINT('',(-1.2E0,0.E0,-8.E-2));
#1514=VERTEX_POINT('',#1513);
#1515=CARTESIAN_POINT('',(-1.25E0,0.E0,-8.E-2));
#1516=VERTEX_POINT('',#1515);
#1517=CARTESIAN_POINT('',(-1.2E0,1.E-1,-1.5E-2));
#1518=CARTESIAN_POINT('',(-1.25E0,1.E-1,-1.5E-2));
#1519=VERTEX_POINT('',#1517);
#1520=VERTEX_POINT('',#1518);
#1521=CARTESIAN_POINT('',(-1.200000000009E0,3.5E-2,-8.E-2));
#1522=CARTESIAN_POINT('',(-1.25E0,3.5E-2,-8.E-2));
#1523=VERTEX_POINT('',#1521);
#1524=VERTEX_POINT('',#1522);
#1525=CARTESIAN_POINT('',(-1.2E0,1.E-1,1.5E-2));
#1526=VERTEX_POINT('',#1525);
#1527=CARTESIAN_POINT('',(-1.2E0,3.5E-2,8.E-2));
#1528=VERTEX_POINT('',#1527);
#1529=CARTESIAN_POINT('',(-1.25E0,3.5E-2,8.E-2));
#1530=VERTEX_POINT('',#1529);
#1531=CARTESIAN_POINT('',(-1.25E0,1.E-1,1.5E-2));
#1532=VERTEX_POINT('',#1531);
#1533=CARTESIAN_POINT('',(-4.509E0,3.5E-2,1.5E-2));
#1534=DIRECTION('',(1.E0,0.E0,0.E0));
#1535=DIRECTION('',(0.E0,1.E0,0.E0));
#1536=AXIS2_PLACEMENT_3D('',#1533,#1534,#1535);
#1537=CYLINDRICAL_SURFACE('',#1536,6.5E-2);
#1539=ORIENTED_EDGE('',*,*,#1538,.T.);
#1541=ORIENTED_EDGE('',*,*,#1540,.F.);
#1543=ORIENTED_EDGE('',*,*,#1542,.F.);
#1545=ORIENTED_EDGE('',*,*,#1544,.T.);
#1546=EDGE_LOOP('',(#1539,#1541,#1543,#1545));
#1547=FACE_OUTER_BOUND('',#1546,.F.);
#1548=ADVANCED_FACE('',(#1547),#1537,.F.);
#1549=CARTESIAN_POINT('',(-1.25E0,0.E0,8.E-2));
#1550=DIRECTION('',(0.E0,0.E0,1.E0));
#1551=DIRECTION('',(1.E0,0.E0,0.E0));
#1552=AXIS2_PLACEMENT_3D('',#1549,#1550,#1551);
#1553=PLANE('',#1552);
#1554=ORIENTED_EDGE('',*,*,#1538,.F.);
#1556=ORIENTED_EDGE('',*,*,#1555,.F.);
#1558=ORIENTED_EDGE('',*,*,#1557,.T.);
#1560=ORIENTED_EDGE('',*,*,#1559,.T.);
#1561=EDGE_LOOP('',(#1554,#1556,#1558,#1560));
#1562=FACE_OUTER_BOUND('',#1561,.F.);
#1563=ADVANCED_FACE('',(#1562),#1553,.F.);
#1564=CARTESIAN_POINT('',(-1.25E0,0.E0,1.5E0));
#1565=DIRECTION('',(1.E0,0.E0,0.E0));
#1566=DIRECTION('',(0.E0,0.E0,-1.E0));
#1567=AXIS2_PLACEMENT_3D('',#1564,#1565,#1566);
#1568=PLANE('',#1567);
#1569=ORIENTED_EDGE('',*,*,#1555,.T.);
#1570=ORIENTED_EDGE('',*,*,#1544,.F.);
#1572=ORIENTED_EDGE('',*,*,#1571,.T.);
#1574=ORIENTED_EDGE('',*,*,#1573,.F.);
#1576=ORIENTED_EDGE('',*,*,#1575,.F.);
#1578=ORIENTED_EDGE('',*,*,#1577,.T.);
#1580=ORIENTED_EDGE('',*,*,#1579,.T.);
#1582=ORIENTED_EDGE('',*,*,#1581,.F.);
#1584=ORIENTED_EDGE('',*,*,#1583,.F.);
#1586=ORIENTED_EDGE('',*,*,#1585,.T.);
#1587=EDGE_LOOP('',(#1569,#1570,#1572,#1574,#1576,#1578,#1580,#1582,#1584,
#1586));
#1588=FACE_OUTER_BOUND('',#1587,.F.);
#1589=ADVANCED_FACE('',(#1588),#1568,.F.);
#1590=FILL_AREA_STYLE_COLOUR('',#29);
#1591=FILL_AREA_STYLE('',(#1590));
#1592=SURFACE_STYLE_FILL_AREA(#1591);
#1593=SURFACE_SIDE_STYLE('',(#1592));
#1594=SURFACE_STYLE_USAGE(.POSITIVE.,#1593);
#1595=PRESENTATION_STYLE_ASSIGNMENT((#1594));
#1596=OVER_RIDING_STYLED_ITEM('',(#1595),#1589,#1214);
#1597=CARTESIAN_POINT('',(0.E0,1.E-1,1.E0));
#1598=DIRECTION('',(0.E0,1.E0,0.E0));
#1599=DIRECTION('',(1.E0,0.E0,0.E0));
#1600=AXIS2_PLACEMENT_3D('',#1597,#1598,#1599);
#1601=PLANE('',#1600);
#1603=ORIENTED_EDGE('',*,*,#1602,.T.);
#1604=ORIENTED_EDGE('',*,*,#1571,.F.);
#1605=ORIENTED_EDGE('',*,*,#1542,.T.);
#1607=ORIENTED_EDGE('',*,*,#1606,.T.);
#1608=EDGE_LOOP('',(#1603,#1604,#1605,#1607));
#1609=FACE_OUTER_BOUND('',#1608,.F.);
#1610=ADVANCED_FACE('',(#1609),#1601,.F.);
#1611=CARTESIAN_POINT('',(-1.197314511898E0,3.5E-2,-1.5E-2));
#1612=DIRECTION('',(-1.E0,0.E0,0.E0));
#1613=DIRECTION('',(0.E0,1.E0,0.E0));
#1614=AXIS2_PLACEMENT_3D('',#1611,#1612,#1613);
#1615=CYLINDRICAL_SURFACE('',#1614,6.5E-2);
#1616=ORIENTED_EDGE('',*,*,#1602,.F.);
#1618=ORIENTED_EDGE('',*,*,#1617,.T.);
#1620=ORIENTED_EDGE('',*,*,#1619,.T.);
#1621=ORIENTED_EDGE('',*,*,#1573,.T.);
#1622=EDGE_LOOP('',(#1616,#1618,#1620,#1621));
#1623=FACE_OUTER_BOUND('',#1622,.F.);
#1624=ADVANCED_FACE('',(#1623),#1615,.F.);
#1625=CARTESIAN_POINT('',(-1.211136716841E0,3.290453394266E-2,
7.918692438760E-2));
#1626=CARTESIAN_POINT('',(-1.211316540298E0,7.293610489708E-2,
8.046554776465E-2));
#1627=CARTESIAN_POINT('',(-1.207372293598E0,1.012574209620E-1,
5.242022976663E-2));
#1628=CARTESIAN_POINT('',(-1.201797185742E0,9.996621446569E-2,
1.277877614193E-2));
#1629=CARTESIAN_POINT('',(-1.159437385280E0,3.290453394266E-2,
8.645783206511E-2));
#1630=CARTESIAN_POINT('',(-1.158782424782E0,7.293610489708E-2,
8.785385806388E-2));
#1631=CARTESIAN_POINT('',(-1.173148324676E0,1.012574209620E-1,
5.723343161801E-2));
#1632=CARTESIAN_POINT('',(-1.193454215109E0,9.996621446569E-2,
1.395211760301E-2));
#1633=CARTESIAN_POINT('',(-1.120033785532E0,3.290453394266E-2,
5.220811222355E-2));
#1634=CARTESIAN_POINT('',(-1.118742579035E0,7.293610489708E-2,
5.305111140905E-2));
#1635=CARTESIAN_POINT('',(-1.147063895101E0,1.012574209620E-1,
3.456077199115E-2));
#1636=CARTESIAN_POINT('',(-1.187095466057E0,9.996621446569E-2,
8.425075024151E-3));
#1637=CARTESIAN_POINT('',(-1.120033785534E0,3.290453394266E-2,
-3.811739059678E-12));
#1638=CARTESIAN_POINT('',(-1.118742579038E0,7.293610489708E-2,
-3.873271360636E-12));
#1639=CARTESIAN_POINT('',(-1.147063895103E0,1.012574209620E-1,
-2.522998004025E-12));
#1640=CARTESIAN_POINT('',(-1.187095466057E0,9.996621446569E-2,
-6.149544213621E-13));
#1641=CARTESIAN_POINT('',(-1.120033785537E0,3.290453394266E-2,
-5.220811223117E-2));
#1642=CARTESIAN_POINT('',(-1.118742579041E0,7.293610489708E-2,
-5.305111141679E-2));
#1643=CARTESIAN_POINT('',(-1.147063895105E0,1.012574209620E-1,
-3.456077199620E-2));
#1644=CARTESIAN_POINT('',(-1.187095466058E0,9.996621446569E-2,
-8.425075025381E-3));
#1645=CARTESIAN_POINT('',(-1.159437385288E0,3.290453394266E-2,
-8.645783206898E-2));
#1646=CARTESIAN_POINT('',(-1.158782424791E0,7.293610489708E-2,
-8.785385806781E-2));
#1647=CARTESIAN_POINT('',(-1.173148324682E0,1.012574209620E-1,
-5.723343162057E-2));
#1648=CARTESIAN_POINT('',(-1.193454215110E0,9.996621446569E-2,
-1.395211760363E-2));
#1649=CARTESIAN_POINT('',(-1.211136716849E0,3.290453394266E-2,
-7.918692438654E-2));
#1650=CARTESIAN_POINT('',(-1.211316540306E0,7.293610489708E-2,
-8.046554776357E-2));
#1651=CARTESIAN_POINT('',(-1.207372293603E0,1.012574209620E-1,
-5.242022976593E-2));
#1652=CARTESIAN_POINT('',(-1.201797185743E0,9.996621446569E-2,
-1.277877614175E-2));
#1653=(BOUNDED_SURFACE()B_SPLINE_SURFACE(3,3,((#1625,#1626,#1627,#1628),(#1629,
#1630,#1631,#1632),(#1633,#1634,#1635,#1636),(#1637,#1638,#1639,#1640),(#1641,
#1642,#1643,#1644),(#1645,#1646,#1647,#1648),(#1649,#1650,#1651,#1652)),
.UNSPECIFIED.,.F.,.F.,.F.)B_SPLINE_SURFACE_WITH_KNOTS((4,3,4),(4,4),(0.E0,1.E0,
2.E0),(0.E0,1.E0),.UNSPECIFIED.)GEOMETRIC_REPRESENTATION_ITEM()RATIONAL_B_SPLINE_SURFACE(((1.434386219132E0,1.132154901202E0,1.132154901202E0,1.434386219132E0),(
1.105455593096E0,8.725313664418E-1,8.725313664418E-1,1.105455593096E0),(
1.105455593096E0,8.725313664418E-1,8.725313664418E-1,1.105455593096E0),(
1.434386219132E0,1.132154901202E0,1.132154901202E0,1.434386219132E0),(
1.105455593096E0,8.725313664418E-1,8.725313664418E-1,1.105455593096E0),(
1.105455593096E0,8.725313664418E-1,8.725313664418E-1,1.105455593096E0),(
1.434386219132E0,1.132154901202E0,1.132154901202E0,1.434386219132E0)))REPRESENTATION_ITEM('')SURFACE());
#1654=ORIENTED_EDGE('',*,*,#1606,.F.);
#1655=ORIENTED_EDGE('',*,*,#1540,.T.);
#1657=ORIENTED_EDGE('',*,*,#1656,.T.);
#1658=ORIENTED_EDGE('',*,*,#1617,.F.);
#1659=EDGE_LOOP('',(#1654,#1655,#1657,#1658));
#1660=FACE_OUTER_BOUND('',#1659,.F.);
#1661=ADVANCED_FACE('',(#1660),#1653,.F.);
#1662=CARTESIAN_POINT('',(-1.2E0,0.E0,0.E0));
#1663=DIRECTION('',(0.E0,1.E0,0.E0));
#1664=DIRECTION('',(1.E0,0.E0,0.E0));
#1665=AXIS2_PLACEMENT_3D('',#1662,#1663,#1664);
#1666=CYLINDRICAL_SURFACE('',#1665,8.E-2);
#1667=ORIENTED_EDGE('',*,*,#1656,.F.);
#1668=ORIENTED_EDGE('',*,*,#1559,.F.);
#1670=ORIENTED_EDGE('',*,*,#1669,.T.);
#1672=ORIENTED_EDGE('',*,*,#1671,.T.);
#1673=EDGE_LOOP('',(#1667,#1668,#1670,#1672));
#1674=FACE_OUTER_BOUND('',#1673,.F.);
#1675=ADVANCED_FACE('',(#1674),#1666,.F.);
#1676=CARTESIAN_POINT('',(0.E0,0.E0,0.E0));
#1677=DIRECTION('',(0.E0,1.E0,0.E0));
#1678=DIRECTION('',(1.E0,0.E0,0.E0));
#1679=AXIS2_PLACEMENT_3D('',#1676,#1677,#1678);
#1680=PLANE('',#1679);
#1681=ORIENTED_EDGE('',*,*,#1557,.F.);
#1682=ORIENTED_EDGE('',*,*,#1585,.F.);
#1684=ORIENTED_EDGE('',*,*,#1683,.T.);
#1686=ORIENTED_EDGE('',*,*,#1685,.T.);
#1688=ORIENTED_EDGE('',*,*,#1687,.T.);
#1690=ORIENTED_EDGE('',*,*,#1689,.T.);
#1692=ORIENTED_EDGE('',*,*,#1691,.T.);
#1693=ORIENTED_EDGE('',*,*,#1577,.F.);
#1695=ORIENTED_EDGE('',*,*,#1694,.T.);
#1696=ORIENTED_EDGE('',*,*,#1669,.F.);
#1697=EDGE_LOOP('',(#1681,#1682,#1684,#1686,#1688,#1690,#1692,#1693,#1695,
#1696));
#1698=FACE_OUTER_BOUND('',#1697,.F.);
#1699=ADVANCED_FACE('',(#1698),#1680,.F.);
#1700=CARTESIAN_POINT('',(-1.35E0,0.E0,1.25E-1));
#1701=DIRECTION('',(0.E0,0.E0,1.E0));
#1702=DIRECTION('',(1.E0,0.E0,0.E0));
#1703=AXIS2_PLACEMENT_3D('',#1700,#1701,#1702);
#1704=PLANE('',#1703);
#1705=ORIENTED_EDGE('',*,*,#1583,.T.);
#1707=ORIENTED_EDGE('',*,*,#1706,.T.);
#1709=ORIENTED_EDGE('',*,*,#1708,.F.);
#1710=ORIENTED_EDGE('',*,*,#1683,.F.);
#1711=EDGE_LOOP('',(#1705,#1707,#1709,#1710));
#1712=FACE_OUTER_BOUND('',#1711,.F.);
#1713=ADVANCED_FACE('',(#1712),#1704,.T.);
#1714=CARTESIAN_POINT('',(0.E0,2.E-1,0.E0));
#1715=DIRECTION('',(0.E0,1.E0,0.E0));
#1716=DIRECTION('',(1.E0,0.E0,0.E0));
#1717=AXIS2_PLACEMENT_3D('',#1714,#1715,#1716);
#1718=PLANE('',#1717);
#1719=ORIENTED_EDGE('',*,*,#1581,.T.);
#1721=ORIENTED_EDGE('',*,*,#1720,.F.);
#1723=ORIENTED_EDGE('',*,*,#1722,.F.);
#1725=ORIENTED_EDGE('',*,*,#1724,.F.);
#1727=ORIENTED_EDGE('',*,*,#1726,.F.);
#1728=ORIENTED_EDGE('',*,*,#1706,.F.);
#1729=EDGE_LOOP('',(#1719,#1721,#1723,#1725,#1727,#1728));
#1730=FACE_OUTER_BOUND('',#1729,.F.);
#1731=ADVANCED_FACE('',(#1730),#1718,.T.);
#1732=CARTESIAN_POINT('',(-9.74E-1,0.E0,-1.25E-1));
#1733=DIRECTION('',(0.E0,0.E0,-1.E0));
#1734=DIRECTION('',(-1.E0,0.E0,0.E0));
#1735=AXIS2_PLACEMENT_3D('',#1732,#1733,#1734);
#1736=PLANE('',#1735);
#1737=ORIENTED_EDGE('',*,*,#1579,.F.);
#1738=ORIENTED_EDGE('',*,*,#1691,.F.);
#1740=ORIENTED_EDGE('',*,*,#1739,.T.);
#1741=ORIENTED_EDGE('',*,*,#1720,.T.);
#1742=EDGE_LOOP('',(#1737,#1738,#1740,#1741));
#1743=FACE_OUTER_BOUND('',#1742,.F.);
#1744=ADVANCED_FACE('',(#1743),#1736,.T.);
#1745=CARTESIAN_POINT('',(-9.74E-1,0.E0,-1.E-3));
#1746=DIRECTION('',(0.E0,1.E0,0.E0));
#1747=DIRECTION('',(1.E0,0.E0,0.E0));
#1748=AXIS2_PLACEMENT_3D('',#1745,#1746,#1747);
#1749=CYLINDRICAL_SURFACE('',#1748,1.24E-1);
#1750=ORIENTED_EDGE('',*,*,#1689,.F.);
#1752=ORIENTED_EDGE('',*,*,#1751,.T.);
#1753=ORIENTED_EDGE('',*,*,#1722,.T.);
#1754=ORIENTED_EDGE('',*,*,#1739,.F.);
#1755=EDGE_LOOP('',(#1750,#1752,#1753,#1754));
#1756=FACE_OUTER_BOUND('',#1755,.F.);
#1757=ADVANCED_FACE('',(#1756),#1749,.T.);
#1758=CARTESIAN_POINT('',(-8.5E-1,0.E0,1.E-3));
#1759=DIRECTION('',(1.E0,0.E0,0.E0));
#1760=DIRECTION('',(0.E0,0.E0,-1.E0));
#1761=AXIS2_PLACEMENT_3D('',#1758,#1759,#1760);
#1762=PLANE('',#1761);
#1763=ORIENTED_EDGE('',*,*,#1687,.F.);
#1765=ORIENTED_EDGE('',*,*,#1764,.T.);
#1766=ORIENTED_EDGE('',*,*,#1724,.T.);
#1767=ORIENTED_EDGE('',*,*,#1751,.F.);
#1768=EDGE_LOOP('',(#1763,#1765,#1766,#1767));
#1769=FACE_OUTER_BOUND('',#1768,.F.);
#1770=ADVANCED_FACE('',(#1769),#1762,.T.);
#1771=CARTESIAN_POINT('',(-9.74E-1,0.E0,1.E-3));
#1772=DIRECTION('',(0.E0,1.E0,0.E0));
#1773=DIRECTION('',(1.E0,0.E0,0.E0));
#1774=AXIS2_PLACEMENT_3D('',#1771,#1772,#1773);
#1775=CYLINDRICAL_SURFACE('',#1774,1.24E-1);
#1776=ORIENTED_EDGE('',*,*,#1685,.F.);
#1777=ORIENTED_EDGE('',*,*,#1708,.T.);
#1778=ORIENTED_EDGE('',*,*,#1726,.T.);
#1779=ORIENTED_EDGE('',*,*,#1764,.F.);
#1780=EDGE_LOOP('',(#1776,#1777,#1778,#1779));
#1781=FACE_OUTER_BOUND('',#1780,.F.);
#1782=ADVANCED_FACE('',(#1781),#1775,.T.);
#1783=CARTESIAN_POINT('',(-1.2E0,0.E0,-8.E-2));
#1784=DIRECTION('',(0.E0,0.E0,-1.E0));
#1785=DIRECTION('',(-1.E0,0.E0,0.E0));
#1786=AXIS2_PLACEMENT_3D('',#1783,#1784,#1785);
#1787=PLANE('',#1786);
#1788=ORIENTED_EDGE('',*,*,#1619,.F.);
#1789=ORIENTED_EDGE('',*,*,#1671,.F.);
#1790=ORIENTED_EDGE('',*,*,#1694,.F.);
#1791=ORIENTED_EDGE('',*,*,#1575,.T.);
#1792=EDGE_LOOP('',(#1788,#1789,#1790,#1791));
#1793=FACE_OUTER_BOUND('',#1792,.F.);
#1794=ADVANCED_FACE('',(#1793),#1787,.F.);
#1795=CLOSED_SHELL('',(#1548,#1563,#1589,#1610,#1624,#1661,#1675,#1699,#1713,
#1731,#1744,#1757,#1770,#1782,#1794));
#1796=MANIFOLD_SOLID_BREP('',#1795);
#1797=FILL_AREA_STYLE_COLOUR('',#28);
#1798=FILL_AREA_STYLE('',(#1797));
#1799=SURFACE_STYLE_FILL_AREA(#1798);
#1800=SURFACE_SIDE_STYLE('',(#1799));
#1801=SURFACE_STYLE_USAGE(.POSITIVE.,#1800);
#1802=PRESENTATION_STYLE_ASSIGNMENT((#1801));
#1214=STYLED_ITEM('',(#1802),#1796);
#1804=CARTESIAN_POINT('',(-1.25E0,3.5E-2,5.15E-1));
#1805=DIRECTION('',(1.E0,0.E0,0.E0));
#1806=DIRECTION('',(0.E0,1.E0,0.E0));
#1807=AXIS2_PLACEMENT_3D('',#1804,#1805,#1806);
#1809=CURVE_STYLE('',#36,POSITIVE_LENGTH_MEASURE(2.E-2),#28);
#1810=PRESENTATION_STYLE_ASSIGNMENT((#1809));
#1811=STYLED_ITEM('',(#1810),#1808);
#1812=DIRECTION('',(1.E0,0.E0,0.E0));
#1813=VECTOR('',#1812,4.999999999726E-2);
#1814=CARTESIAN_POINT('',(-1.25E0,3.5E-2,5.8E-1));
#1815=LINE('',#1814,#1813);
#1816=CURVE_STYLE('',#36,POSITIVE_LENGTH_MEASURE(2.E-2),#28);
#1817=PRESENTATION_STYLE_ASSIGNMENT((#1816));
#1818=STYLED_ITEM('',(#1817),#1815);
#1819=DIRECTION('',(0.E0,1.E0,0.E0));
#1820=VECTOR('',#1819,3.5E-2);
#1821=CARTESIAN_POINT('',(-1.25E0,0.E0,5.8E-1));
#1822=LINE('',#1821,#1820);
#1823=CURVE_STYLE('',#36,POSITIVE_LENGTH_MEASURE(2.E-2),#28);
#1824=PRESENTATION_STYLE_ASSIGNMENT((#1823));
#1825=STYLED_ITEM('',(#1824),#1822);
#1826=DIRECTION('',(0.E0,0.E0,-1.E0));
#1827=VECTOR('',#1826,3.E-2);
#1828=CARTESIAN_POINT('',(-1.25E0,1.E-1,5.15E-1));
#1829=LINE('',#1828,#1827);
#1830=CURVE_STYLE('',#36,POSITIVE_LENGTH_MEASURE(2.E-2),#28);
#1831=PRESENTATION_STYLE_ASSIGNMENT((#1830));
#1832=STYLED_ITEM('',(#1831),#1829);
#1833=DIRECTION('',(0.E0,1.E0,0.E0));
#1834=VECTOR('',#1833,3.5E-2);
#1835=CARTESIAN_POINT('',(-1.25E0,0.E0,4.2E-1));
#1836=LINE('',#1835,#1834);
#1837=CURVE_STYLE('',#36,POSITIVE_LENGTH_MEASURE(2.E-2),#28);
#1838=PRESENTATION_STYLE_ASSIGNMENT((#1837));
#1839=STYLED_ITEM('',(#1838),#1836);
#1840=DIRECTION('',(-1.E0,0.E0,0.E0));
#1841=VECTOR('',#1840,5.E-2);
#1842=CARTESIAN_POINT('',(-1.2E0,1.E-1,4.85E-1));
#1843=LINE('',#1842,#1841);
#1844=CURVE_STYLE('',#36,POSITIVE_LENGTH_MEASURE(2.E-2),#28);
#1845=PRESENTATION_STYLE_ASSIGNMENT((#1844));
#1846=STYLED_ITEM('',(#1845),#1843);
#1847=DIRECTION('',(1.E0,0.E0,0.E0));
#1848=VECTOR('',#1847,5.E-2);
#1849=CARTESIAN_POINT('',(-1.25E0,1.E-1,5.15E-1));
#1850=LINE('',#1849,#1848);
#1851=CURVE_STYLE('',#36,POSITIVE_LENGTH_MEASURE(2.E-2),#28);
#1852=PRESENTATION_STYLE_ASSIGNMENT((#1851));
#1853=STYLED_ITEM('',(#1852),#1850);
#1854=CARTESIAN_POINT('',(-1.2E0,1.E-1,5.E-1));
#1855=DIRECTION('',(0.E0,1.E0,0.E0));
#1856=DIRECTION('',(0.E0,0.E0,1.E0));
#1857=AXIS2_PLACEMENT_3D('',#1854,#1855,#1856);
#1859=CURVE_STYLE('',#36,POSITIVE_LENGTH_MEASURE(2.E-2),#28);
#1860=PRESENTATION_STYLE_ASSIGNMENT((#1859));
#1861=STYLED_ITEM('',(#1860),#1858);
#1862=CARTESIAN_POINT('',(-1.2E0,3.5E-2,4.85E-1));
#1863=DIRECTION('',(-1.E0,0.E0,0.E0));
#1864=DIRECTION('',(0.E0,1.E0,0.E0));
#1865=AXIS2_PLACEMENT_3D('',#1862,#1863,#1864);
#1867=CURVE_STYLE('',#36,POSITIVE_LENGTH_MEASURE(2.E-2),#28);
#1868=PRESENTATION_STYLE_ASSIGNMENT((#1867));
#1869=STYLED_ITEM('',(#1868),#1866);
#1870=CARTESIAN_POINT('',(-1.25E0,3.5E-2,4.85E-1));
#1871=DIRECTION('',(1.E0,0.E0,0.E0));
#1872=DIRECTION('',(0.E0,0.E0,-1.E0));
#1873=AXIS2_PLACEMENT_3D('',#1870,#1871,#1872);
#1875=CURVE_STYLE('',#36,POSITIVE_LENGTH_MEASURE(2.E-2),#28);
#1876=PRESENTATION_STYLE_ASSIGNMENT((#1875));
#1877=STYLED_ITEM('',(#1876),#1874);
#1878=CARTESIAN_POINT('',(-1.2E0,3.5E-2,5.15E-1));
#1879=DIRECTION('',(1.E0,0.E0,0.E0));
#1880=DIRECTION('',(0.E0,1.E0,0.E0));
#1881=AXIS2_PLACEMENT_3D('',#1878,#1879,#1880);
#1883=CURVE_STYLE('',#36,POSITIVE_LENGTH_MEASURE(2.E-2),#28);
#1884=PRESENTATION_STYLE_ASSIGNMENT((#1883));
#1885=STYLED_ITEM('',(#1884),#1882);
#1886=CARTESIAN_POINT('',(-1.2E0,3.5E-2,5.E-1));
#1887=DIRECTION('',(0.E0,1.E0,0.E0));
#1888=DIRECTION('',(0.E0,0.E0,1.E0));
#1889=AXIS2_PLACEMENT_3D('',#1886,#1887,#1888);
#1891=CURVE_STYLE('',#36,POSITIVE_LENGTH_MEASURE(2.E-2),#28);
#1892=PRESENTATION_STYLE_ASSIGNMENT((#1891));
#1893=STYLED_ITEM('',(#1892),#1890);
#1894=DIRECTION('',(-7.819776572303E-11,1.E0,0.E0));
#1895=VECTOR('',#1894,3.5E-2);
#1896=CARTESIAN_POINT('',(-1.2E0,0.E0,5.8E-1));
#1897=LINE('',#1896,#1895);
#1898=CURVE_STYLE('',#36,POSITIVE_LENGTH_MEASURE(2.E-2),#28);
#1899=PRESENTATION_STYLE_ASSIGNMENT((#1898));
#1900=STYLED_ITEM('',(#1899),#1897);
#1901=DIRECTION('',(1.E0,0.E0,0.E0));
#1902=VECTOR('',#1901,5.E-2);
#1903=CARTESIAN_POINT('',(-1.25E0,0.E0,5.8E-1));
#1904=LINE('',#1903,#1902);
#1905=CURVE_STYLE('',#36,POSITIVE_LENGTH_MEASURE(2.E-2),#28);
#1906=PRESENTATION_STYLE_ASSIGNMENT((#1905));
#1907=STYLED_ITEM('',(#1906),#1904);
#1908=DIRECTION('',(0.E0,0.E0,-1.E0));
#1909=VECTOR('',#1908,4.5E-2);
#1910=CARTESIAN_POINT('',(-1.25E0,0.E0,6.25E-1));
#1911=LINE('',#1910,#1909);
#1912=CURVE_STYLE('',#36,POSITIVE_LENGTH_MEASURE(2.E-2),#28);
#1913=PRESENTATION_STYLE_ASSIGNMENT((#1912));
#1914=STYLED_ITEM('',(#1913),#1911);
#1915=DIRECTION('',(1.E0,0.E0,0.E0));
#1916=VECTOR('',#1915,2.76E-1);
#1917=CARTESIAN_POINT('',(-1.25E0,0.E0,6.25E-1));
#1918=LINE('',#1917,#1916);
#1919=CURVE_STYLE('',#36,POSITIVE_LENGTH_MEASURE(2.E-2),#28);
#1920=PRESENTATION_STYLE_ASSIGNMENT((#1919));
#1921=STYLED_ITEM('',(#1920),#1918);
#1922=CARTESIAN_POINT('',(-9.74E-1,0.E0,5.01E-1));
#1923=DIRECTION('',(0.E0,1.E0,0.E0));
#1924=DIRECTION('',(0.E0,0.E0,1.E0));
#1925=AXIS2_PLACEMENT_3D('',#1922,#1923,#1924);
#1927=CURVE_STYLE('',#36,POSITIVE_LENGTH_MEASURE(2.E-2),#28);
#1928=PRESENTATION_STYLE_ASSIGNMENT((#1927));
#1929=STYLED_ITEM('',(#1928),#1926);
#1930=DIRECTION('',(0.E0,0.E0,-1.E0));
#1931=VECTOR('',#1930,2.E-3);
#1932=CARTESIAN_POINT('',(-8.5E-1,0.E0,5.01E-1));
#1933=LINE('',#1932,#1931);
#1934=CURVE_STYLE('',#36,POSITIVE_LENGTH_MEASURE(2.E-2),#28);
#1935=PRESENTATION_STYLE_ASSIGNMENT((#1934));
#1936=STYLED_ITEM('',(#1935),#1933);
#1937=CARTESIAN_POINT('',(-9.74E-1,0.E0,4.99E-1));
#1938=DIRECTION('',(0.E0,1.E0,0.E0));
#1939=DIRECTION('',(1.E0,0.E0,0.E0));
#1940=AXIS2_PLACEMENT_3D('',#1937,#1938,#1939);
#1942=CURVE_STYLE('',#36,POSITIVE_LENGTH_MEASURE(2.E-2),#28);
#1943=PRESENTATION_STYLE_ASSIGNMENT((#1942));
#1944=STYLED_ITEM('',(#1943),#1941);
#1945=DIRECTION('',(-1.E0,0.E0,0.E0));
#1946=VECTOR('',#1945,2.76E-1);
#1947=CARTESIAN_POINT('',(-9.74E-1,0.E0,3.75E-1));
#1948=LINE('',#1947,#1946);
#1949=CURVE_STYLE('',#36,POSITIVE_LENGTH_MEASURE(2.E-2),#28);
#1950=PRESENTATION_STYLE_ASSIGNMENT((#1949));
#1951=STYLED_ITEM('',(#1950),#1948);
#1952=DIRECTION('',(0.E0,0.E0,-1.E0));
#1953=VECTOR('',#1952,4.5E-2);
#1954=CARTESIAN_POINT('',(-1.25E0,0.E0,4.2E-1));
#1955=LINE('',#1954,#1953);
#1956=CURVE_STYLE('',#36,POSITIVE_LENGTH_MEASURE(2.E-2),#28);
#1957=PRESENTATION_STYLE_ASSIGNMENT((#1956));
#1958=STYLED_ITEM('',(#1957),#1955);
#1959=DIRECTION('',(1.E0,0.E0,0.E0));
#1960=VECTOR('',#1959,5.E-2);
#1961=CARTESIAN_POINT('',(-1.25E0,0.E0,4.2E-1));
#1962=LINE('',#1961,#1960);
#1963=CURVE_STYLE('',#36,POSITIVE_LENGTH_MEASURE(2.E-2),#28);
#1964=PRESENTATION_STYLE_ASSIGNMENT((#1963));
#1965=STYLED_ITEM('',(#1964),#1962);
#1966=CARTESIAN_POINT('',(-1.2E0,0.E0,5.E-1));
#1967=DIRECTION('',(0.E0,1.E0,0.E0));
#1968=DIRECTION('',(-1.387778780781E-14,0.E0,1.E0));
#1969=AXIS2_PLACEMENT_3D('',#1966,#1967,#1968);
#1971=CURVE_STYLE('',#36,POSITIVE_LENGTH_MEASURE(2.E-2),#28);
#1972=PRESENTATION_STYLE_ASSIGNMENT((#1971));
#1973=STYLED_ITEM('',(#1972),#1970);
#1974=DIRECTION('',(0.E0,1.E0,0.E0));
#1975=VECTOR('',#1974,2.E-1);
#1976=CARTESIAN_POINT('',(-1.25E0,0.E0,6.25E-1));
#1977=LINE('',#1976,#1975);
#1978=CURVE_STYLE('',#36,POSITIVE_LENGTH_MEASURE(2.E-2),#28);
#1979=PRESENTATION_STYLE_ASSIGNMENT((#1978));
#1980=STYLED_ITEM('',(#1979),#1977);
#1981=DIRECTION('',(0.E0,0.E0,-1.E0));
#1982=VECTOR('',#1981,2.5E-1);
#1983=CARTESIAN_POINT('',(-1.25E0,2.E-1,6.25E-1));
#1984=LINE('',#1983,#1982);
#1985=CURVE_STYLE('',#36,POSITIVE_LENGTH_MEASURE(2.E-2),#28);
#1986=PRESENTATION_STYLE_ASSIGNMENT((#1985));
#1987=STYLED_ITEM('',(#1986),#1984);
#1988=DIRECTION('',(-1.E0,0.E0,0.E0));
#1989=VECTOR('',#1988,2.76E-1);
#1990=CARTESIAN_POINT('',(-9.74E-1,2.E-1,3.75E-1));
#1991=LINE('',#1990,#1989);
#1992=CURVE_STYLE('',#36,POSITIVE_LENGTH_MEASURE(2.E-2),#28);
#1993=PRESENTATION_STYLE_ASSIGNMENT((#1992));
#1994=STYLED_ITEM('',(#1993),#1991);
#1995=CARTESIAN_POINT('',(-9.74E-1,2.E-1,4.99E-1));
#1996=DIRECTION('',(0.E0,1.E0,0.E0));
#1997=DIRECTION('',(1.E0,0.E0,0.E0));
#1998=AXIS2_PLACEMENT_3D('',#1995,#1996,#1997);
#2000=CURVE_STYLE('',#36,POSITIVE_LENGTH_MEASURE(2.E-2),#28);
#2001=PRESENTATION_STYLE_ASSIGNMENT((#2000));
#2002=STYLED_ITEM('',(#2001),#1999);
#2003=DIRECTION('',(0.E0,0.E0,-1.E0));
#2004=VECTOR('',#2003,2.E-3);
#2005=CARTESIAN_POINT('',(-8.5E-1,2.E-1,5.01E-1));
#2006=LINE('',#2005,#2004);
#2007=CURVE_STYLE('',#36,POSITIVE_LENGTH_MEASURE(2.E-2),#28);
#2008=PRESENTATION_STYLE_ASSIGNMENT((#2007));
#2009=STYLED_ITEM('',(#2008),#2006);
#2010=CARTESIAN_POINT('',(-9.74E-1,2.E-1,5.01E-1));
#2011=DIRECTION('',(0.E0,1.E0,0.E0));
#2012=DIRECTION('',(0.E0,0.E0,1.E0));
#2013=AXIS2_PLACEMENT_3D('',#2010,#2011,#2012);
#2015=CURVE_STYLE('',#36,POSITIVE_LENGTH_MEASURE(2.E-2),#28);
#2016=PRESENTATION_STYLE_ASSIGNMENT((#2015));
#2017=STYLED_ITEM('',(#2016),#2014);
#2018=DIRECTION('',(1.E0,0.E0,0.E0));
#2019=VECTOR('',#2018,2.76E-1);
#2020=CARTESIAN_POINT('',(-1.25E0,2.E-1,6.25E-1));
#2021=LINE('',#2020,#2019);
#2022=CURVE_STYLE('',#36,POSITIVE_LENGTH_MEASURE(2.E-2),#28);
#2023=PRESENTATION_STYLE_ASSIGNMENT((#2022));
#2024=STYLED_ITEM('',(#2023),#2021);
#2025=DIRECTION('',(0.E0,1.E0,0.E0));
#2026=VECTOR('',#2025,2.E-1);
#2027=CARTESIAN_POINT('',(-1.25E0,0.E0,3.75E-1));
#2028=LINE('',#2027,#2026);
#2029=CURVE_STYLE('',#36,POSITIVE_LENGTH_MEASURE(2.E-2),#28);
#2030=PRESENTATION_STYLE_ASSIGNMENT((#2029));
#2031=STYLED_ITEM('',(#2030),#2028);
#2032=DIRECTION('',(0.E0,1.E0,0.E0));
#2033=VECTOR('',#2032,2.E-1);
#2034=CARTESIAN_POINT('',(-9.74E-1,0.E0,3.75E-1));
#2035=LINE('',#2034,#2033);
#2036=CURVE_STYLE('',#36,POSITIVE_LENGTH_MEASURE(2.E-2),#28);
#2037=PRESENTATION_STYLE_ASSIGNMENT((#2036));
#2038=STYLED_ITEM('',(#2037),#2035);
#2039=DIRECTION('',(0.E0,1.E0,0.E0));
#2040=VECTOR('',#2039,2.E-1);
#2041=CARTESIAN_POINT('',(-8.5E-1,0.E0,4.99E-1));
#2042=LINE('',#2041,#2040);
#2043=CURVE_STYLE('',#36,POSITIVE_LENGTH_MEASURE(2.E-2),#28);
#2044=PRESENTATION_STYLE_ASSIGNMENT((#2043));
#2045=STYLED_ITEM('',(#2044),#2042);
#2046=DIRECTION('',(0.E0,1.E0,0.E0));
#2047=VECTOR('',#2046,2.E-1);
#2048=CARTESIAN_POINT('',(-8.5E-1,0.E0,5.01E-1));
#2049=LINE('',#2048,#2047);
#2050=CURVE_STYLE('',#36,POSITIVE_LENGTH_MEASURE(2.E-2),#28);
#2051=PRESENTATION_STYLE_ASSIGNMENT((#2050));
#2052=STYLED_ITEM('',(#2051),#2049);
#2053=DIRECTION('',(0.E0,1.E0,0.E0));
#2054=VECTOR('',#2053,2.E-1);
#2055=CARTESIAN_POINT('',(-9.74E-1,0.E0,6.25E-1));
#2056=LINE('',#2055,#2054);
#2057=CURVE_STYLE('',#36,POSITIVE_LENGTH_MEASURE(2.E-2),#28);
#2058=PRESENTATION_STYLE_ASSIGNMENT((#2057));
#2059=STYLED_ITEM('',(#2058),#2056);
#2060=DIRECTION('',(-1.E0,0.E0,0.E0));
#2061=VECTOR('',#2060,4.999999999071E-2);
#2062=CARTESIAN_POINT('',(-1.200000000009E0,3.5E-2,4.2E-1));
#2063=LINE('',#2062,#2061);
#2064=CURVE_STYLE('',#36,POSITIVE_LENGTH_MEASURE(2.E-2),#28);
#2065=PRESENTATION_STYLE_ASSIGNMENT((#2064));
#2066=STYLED_ITEM('',(#2065),#2063);
#2067=DIRECTION('',(-2.653686794117E-10,1.E0,0.E0));
#2068=VECTOR('',#2067,3.5E-2);
#2069=CARTESIAN_POINT('',(-1.2E0,0.E0,4.2E-1));
#2070=LINE('',#2069,#2068);
#2071=CURVE_STYLE('',#36,POSITIVE_LENGTH_MEASURE(2.E-2),#28);
#2072=PRESENTATION_STYLE_ASSIGNMENT((#2071));
#2073=STYLED_ITEM('',(#2072),#2070);
#2074=CARTESIAN_POINT('',(-9.74E-1,0.E0,6.25E-1));
#2075=CARTESIAN_POINT('',(-8.5E-1,0.E0,5.01E-1));
#2076=VERTEX_POINT('',#2074);
#2077=VERTEX_POINT('',#2075);
#2078=CARTESIAN_POINT('',(-8.5E-1,0.E0,4.99E-1));
#2079=VERTEX_POINT('',#2078);
#2080=CARTESIAN_POINT('',(-9.74E-1,0.E0,3.75E-1));
#2081=VERTEX_POINT('',#2080);
#2082=CARTESIAN_POINT('',(-9.74E-1,2.E-1,6.25E-1));
#2083=CARTESIAN_POINT('',(-8.5E-1,2.E-1,5.01E-1));
#2084=VERTEX_POINT('',#2082);
#2085=VERTEX_POINT('',#2083);
#2086=CARTESIAN_POINT('',(-8.5E-1,2.E-1,4.99E-1));
#2087=VERTEX_POINT('',#2086);
#2088=CARTESIAN_POINT('',(-9.74E-1,2.E-1,3.75E-1));
#2089=VERTEX_POINT('',#2088);
#2090=CARTESIAN_POINT('',(-1.25E0,2.E-1,6.25E-1));
#2091=CARTESIAN_POINT('',(-1.25E0,2.E-1,3.75E-1));
#2092=VERTEX_POINT('',#2090);
#2093=VERTEX_POINT('',#2091);
#2094=CARTESIAN_POINT('',(-1.25E0,0.E0,6.25E-1));
#2095=VERTEX_POINT('',#2094);
#2096=CARTESIAN_POINT('',(-1.25E0,0.E0,3.75E-1));
#2097=VERTEX_POINT('',#2096);
#2098=CARTESIAN_POINT('',(-1.25E0,0.E0,5.8E-1));
#2099=CARTESIAN_POINT('',(-1.2E0,0.E0,5.8E-1));
#2100=VERTEX_POINT('',#2098);
#2101=VERTEX_POINT('',#2099);
#2102=CARTESIAN_POINT('',(-1.2E0,0.E0,4.2E-1));
#2103=VERTEX_POINT('',#2102);
#2104=CARTESIAN_POINT('',(-1.25E0,0.E0,4.2E-1));
#2105=VERTEX_POINT('',#2104);
#2106=CARTESIAN_POINT('',(-1.2E0,1.E-1,4.85E-1));
#2107=CARTESIAN_POINT('',(-1.25E0,1.E-1,4.85E-1));
#2108=VERTEX_POINT('',#2106);
#2109=VERTEX_POINT('',#2107);
#2110=CARTESIAN_POINT('',(-1.200000000009E0,3.5E-2,4.2E-1));
#2111=CARTESIAN_POINT('',(-1.25E0,3.5E-2,4.2E-1));
#2112=VERTEX_POINT('',#2110);
#2113=VERTEX_POINT('',#2111);
#2114=CARTESIAN_POINT('',(-1.2E0,1.E-1,5.15E-1));
#2115=VERTEX_POINT('',#2114);
#2116=CARTESIAN_POINT('',(-1.2E0,3.5E-2,5.8E-1));
#2117=VERTEX_POINT('',#2116);
#2118=CARTESIAN_POINT('',(-1.25E0,3.5E-2,5.8E-1));
#2119=VERTEX_POINT('',#2118);
#2120=CARTESIAN_POINT('',(-1.25E0,1.E-1,5.15E-1));
#2121=VERTEX_POINT('',#2120);
#2122=CARTESIAN_POINT('',(-4.509E0,3.5E-2,5.15E-1));
#2123=DIRECTION('',(1.E0,0.E0,0.E0));
#2124=DIRECTION('',(0.E0,1.E0,0.E0));
#2125=AXIS2_PLACEMENT_3D('',#2122,#2123,#2124);
#2126=CYLINDRICAL_SURFACE('',#2125,6.5E-2);
#2128=ORIENTED_EDGE('',*,*,#2127,.T.);
#2130=ORIENTED_EDGE('',*,*,#2129,.F.);
#2132=ORIENTED_EDGE('',*,*,#2131,.F.);
#2134=ORIENTED_EDGE('',*,*,#2133,.T.);
#2135=EDGE_LOOP('',(#2128,#2130,#2132,#2134));
#2136=FACE_OUTER_BOUND('',#2135,.F.);
#2137=ADVANCED_FACE('',(#2136),#2126,.F.);
#2138=CARTESIAN_POINT('',(-1.25E0,0.E0,5.8E-1));
#2139=DIRECTION('',(0.E0,0.E0,1.E0));
#2140=DIRECTION('',(1.E0,0.E0,0.E0));
#2141=AXIS2_PLACEMENT_3D('',#2138,#2139,#2140);
#2142=PLANE('',#2141);
#2143=ORIENTED_EDGE('',*,*,#2127,.F.);
#2145=ORIENTED_EDGE('',*,*,#2144,.F.);
#2147=ORIENTED_EDGE('',*,*,#2146,.T.);
#2149=ORIENTED_EDGE('',*,*,#2148,.T.);
#2150=EDGE_LOOP('',(#2143,#2145,#2147,#2149));
#2151=FACE_OUTER_BOUND('',#2150,.F.);
#2152=ADVANCED_FACE('',(#2151),#2142,.F.);
#2153=CARTESIAN_POINT('',(-1.25E0,0.E0,1.5E0));
#2154=DIRECTION('',(1.E0,0.E0,0.E0));
#2155=DIRECTION('',(0.E0,0.E0,-1.E0));
#2156=AXIS2_PLACEMENT_3D('',#2153,#2154,#2155);
#2157=PLANE('',#2156);
#2158=ORIENTED_EDGE('',*,*,#2144,.T.);
#2159=ORIENTED_EDGE('',*,*,#2133,.F.);
#2161=ORIENTED_EDGE('',*,*,#2160,.T.);
#2163=ORIENTED_EDGE('',*,*,#2162,.F.);
#2165=ORIENTED_EDGE('',*,*,#2164,.F.);
#2167=ORIENTED_EDGE('',*,*,#2166,.T.);
#2169=ORIENTED_EDGE('',*,*,#2168,.T.);
#2171=ORIENTED_EDGE('',*,*,#2170,.F.);
#2173=ORIENTED_EDGE('',*,*,#2172,.F.);
#2175=ORIENTED_EDGE('',*,*,#2174,.T.);
#2176=EDGE_LOOP('',(#2158,#2159,#2161,#2163,#2165,#2167,#2169,#2171,#2173,
#2175));
#2177=FACE_OUTER_BOUND('',#2176,.F.);
#2178=ADVANCED_FACE('',(#2177),#2157,.F.);
#2179=FILL_AREA_STYLE_COLOUR('',#29);
#2180=FILL_AREA_STYLE('',(#2179));
#2181=SURFACE_STYLE_FILL_AREA(#2180);
#2182=SURFACE_SIDE_STYLE('',(#2181));
#2183=SURFACE_STYLE_USAGE(.POSITIVE.,#2182);
#2184=PRESENTATION_STYLE_ASSIGNMENT((#2183));
#2185=OVER_RIDING_STYLED_ITEM('',(#2184),#2178,#1803);
#2186=CARTESIAN_POINT('',(0.E0,1.E-1,1.5E0));
#2187=DIRECTION('',(0.E0,1.E0,0.E0));
#2188=DIRECTION('',(1.E0,0.E0,0.E0));
#2189=AXIS2_PLACEMENT_3D('',#2186,#2187,#2188);
#2190=PLANE('',#2189);
#2192=ORIENTED_EDGE('',*,*,#2191,.T.);
#2193=ORIENTED_EDGE('',*,*,#2160,.F.);
#2194=ORIENTED_EDGE('',*,*,#2131,.T.);
#2196=ORIENTED_EDGE('',*,*,#2195,.T.);
#2197=EDGE_LOOP('',(#2192,#2193,#2194,#2196));
#2198=FACE_OUTER_BOUND('',#2197,.F.);
#2199=ADVANCED_FACE('',(#2198),#2190,.F.);
#2200=CARTESIAN_POINT('',(-1.197314511898E0,3.5E-2,4.85E-1));
#2201=DIRECTION('',(-1.E0,0.E0,0.E0));
#2202=DIRECTION('',(0.E0,1.E0,0.E0));
#2203=AXIS2_PLACEMENT_3D('',#2200,#2201,#2202);
#2204=CYLINDRICAL_SURFACE('',#2203,6.5E-2);
#2205=ORIENTED_EDGE('',*,*,#2191,.F.);
#2207=ORIENTED_EDGE('',*,*,#2206,.T.);
#2209=ORIENTED_EDGE('',*,*,#2208,.T.);
#2210=ORIENTED_EDGE('',*,*,#2162,.T.);
#2211=EDGE_LOOP('',(#2205,#2207,#2209,#2210));
#2212=FACE_OUTER_BOUND('',#2211,.F.);
#2213=ADVANCED_FACE('',(#2212),#2204,.F.);
#2214=CARTESIAN_POINT('',(-1.211136716841E0,3.290453394266E-2,
5.791869243876E-1));
#2215=CARTESIAN_POINT('',(-1.211316540298E0,7.293610489708E-2,
5.804655477647E-1));
#2216=CARTESIAN_POINT('',(-1.207372293598E0,1.012574209620E-1,
5.524202297666E-1));
#2217=CARTESIAN_POINT('',(-1.201797185742E0,9.996621446569E-2,
5.127787761419E-1));
#2218=CARTESIAN_POINT('',(-1.159437385280E0,3.290453394266E-2,
5.864578320651E-1));
#2219=CARTESIAN_POINT('',(-1.158782424782E0,7.293610489708E-2,
5.878538580639E-1));
#2220=CARTESIAN_POINT('',(-1.173148324676E0,1.012574209620E-1,
5.572334316180E-1));
#2221=CARTESIAN_POINT('',(-1.193454215109E0,9.996621446569E-2,
5.139521176030E-1));
#2222=CARTESIAN_POINT('',(-1.120033785532E0,3.290453394266E-2,
5.522081122236E-1));
#2223=CARTESIAN_POINT('',(-1.118742579035E0,7.293610489708E-2,
5.530511114090E-1));
#2224=CARTESIAN_POINT('',(-1.147063895101E0,1.012574209620E-1,
5.345607719912E-1));
#2225=CARTESIAN_POINT('',(-1.187095466057E0,9.996621446569E-2,
5.084250750242E-1));
#2226=CARTESIAN_POINT('',(-1.120033785534E0,3.290453394266E-2,
4.999999999962E-1));
#2227=CARTESIAN_POINT('',(-1.118742579038E0,7.293610489708E-2,
4.999999999961E-1));
#2228=CARTESIAN_POINT('',(-1.147063895103E0,1.012574209620E-1,
4.999999999975E-1));
#2229=CARTESIAN_POINT('',(-1.187095466057E0,9.996621446569E-2,
4.999999999994E-1));
#2230=CARTESIAN_POINT('',(-1.120033785537E0,3.290453394266E-2,
4.477918877688E-1));
#2231=CARTESIAN_POINT('',(-1.118742579041E0,7.293610489708E-2,
4.469488885832E-1));
#2232=CARTESIAN_POINT('',(-1.147063895105E0,1.012574209620E-1,
4.654392280038E-1));
#2233=CARTESIAN_POINT('',(-1.187095466058E0,9.996621446569E-2,
4.915749249746E-1));
#2234=CARTESIAN_POINT('',(-1.159437385288E0,3.290453394266E-2,
4.135421679310E-1));
#2235=CARTESIAN_POINT('',(-1.158782424791E0,7.293610489708E-2,
4.121461419322E-1));
#2236=CARTESIAN_POINT('',(-1.173148324682E0,1.012574209620E-1,
4.427665683794E-1));
#2237=CARTESIAN_POINT('',(-1.193454215110E0,9.996621446569E-2,
4.860478823964E-1));
#2238=CARTESIAN_POINT('',(-1.211136716849E0,3.290453394266E-2,
4.208130756135E-1));
#2239=CARTESIAN_POINT('',(-1.211316540306E0,7.293610489708E-2,
4.195344522364E-1));
#2240=CARTESIAN_POINT('',(-1.207372293603E0,1.012574209620E-1,
4.475797702341E-1));
#2241=CARTESIAN_POINT('',(-1.201797185743E0,9.996621446569E-2,
4.872212238582E-1));
#2242=(BOUNDED_SURFACE()B_SPLINE_SURFACE(3,3,((#2214,#2215,#2216,#2217),(#2218,
#2219,#2220,#2221),(#2222,#2223,#2224,#2225),(#2226,#2227,#2228,#2229),(#2230,
#2231,#2232,#2233),(#2234,#2235,#2236,#2237),(#2238,#2239,#2240,#2241)),
.UNSPECIFIED.,.F.,.F.,.F.)B_SPLINE_SURFACE_WITH_KNOTS((4,3,4),(4,4),(0.E0,1.E0,
2.E0),(0.E0,1.E0),.UNSPECIFIED.)GEOMETRIC_REPRESENTATION_ITEM()RATIONAL_B_SPLINE_SURFACE(((1.434386219132E0,1.132154901202E0,1.132154901202E0,1.434386219132E0),(
1.105455593096E0,8.725313664418E-1,8.725313664418E-1,1.105455593096E0),(
1.105455593096E0,8.725313664418E-1,8.725313664418E-1,1.105455593096E0),(
1.434386219132E0,1.132154901202E0,1.132154901202E0,1.434386219132E0),(
1.105455593096E0,8.725313664418E-1,8.725313664418E-1,1.105455593096E0),(
1.105455593096E0,8.725313664418E-1,8.725313664418E-1,1.105455593096E0),(
1.434386219132E0,1.132154901202E0,1.132154901202E0,1.434386219132E0)))REPRESENTATION_ITEM('')SURFACE());
#2243=ORIENTED_EDGE('',*,*,#2195,.F.);
#2244=ORIENTED_EDGE('',*,*,#2129,.T.);
#2246=ORIENTED_EDGE('',*,*,#2245,.T.);
#2247=ORIENTED_EDGE('',*,*,#2206,.F.);
#2248=EDGE_LOOP('',(#2243,#2244,#2246,#2247));
#2249=FACE_OUTER_BOUND('',#2248,.F.);
#2250=ADVANCED_FACE('',(#2249),#2242,.F.);
#2251=CARTESIAN_POINT('',(-1.2E0,0.E0,5.E-1));
#2252=DIRECTION('',(0.E0,1.E0,0.E0));
#2253=DIRECTION('',(1.E0,0.E0,0.E0));
#2254=AXIS2_PLACEMENT_3D('',#2251,#2252,#2253);
#2255=CYLINDRICAL_SURFACE('',#2254,8.E-2);
#2256=ORIENTED_EDGE('',*,*,#2245,.F.);
#2257=ORIENTED_EDGE('',*,*,#2148,.F.);
#2259=ORIENTED_EDGE('',*,*,#2258,.T.);
#2261=ORIENTED_EDGE('',*,*,#2260,.T.);
#2262=EDGE_LOOP('',(#2256,#2257,#2259,#2261));
#2263=FACE_OUTER_BOUND('',#2262,.F.);
#2264=ADVANCED_FACE('',(#2263),#2255,.F.);
#2265=CARTESIAN_POINT('',(0.E0,0.E0,0.E0));
#2266=DIRECTION('',(0.E0,1.E0,0.E0));
#2267=DIRECTION('',(1.E0,0.E0,0.E0));
#2268=AXIS2_PLACEMENT_3D('',#2265,#2266,#2267);
#2269=PLANE('',#2268);
#2270=ORIENTED_EDGE('',*,*,#2146,.F.);
#2271=ORIENTED_EDGE('',*,*,#2174,.F.);
#2273=ORIENTED_EDGE('',*,*,#2272,.T.);
#2275=ORIENTED_EDGE('',*,*,#2274,.T.);
#2277=ORIENTED_EDGE('',*,*,#2276,.T.);
#2279=ORIENTED_EDGE('',*,*,#2278,.T.);
#2281=ORIENTED_EDGE('',*,*,#2280,.T.);
#2282=ORIENTED_EDGE('',*,*,#2166,.F.);
#2284=ORIENTED_EDGE('',*,*,#2283,.T.);
#2285=ORIENTED_EDGE('',*,*,#2258,.F.);
#2286=EDGE_LOOP('',(#2270,#2271,#2273,#2275,#2277,#2279,#2281,#2282,#2284,
#2285));
#2287=FACE_OUTER_BOUND('',#2286,.F.);
#2288=ADVANCED_FACE('',(#2287),#2269,.F.);
#2289=CARTESIAN_POINT('',(-1.35E0,0.E0,6.25E-1));
#2290=DIRECTION('',(0.E0,0.E0,1.E0));
#2291=DIRECTION('',(1.E0,0.E0,0.E0));
#2292=AXIS2_PLACEMENT_3D('',#2289,#2290,#2291);
#2293=PLANE('',#2292);
#2294=ORIENTED_EDGE('',*,*,#2172,.T.);
#2296=ORIENTED_EDGE('',*,*,#2295,.T.);
#2298=ORIENTED_EDGE('',*,*,#2297,.F.);
#2299=ORIENTED_EDGE('',*,*,#2272,.F.);
#2300=EDGE_LOOP('',(#2294,#2296,#2298,#2299));
#2301=FACE_OUTER_BOUND('',#2300,.F.);
#2302=ADVANCED_FACE('',(#2301),#2293,.T.);
#2303=CARTESIAN_POINT('',(0.E0,2.E-1,0.E0));
#2304=DIRECTION('',(0.E0,1.E0,0.E0));
#2305=DIRECTION('',(1.E0,0.E0,0.E0));
#2306=AXIS2_PLACEMENT_3D('',#2303,#2304,#2305);
#2307=PLANE('',#2306);
#2308=ORIENTED_EDGE('',*,*,#2170,.T.);
#2310=ORIENTED_EDGE('',*,*,#2309,.F.);
#2312=ORIENTED_EDGE('',*,*,#2311,.F.);
#2314=ORIENTED_EDGE('',*,*,#2313,.F.);
#2316=ORIENTED_EDGE('',*,*,#2315,.F.);
#2317=ORIENTED_EDGE('',*,*,#2295,.F.);
#2318=EDGE_LOOP('',(#2308,#2310,#2312,#2314,#2316,#2317));
#2319=FACE_OUTER_BOUND('',#2318,.F.);
#2320=ADVANCED_FACE('',(#2319),#2307,.T.);
#2321=CARTESIAN_POINT('',(-9.74E-1,0.E0,3.75E-1));
#2322=DIRECTION('',(0.E0,0.E0,-1.E0));
#2323=DIRECTION('',(-1.E0,0.E0,0.E0));
#2324=AXIS2_PLACEMENT_3D('',#2321,#2322,#2323);
#2325=PLANE('',#2324);
#2326=ORIENTED_EDGE('',*,*,#2168,.F.);
#2327=ORIENTED_EDGE('',*,*,#2280,.F.);
#2329=ORIENTED_EDGE('',*,*,#2328,.T.);
#2330=ORIENTED_EDGE('',*,*,#2309,.T.);
#2331=EDGE_LOOP('',(#2326,#2327,#2329,#2330));
#2332=FACE_OUTER_BOUND('',#2331,.F.);
#2333=ADVANCED_FACE('',(#2332),#2325,.T.);
#2334=CARTESIAN_POINT('',(-9.74E-1,0.E0,4.99E-1));
#2335=DIRECTION('',(0.E0,1.E0,0.E0));
#2336=DIRECTION('',(1.E0,0.E0,0.E0));
#2337=AXIS2_PLACEMENT_3D('',#2334,#2335,#2336);
#2338=CYLINDRICAL_SURFACE('',#2337,1.24E-1);
#2339=ORIENTED_EDGE('',*,*,#2278,.F.);
#2341=ORIENTED_EDGE('',*,*,#2340,.T.);
#2342=ORIENTED_EDGE('',*,*,#2311,.T.);
#2343=ORIENTED_EDGE('',*,*,#2328,.F.);
#2344=EDGE_LOOP('',(#2339,#2341,#2342,#2343));
#2345=FACE_OUTER_BOUND('',#2344,.F.);
#2346=ADVANCED_FACE('',(#2345),#2338,.T.);
#2347=CARTESIAN_POINT('',(-8.5E-1,0.E0,5.01E-1));
#2348=DIRECTION('',(1.E0,0.E0,0.E0));
#2349=DIRECTION('',(0.E0,0.E0,-1.E0));
#2350=AXIS2_PLACEMENT_3D('',#2347,#2348,#2349);
#2351=PLANE('',#2350);
#2352=ORIENTED_EDGE('',*,*,#2276,.F.);
#2354=ORIENTED_EDGE('',*,*,#2353,.T.);
#2355=ORIENTED_EDGE('',*,*,#2313,.T.);
#2356=ORIENTED_EDGE('',*,*,#2340,.F.);
#2357=EDGE_LOOP('',(#2352,#2354,#2355,#2356));
#2358=FACE_OUTER_BOUND('',#2357,.F.);
#2359=ADVANCED_FACE('',(#2358),#2351,.T.);
#2360=CARTESIAN_POINT('',(-9.74E-1,0.E0,5.01E-1));
#2361=DIRECTION('',(0.E0,1.E0,0.E0));
#2362=DIRECTION('',(1.E0,0.E0,0.E0));
#2363=AXIS2_PLACEMENT_3D('',#2360,#2361,#2362);
#2364=CYLINDRICAL_SURFACE('',#2363,1.24E-1);
#2365=ORIENTED_EDGE('',*,*,#2274,.F.);
#2366=ORIENTED_EDGE('',*,*,#2297,.T.);
#2367=ORIENTED_EDGE('',*,*,#2315,.T.);
#2368=ORIENTED_EDGE('',*,*,#2353,.F.);
#2369=EDGE_LOOP('',(#2365,#2366,#2367,#2368));
#2370=FACE_OUTER_BOUND('',#2369,.F.);
#2371=ADVANCED_FACE('',(#2370),#2364,.T.);
#2372=CARTESIAN_POINT('',(-1.2E0,0.E0,4.2E-1));
#2373=DIRECTION('',(0.E0,0.E0,-1.E0));
#2374=DIRECTION('',(-1.E0,0.E0,0.E0));
#2375=AXIS2_PLACEMENT_3D('',#2372,#2373,#2374);
#2376=PLANE('',#2375);
#2377=ORIENTED_EDGE('',*,*,#2208,.F.);
#2378=ORIENTED_EDGE('',*,*,#2260,.F.);
#2379=ORIENTED_EDGE('',*,*,#2283,.F.);
#2380=ORIENTED_EDGE('',*,*,#2164,.T.);
#2381=EDGE_LOOP('',(#2377,#2378,#2379,#2380));
#2382=FACE_OUTER_BOUND('',#2381,.F.);
#2383=ADVANCED_FACE('',(#2382),#2376,.F.);
#2384=CLOSED_SHELL('',(#2137,#2152,#2178,#2199,#2213,#2250,#2264,#2288,#2302,
#2320,#2333,#2346,#2359,#2371,#2383));
#2385=MANIFOLD_SOLID_BREP('',#2384);
#2386=FILL_AREA_STYLE_COLOUR('',#28);
#2387=FILL_AREA_STYLE('',(#2386));
#2388=SURFACE_STYLE_FILL_AREA(#2387);
#2389=SURFACE_SIDE_STYLE('',(#2388));
#2390=SURFACE_STYLE_USAGE(.POSITIVE.,#2389);
#2391=PRESENTATION_STYLE_ASSIGNMENT((#2390));
#1803=STYLED_ITEM('',(#2391),#2385);
#2393=CARTESIAN_POINT('',(-1.25E0,3.5E-2,1.015E0));
#2394=DIRECTION('',(1.E0,0.E0,0.E0));
#2395=DIRECTION('',(0.E0,1.E0,0.E0));
#2396=AXIS2_PLACEMENT_3D('',#2393,#2394,#2395);
#2398=CURVE_STYLE('',#36,POSITIVE_LENGTH_MEASURE(2.E-2),#28);
#2399=PRESENTATION_STYLE_ASSIGNMENT((#2398));
#2400=STYLED_ITEM('',(#2399),#2397);
#2401=DIRECTION('',(1.E0,0.E0,0.E0));
#2402=VECTOR('',#2401,4.999999999726E-2);
#2403=CARTESIAN_POINT('',(-1.25E0,3.5E-2,1.08E0));
#2404=LINE('',#2403,#2402);
#2405=CURVE_STYLE('',#36,POSITIVE_LENGTH_MEASURE(2.E-2),#28);
#2406=PRESENTATION_STYLE_ASSIGNMENT((#2405));
#2407=STYLED_ITEM('',(#2406),#2404);
#2408=DIRECTION('',(0.E0,0.E0,-1.E0));
#2409=VECTOR('',#2408,3.E-2);
#2410=CARTESIAN_POINT('',(-1.25E0,1.E-1,1.015E0));
#2411=LINE('',#2410,#2409);
#2412=CURVE_STYLE('',#36,POSITIVE_LENGTH_MEASURE(2.E-2),#28);
#2413=PRESENTATION_STYLE_ASSIGNMENT((#2412));
#2414=STYLED_ITEM('',(#2413),#2411);
#2415=DIRECTION('',(0.E0,1.E0,0.E0));
#2416=VECTOR('',#2415,3.5E-2);
#2417=CARTESIAN_POINT('',(-1.25E0,0.E0,9.2E-1));
#2418=LINE('',#2417,#2416);
#2419=CURVE_STYLE('',#36,POSITIVE_LENGTH_MEASURE(2.E-2),#28);
#2420=PRESENTATION_STYLE_ASSIGNMENT((#2419));
#2421=STYLED_ITEM('',(#2420),#2418);
#2422=DIRECTION('',(0.E0,1.E0,0.E0));
#2423=VECTOR('',#2422,3.5E-2);
#2424=CARTESIAN_POINT('',(-1.25E0,0.E0,1.08E0));
#2425=LINE('',#2424,#2423);
#2426=CURVE_STYLE('',#36,POSITIVE_LENGTH_MEASURE(2.E-2),#28);
#2427=PRESENTATION_STYLE_ASSIGNMENT((#2426));
#2428=STYLED_ITEM('',(#2427),#2425);
#2429=DIRECTION('',(-1.E0,0.E0,0.E0));
#2430=VECTOR('',#2429,5.E-2);
#2431=CARTESIAN_POINT('',(-1.2E0,1.E-1,9.85E-1));
#2432=LINE('',#2431,#2430);
#2433=CURVE_STYLE('',#36,POSITIVE_LENGTH_MEASURE(2.E-2),#28);
#2434=PRESENTATION_STYLE_ASSIGNMENT((#2433));
#2435=STYLED_ITEM('',(#2434),#2432);
#2436=DIRECTION('',(1.E0,0.E0,0.E0));
#2437=VECTOR('',#2436,5.E-2);
#2438=CARTESIAN_POINT('',(-1.25E0,1.E-1,1.015E0));
#2439=LINE('',#2438,#2437);
#2440=CURVE_STYLE('',#36,POSITIVE_LENGTH_MEASURE(2.E-2),#28);
#2441=PRESENTATION_STYLE_ASSIGNMENT((#2440));
#2442=STYLED_ITEM('',(#2441),#2439);
#2443=CARTESIAN_POINT('',(-1.2E0,1.E-1,1.E0));
#2444=DIRECTION('',(0.E0,1.E0,0.E0));
#2445=DIRECTION('',(0.E0,0.E0,1.E0));
#2446=AXIS2_PLACEMENT_3D('',#2443,#2444,#2445);
#2448=CURVE_STYLE('',#36,POSITIVE_LENGTH_MEASURE(2.E-2),#28);
#2449=PRESENTATION_STYLE_ASSIGNMENT((#2448));
#2450=STYLED_ITEM('',(#2449),#2447);
#2451=CARTESIAN_POINT('',(-1.2E0,3.5E-2,9.85E-1));
#2452=DIRECTION('',(-1.E0,0.E0,0.E0));
#2453=DIRECTION('',(0.E0,1.E0,0.E0));
#2454=AXIS2_PLACEMENT_3D('',#2451,#2452,#2453);
#2456=CURVE_STYLE('',#36,POSITIVE_LENGTH_MEASURE(2.E-2),#28);
#2457=PRESENTATION_STYLE_ASSIGNMENT((#2456));
#2458=STYLED_ITEM('',(#2457),#2455);
#2459=CARTESIAN_POINT('',(-1.25E0,3.5E-2,9.85E-1));
#2460=DIRECTION('',(1.E0,0.E0,0.E0));
#2461=DIRECTION('',(0.E0,0.E0,-1.E0));
#2462=AXIS2_PLACEMENT_3D('',#2459,#2460,#2461);
#2464=CURVE_STYLE('',#36,POSITIVE_LENGTH_MEASURE(2.E-2),#28);
#2465=PRESENTATION_STYLE_ASSIGNMENT((#2464));
#2466=STYLED_ITEM('',(#2465),#2463);
#2467=CARTESIAN_POINT('',(-1.2E0,3.5E-2,1.015E0));
#2468=DIRECTION('',(1.E0,0.E0,0.E0));
#2469=DIRECTION('',(0.E0,1.E0,0.E0));
#2470=AXIS2_PLACEMENT_3D('',#2467,#2468,#2469);
#2472=CURVE_STYLE('',#36,POSITIVE_LENGTH_MEASURE(2.E-2),#28);
#2473=PRESENTATION_STYLE_ASSIGNMENT((#2472));
#2474=STYLED_ITEM('',(#2473),#2471);
#2475=CARTESIAN_POINT('',(-1.2E0,3.5E-2,1.E0));
#2476=DIRECTION('',(0.E0,1.E0,0.E0));
#2477=DIRECTION('',(0.E0,0.E0,1.E0));
#2478=AXIS2_PLACEMENT_3D('',#2475,#2476,#2477);
#2480=CURVE_STYLE('',#36,POSITIVE_LENGTH_MEASURE(2.E-2),#28);
#2481=PRESENTATION_STYLE_ASSIGNMENT((#2480));
#2482=STYLED_ITEM('',(#2481),#2479);
#2483=DIRECTION('',(-7.819776572303E-11,1.E0,0.E0));
#2484=VECTOR('',#2483,3.5E-2);
#2485=CARTESIAN_POINT('',(-1.2E0,0.E0,1.08E0));
#2486=LINE('',#2485,#2484);
#2487=CURVE_STYLE('',#36,POSITIVE_LENGTH_MEASURE(2.E-2),#28);
#2488=PRESENTATION_STYLE_ASSIGNMENT((#2487));
#2489=STYLED_ITEM('',(#2488),#2486);
#2490=DIRECTION('',(1.E0,0.E0,0.E0));
#2491=VECTOR('',#2490,5.E-2);
#2492=CARTESIAN_POINT('',(-1.25E0,0.E0,1.08E0));
#2493=LINE('',#2492,#2491);
#2494=CURVE_STYLE('',#36,POSITIVE_LENGTH_MEASURE(2.E-2),#28);
#2495=PRESENTATION_STYLE_ASSIGNMENT((#2494));
#2496=STYLED_ITEM('',(#2495),#2493);
#2497=DIRECTION('',(0.E0,0.E0,-1.E0));
#2498=VECTOR('',#2497,4.5E-2);
#2499=CARTESIAN_POINT('',(-1.25E0,0.E0,1.125E0));
#2500=LINE('',#2499,#2498);
#2501=CURVE_STYLE('',#36,POSITIVE_LENGTH_MEASURE(2.E-2),#28);
#2502=PRESENTATION_STYLE_ASSIGNMENT((#2501));
#2503=STYLED_ITEM('',(#2502),#2500);
#2504=DIRECTION('',(1.E0,0.E0,0.E0));
#2505=VECTOR('',#2504,2.76E-1);
#2506=CARTESIAN_POINT('',(-1.25E0,0.E0,1.125E0));
#2507=LINE('',#2506,#2505);
#2508=CURVE_STYLE('',#36,POSITIVE_LENGTH_MEASURE(2.E-2),#28);
#2509=PRESENTATION_STYLE_ASSIGNMENT((#2508));
#2510=STYLED_ITEM('',(#2509),#2507);
#2511=CARTESIAN_POINT('',(-9.74E-1,0.E0,1.001E0));
#2512=DIRECTION('',(0.E0,1.E0,0.E0));
#2513=DIRECTION('',(0.E0,0.E0,1.E0));
#2514=AXIS2_PLACEMENT_3D('',#2511,#2512,#2513);
#2516=CURVE_STYLE('',#36,POSITIVE_LENGTH_MEASURE(2.E-2),#28);
#2517=PRESENTATION_STYLE_ASSIGNMENT((#2516));
#2518=STYLED_ITEM('',(#2517),#2515);
#2519=DIRECTION('',(0.E0,0.E0,-1.E0));
#2520=VECTOR('',#2519,2.E-3);
#2521=CARTESIAN_POINT('',(-8.5E-1,0.E0,1.001E0));
#2522=LINE('',#2521,#2520);
#2523=CURVE_STYLE('',#36,POSITIVE_LENGTH_MEASURE(2.E-2),#28);
#2524=PRESENTATION_STYLE_ASSIGNMENT((#2523));
#2525=STYLED_ITEM('',(#2524),#2522);
#2526=CARTESIAN_POINT('',(-9.74E-1,0.E0,9.99E-1));
#2527=DIRECTION('',(0.E0,1.E0,0.E0));
#2528=DIRECTION('',(1.E0,0.E0,0.E0));
#2529=AXIS2_PLACEMENT_3D('',#2526,#2527,#2528);
#2531=CURVE_STYLE('',#36,POSITIVE_LENGTH_MEASURE(2.E-2),#28);
#2532=PRESENTATION_STYLE_ASSIGNMENT((#2531));
#2533=STYLED_ITEM('',(#2532),#2530);
#2534=DIRECTION('',(-1.E0,0.E0,0.E0));
#2535=VECTOR('',#2534,2.76E-1);
#2536=CARTESIAN_POINT('',(-9.74E-1,0.E0,8.75E-1));
#2537=LINE('',#2536,#2535);
#2538=CURVE_STYLE('',#36,POSITIVE_LENGTH_MEASURE(2.E-2),#28);
#2539=PRESENTATION_STYLE_ASSIGNMENT((#2538));
#2540=STYLED_ITEM('',(#2539),#2537);
#2541=DIRECTION('',(0.E0,0.E0,-1.E0));
#2542=VECTOR('',#2541,4.5E-2);
#2543=CARTESIAN_POINT('',(-1.25E0,0.E0,9.2E-1));
#2544=LINE('',#2543,#2542);
#2545=CURVE_STYLE('',#36,POSITIVE_LENGTH_MEASURE(2.E-2),#28);
#2546=PRESENTATION_STYLE_ASSIGNMENT((#2545));
#2547=STYLED_ITEM('',(#2546),#2544);
#2548=DIRECTION('',(1.E0,0.E0,0.E0));
#2549=VECTOR('',#2548,5.E-2);
#2550=CARTESIAN_POINT('',(-1.25E0,0.E0,9.2E-1));
#2551=LINE('',#2550,#2549);
#2552=CURVE_STYLE('',#36,POSITIVE_LENGTH_MEASURE(2.E-2),#28);
#2553=PRESENTATION_STYLE_ASSIGNMENT((#2552));
#2554=STYLED_ITEM('',(#2553),#2551);
#2555=CARTESIAN_POINT('',(-1.2E0,0.E0,1.E0));
#2556=DIRECTION('',(0.E0,1.E0,0.E0));
#2557=DIRECTION('',(-1.387778780781E-14,0.E0,1.E0));
#2558=AXIS2_PLACEMENT_3D('',#2555,#2556,#2557);
#2560=CURVE_STYLE('',#36,POSITIVE_LENGTH_MEASURE(2.E-2),#28);
#2561=PRESENTATION_STYLE_ASSIGNMENT((#2560));
#2562=STYLED_ITEM('',(#2561),#2559);
#2563=DIRECTION('',(0.E0,1.E0,0.E0));
#2564=VECTOR('',#2563,2.E-1);
#2565=CARTESIAN_POINT('',(-1.25E0,0.E0,1.125E0));
#2566=LINE('',#2565,#2564);
#2567=CURVE_STYLE('',#36,POSITIVE_LENGTH_MEASURE(2.E-2),#28);
#2568=PRESENTATION_STYLE_ASSIGNMENT((#2567));
#2569=STYLED_ITEM('',(#2568),#2566);
#2570=DIRECTION('',(0.E0,0.E0,-1.E0));
#2571=VECTOR('',#2570,2.5E-1);
#2572=CARTESIAN_POINT('',(-1.25E0,2.E-1,1.125E0));
#2573=LINE('',#2572,#2571);
#2574=CURVE_STYLE('',#36,POSITIVE_LENGTH_MEASURE(2.E-2),#28);
#2575=PRESENTATION_STYLE_ASSIGNMENT((#2574));
#2576=STYLED_ITEM('',(#2575),#2573);
#2577=DIRECTION('',(-1.E0,0.E0,0.E0));
#2578=VECTOR('',#2577,2.76E-1);
#2579=CARTESIAN_POINT('',(-9.74E-1,2.E-1,8.75E-1));
#2580=LINE('',#2579,#2578);
#2581=CURVE_STYLE('',#36,POSITIVE_LENGTH_MEASURE(2.E-2),#28);
#2582=PRESENTATION_STYLE_ASSIGNMENT((#2581));
#2583=STYLED_ITEM('',(#2582),#2580);
#2584=CARTESIAN_POINT('',(-9.74E-1,2.E-1,9.99E-1));
#2585=DIRECTION('',(0.E0,1.E0,0.E0));
#2586=DIRECTION('',(1.E0,0.E0,0.E0));
#2587=AXIS2_PLACEMENT_3D('',#2584,#2585,#2586);
#2589=CURVE_STYLE('',#36,POSITIVE_LENGTH_MEASURE(2.E-2),#28);
#2590=PRESENTATION_STYLE_ASSIGNMENT((#2589));
#2591=STYLED_ITEM('',(#2590),#2588);
#2592=DIRECTION('',(0.E0,0.E0,-1.E0));
#2593=VECTOR('',#2592,2.E-3);
#2594=CARTESIAN_POINT('',(-8.5E-1,2.E-1,1.001E0));
#2595=LINE('',#2594,#2593);
#2596=CURVE_STYLE('',#36,POSITIVE_LENGTH_MEASURE(2.E-2),#28);
#2597=PRESENTATION_STYLE_ASSIGNMENT((#2596));
#2598=STYLED_ITEM('',(#2597),#2595);
#2599=CARTESIAN_POINT('',(-9.74E-1,2.E-1,1.001E0));
#2600=DIRECTION('',(0.E0,1.E0,0.E0));
#2601=DIRECTION('',(0.E0,0.E0,1.E0));
#2602=AXIS2_PLACEMENT_3D('',#2599,#2600,#2601);
#2604=CURVE_STYLE('',#36,POSITIVE_LENGTH_MEASURE(2.E-2),#28);
#2605=PRESENTATION_STYLE_ASSIGNMENT((#2604));
#2606=STYLED_ITEM('',(#2605),#2603);
#2607=DIRECTION('',(1.E0,0.E0,0.E0));
#2608=VECTOR('',#2607,2.76E-1);
#2609=CARTESIAN_POINT('',(-1.25E0,2.E-1,1.125E0));
#2610=LINE('',#2609,#2608);
#2611=CURVE_STYLE('',#36,POSITIVE_LENGTH_MEASURE(2.E-2),#28);
#2612=PRESENTATION_STYLE_ASSIGNMENT((#2611));
#2613=STYLED_ITEM('',(#2612),#2610);
#2614=DIRECTION('',(0.E0,1.E0,0.E0));
#2615=VECTOR('',#2614,2.E-1);
#2616=CARTESIAN_POINT('',(-1.25E0,0.E0,8.75E-1));
#2617=LINE('',#2616,#2615);
#2618=CURVE_STYLE('',#36,POSITIVE_LENGTH_MEASURE(2.E-2),#28);
#2619=PRESENTATION_STYLE_ASSIGNMENT((#2618));
#2620=STYLED_ITEM('',(#2619),#2617);
#2621=DIRECTION('',(0.E0,1.E0,0.E0));
#2622=VECTOR('',#2621,2.E-1);
#2623=CARTESIAN_POINT('',(-9.74E-1,0.E0,8.75E-1));
#2624=LINE('',#2623,#2622);
#2625=CURVE_STYLE('',#36,POSITIVE_LENGTH_MEASURE(2.E-2),#28);
#2626=PRESENTATION_STYLE_ASSIGNMENT((#2625));
#2627=STYLED_ITEM('',(#2626),#2624);
#2628=DIRECTION('',(0.E0,1.E0,0.E0));
#2629=VECTOR('',#2628,2.E-1);
#2630=CARTESIAN_POINT('',(-8.5E-1,0.E0,9.99E-1));
#2631=LINE('',#2630,#2629);
#2632=CURVE_STYLE('',#36,POSITIVE_LENGTH_MEASURE(2.E-2),#28);
#2633=PRESENTATION_STYLE_ASSIGNMENT((#2632));
#2634=STYLED_ITEM('',(#2633),#2631);
#2635=DIRECTION('',(0.E0,1.E0,0.E0));
#2636=VECTOR('',#2635,2.E-1);
#2637=CARTESIAN_POINT('',(-8.5E-1,0.E0,1.001E0));
#2638=LINE('',#2637,#2636);
#2639=CURVE_STYLE('',#36,POSITIVE_LENGTH_MEASURE(2.E-2),#28);
#2640=PRESENTATION_STYLE_ASSIGNMENT((#2639));
#2641=STYLED_ITEM('',(#2640),#2638);
#2642=DIRECTION('',(0.E0,1.E0,0.E0));
#2643=VECTOR('',#2642,2.E-1);
#2644=CARTESIAN_POINT('',(-9.74E-1,0.E0,1.125E0));
#2645=LINE('',#2644,#2643);
#2646=CURVE_STYLE('',#36,POSITIVE_LENGTH_MEASURE(2.E-2),#28);
#2647=PRESENTATION_STYLE_ASSIGNMENT((#2646));
#2648=STYLED_ITEM('',(#2647),#2645);
#2649=DIRECTION('',(-1.E0,0.E0,0.E0));
#2650=VECTOR('',#2649,4.999999999071E-2);
#2651=CARTESIAN_POINT('',(-1.200000000009E0,3.5E-2,9.2E-1));
#2652=LINE('',#2651,#2650);
#2653=CURVE_STYLE('',#36,POSITIVE_LENGTH_MEASURE(2.E-2),#28);
#2654=PRESENTATION_STYLE_ASSIGNMENT((#2653));
#2655=STYLED_ITEM('',(#2654),#2652);
#2656=DIRECTION('',(-2.653623352801E-10,1.E0,0.E0));
#2657=VECTOR('',#2656,3.5E-2);
#2658=CARTESIAN_POINT('',(-1.2E0,0.E0,9.2E-1));
#2659=LINE('',#2658,#2657);
#2660=CURVE_STYLE('',#36,POSITIVE_LENGTH_MEASURE(2.E-2),#28);
#2661=PRESENTATION_STYLE_ASSIGNMENT((#2660));
#2662=STYLED_ITEM('',(#2661),#2659);
#2663=CARTESIAN_POINT('',(-9.74E-1,0.E0,1.125E0));
#2664=CARTESIAN_POINT('',(-8.5E-1,0.E0,1.001E0));
#2665=VERTEX_POINT('',#2663);
#2666=VERTEX_POINT('',#2664);
#2667=CARTESIAN_POINT('',(-8.5E-1,0.E0,9.99E-1));
#2668=VERTEX_POINT('',#2667);
#2669=CARTESIAN_POINT('',(-9.74E-1,0.E0,8.75E-1));
#2670=VERTEX_POINT('',#2669);
#2671=CARTESIAN_POINT('',(-9.74E-1,2.E-1,1.125E0));
#2672=CARTESIAN_POINT('',(-8.5E-1,2.E-1,1.001E0));
#2673=VERTEX_POINT('',#2671);
#2674=VERTEX_POINT('',#2672);
#2675=CARTESIAN_POINT('',(-8.5E-1,2.E-1,9.99E-1));
#2676=VERTEX_POINT('',#2675);
#2677=CARTESIAN_POINT('',(-9.74E-1,2.E-1,8.75E-1));
#2678=VERTEX_POINT('',#2677);
#2679=CARTESIAN_POINT('',(-1.25E0,2.E-1,1.125E0));
#2680=CARTESIAN_POINT('',(-1.25E0,2.E-1,8.75E-1));
#2681=VERTEX_POINT('',#2679);
#2682=VERTEX_POINT('',#2680);
#2683=CARTESIAN_POINT('',(-1.25E0,0.E0,1.125E0));
#2684=VERTEX_POINT('',#2683);
#2685=CARTESIAN_POINT('',(-1.25E0,0.E0,8.75E-1));
#2686=VERTEX_POINT('',#2685);
#2687=CARTESIAN_POINT('',(-1.25E0,0.E0,1.08E0));
#2688=CARTESIAN_POINT('',(-1.2E0,0.E0,1.08E0));
#2689=VERTEX_POINT('',#2687);
#2690=VERTEX_POINT('',#2688);
#2691=CARTESIAN_POINT('',(-1.2E0,0.E0,9.2E-1));
#2692=VERTEX_POINT('',#2691);
#2693=CARTESIAN_POINT('',(-1.25E0,0.E0,9.2E-1));
#2694=VERTEX_POINT('',#2693);
#2695=CARTESIAN_POINT('',(-1.2E0,1.E-1,9.85E-1));
#2696=CARTESIAN_POINT('',(-1.25E0,1.E-1,9.85E-1));
#2697=VERTEX_POINT('',#2695);
#2698=VERTEX_POINT('',#2696);
#2699=CARTESIAN_POINT('',(-1.200000000009E0,3.5E-2,9.2E-1));
#2700=CARTESIAN_POINT('',(-1.25E0,3.5E-2,9.2E-1));
#2701=VERTEX_POINT('',#2699);
#2702=VERTEX_POINT('',#2700);
#2703=CARTESIAN_POINT('',(-1.2E0,1.E-1,1.015E0));
#2704=VERTEX_POINT('',#2703);
#2705=CARTESIAN_POINT('',(-1.2E0,3.5E-2,1.08E0));
#2706=VERTEX_POINT('',#2705);
#2707=CARTESIAN_POINT('',(-1.25E0,3.5E-2,1.08E0));
#2708=VERTEX_POINT('',#2707);
#2709=CARTESIAN_POINT('',(-1.25E0,1.E-1,1.015E0));
#2710=VERTEX_POINT('',#2709);
#2711=CARTESIAN_POINT('',(-4.509E0,3.5E-2,1.015E0));
#2712=DIRECTION('',(1.E0,0.E0,0.E0));
#2713=DIRECTION('',(0.E0,1.E0,0.E0));
#2714=AXIS2_PLACEMENT_3D('',#2711,#2712,#2713);
#2715=CYLINDRICAL_SURFACE('',#2714,6.5E-2);
#2717=ORIENTED_EDGE('',*,*,#2716,.T.);
#2719=ORIENTED_EDGE('',*,*,#2718,.F.);
#2721=ORIENTED_EDGE('',*,*,#2720,.F.);
#2723=ORIENTED_EDGE('',*,*,#2722,.T.);
#2724=EDGE_LOOP('',(#2717,#2719,#2721,#2723));
#2725=FACE_OUTER_BOUND('',#2724,.F.);
#2726=ADVANCED_FACE('',(#2725),#2715,.F.);
#2727=CARTESIAN_POINT('',(-1.25E0,0.E0,1.08E0));
#2728=DIRECTION('',(0.E0,0.E0,1.E0));
#2729=DIRECTION('',(1.E0,0.E0,0.E0));
#2730=AXIS2_PLACEMENT_3D('',#2727,#2728,#2729);
#2731=PLANE('',#2730);
#2732=ORIENTED_EDGE('',*,*,#2716,.F.);
#2734=ORIENTED_EDGE('',*,*,#2733,.F.);
#2736=ORIENTED_EDGE('',*,*,#2735,.T.);
#2738=ORIENTED_EDGE('',*,*,#2737,.T.);
#2739=EDGE_LOOP('',(#2732,#2734,#2736,#2738));
#2740=FACE_OUTER_BOUND('',#2739,.F.);
#2741=ADVANCED_FACE('',(#2740),#2731,.F.);
#2742=CARTESIAN_POINT('',(-1.25E0,0.E0,1.5E0));
#2743=DIRECTION('',(1.E0,0.E0,0.E0));
#2744=DIRECTION('',(0.E0,0.E0,-1.E0));
#2745=AXIS2_PLACEMENT_3D('',#2742,#2743,#2744);
#2746=PLANE('',#2745);
#2748=ORIENTED_EDGE('',*,*,#2747,.T.);
#2750=ORIENTED_EDGE('',*,*,#2749,.F.);
#2752=ORIENTED_EDGE('',*,*,#2751,.F.);
#2754=ORIENTED_EDGE('',*,*,#2753,.T.);
#2756=ORIENTED_EDGE('',*,*,#2755,.T.);
#2758=ORIENTED_EDGE('',*,*,#2757,.F.);
#2760=ORIENTED_EDGE('',*,*,#2759,.F.);
#2762=ORIENTED_EDGE('',*,*,#2761,.T.);
#2763=ORIENTED_EDGE('',*,*,#2733,.T.);
#2764=ORIENTED_EDGE('',*,*,#2722,.F.);
#2765=EDGE_LOOP('',(#2748,#2750,#2752,#2754,#2756,#2758,#2760,#2762,#2763,
#2764));
#2766=FACE_OUTER_BOUND('',#2765,.F.);
#2767=ADVANCED_FACE('',(#2766),#2746,.F.);
#2768=FILL_AREA_STYLE_COLOUR('',#29);
#2769=FILL_AREA_STYLE('',(#2768));
#2770=SURFACE_STYLE_FILL_AREA(#2769);
#2771=SURFACE_SIDE_STYLE('',(#2770));
#2772=SURFACE_STYLE_USAGE(.POSITIVE.,#2771);
#2773=PRESENTATION_STYLE_ASSIGNMENT((#2772));
#2774=OVER_RIDING_STYLED_ITEM('',(#2773),#2767,#2392);
#2775=CARTESIAN_POINT('',(0.E0,1.E-1,2.E0));
#2776=DIRECTION('',(0.E0,1.E0,0.E0));
#2777=DIRECTION('',(1.E0,0.E0,0.E0));
#2778=AXIS2_PLACEMENT_3D('',#2775,#2776,#2777);
#2779=PLANE('',#2778);
#2781=ORIENTED_EDGE('',*,*,#2780,.T.);
#2782=ORIENTED_EDGE('',*,*,#2747,.F.);
#2783=ORIENTED_EDGE('',*,*,#2720,.T.);
#2785=ORIENTED_EDGE('',*,*,#2784,.T.);
#2786=EDGE_LOOP('',(#2781,#2782,#2783,#2785));
#2787=FACE_OUTER_BOUND('',#2786,.F.);
#2788=ADVANCED_FACE('',(#2787),#2779,.F.);
#2789=CARTESIAN_POINT('',(-1.197314511898E0,3.5E-2,9.85E-1));
#2790=DIRECTION('',(-1.E0,0.E0,0.E0));
#2791=DIRECTION('',(0.E0,1.E0,0.E0));
#2792=AXIS2_PLACEMENT_3D('',#2789,#2790,#2791);
#2793=CYLINDRICAL_SURFACE('',#2792,6.5E-2);
#2794=ORIENTED_EDGE('',*,*,#2780,.F.);
#2796=ORIENTED_EDGE('',*,*,#2795,.T.);
#2798=ORIENTED_EDGE('',*,*,#2797,.T.);
#2799=ORIENTED_EDGE('',*,*,#2749,.T.);
#2800=EDGE_LOOP('',(#2794,#2796,#2798,#2799));
#2801=FACE_OUTER_BOUND('',#2800,.F.);
#2802=ADVANCED_FACE('',(#2801),#2793,.F.);
#2803=CARTESIAN_POINT('',(-1.211136716841E0,3.290453394266E-2,
1.079186924388E0));
#2804=CARTESIAN_POINT('',(-1.211316540298E0,7.293610489708E-2,
1.080465547765E0));
#2805=CARTESIAN_POINT('',(-1.207372293598E0,1.012574209620E-1,
1.052420229767E0));
#2806=CARTESIAN_POINT('',(-1.201797185742E0,9.996621446569E-2,
1.012778776142E0));
#2807=CARTESIAN_POINT('',(-1.159437385280E0,3.290453394266E-2,
1.086457832065E0));
#2808=CARTESIAN_POINT('',(-1.158782424782E0,7.293610489708E-2,
1.087853858064E0));
#2809=CARTESIAN_POINT('',(-1.173148324676E0,1.012574209620E-1,
1.057233431618E0));
#2810=CARTESIAN_POINT('',(-1.193454215109E0,9.996621446569E-2,
1.013952117603E0));
#2811=CARTESIAN_POINT('',(-1.120033785532E0,3.290453394266E-2,
1.052208112224E0));
#2812=CARTESIAN_POINT('',(-1.118742579035E0,7.293610489708E-2,
1.053051111409E0));
#2813=CARTESIAN_POINT('',(-1.147063895101E0,1.012574209620E-1,
1.034560771991E0));
#2814=CARTESIAN_POINT('',(-1.187095466057E0,9.996621446569E-2,
1.008425075024E0));
#2815=CARTESIAN_POINT('',(-1.120033785534E0,3.290453394266E-2,
9.999999999962E-1));
#2816=CARTESIAN_POINT('',(-1.118742579038E0,7.293610489708E-2,
9.999999999961E-1));
#2817=CARTESIAN_POINT('',(-1.147063895103E0,1.012574209620E-1,
9.999999999975E-1));
#2818=CARTESIAN_POINT('',(-1.187095466057E0,9.996621446569E-2,
9.999999999994E-1));
#2819=CARTESIAN_POINT('',(-1.120033785537E0,3.290453394266E-2,
9.477918877688E-1));
#2820=CARTESIAN_POINT('',(-1.118742579041E0,7.293610489708E-2,
9.469488885832E-1));
#2821=CARTESIAN_POINT('',(-1.147063895105E0,1.012574209620E-1,
9.654392280038E-1));
#2822=CARTESIAN_POINT('',(-1.187095466058E0,9.996621446569E-2,
9.915749249746E-1));
#2823=CARTESIAN_POINT('',(-1.159437385288E0,3.290453394266E-2,
9.135421679310E-1));
#2824=CARTESIAN_POINT('',(-1.158782424791E0,7.293610489708E-2,
9.121461419322E-1));
#2825=CARTESIAN_POINT('',(-1.173148324682E0,1.012574209620E-1,
9.427665683794E-1));
#2826=CARTESIAN_POINT('',(-1.193454215110E0,9.996621446569E-2,
9.860478823964E-1));
#2827=CARTESIAN_POINT('',(-1.211136716849E0,3.290453394266E-2,
9.208130756135E-1));
#2828=CARTESIAN_POINT('',(-1.211316540306E0,7.293610489708E-2,
9.195344522364E-1));
#2829=CARTESIAN_POINT('',(-1.207372293603E0,1.012574209620E-1,
9.475797702341E-1));
#2830=CARTESIAN_POINT('',(-1.201797185743E0,9.996621446569E-2,
9.872212238582E-1));
#2831=(BOUNDED_SURFACE()B_SPLINE_SURFACE(3,3,((#2803,#2804,#2805,#2806),(#2807,
#2808,#2809,#2810),(#2811,#2812,#2813,#2814),(#2815,#2816,#2817,#2818),(#2819,
#2820,#2821,#2822),(#2823,#2824,#2825,#2826),(#2827,#2828,#2829,#2830)),
.UNSPECIFIED.,.F.,.F.,.F.)B_SPLINE_SURFACE_WITH_KNOTS((4,3,4),(4,4),(0.E0,1.E0,
2.E0),(0.E0,1.E0),.UNSPECIFIED.)GEOMETRIC_REPRESENTATION_ITEM()RATIONAL_B_SPLINE_SURFACE(((1.434386219132E0,1.132154901202E0,1.132154901202E0,1.434386219132E0),(
1.105455593096E0,8.725313664418E-1,8.725313664418E-1,1.105455593096E0),(
1.105455593096E0,8.725313664418E-1,8.725313664418E-1,1.105455593096E0),(
1.434386219132E0,1.132154901202E0,1.132154901202E0,1.434386219132E0),(
1.105455593096E0,8.725313664418E-1,8.725313664418E-1,1.105455593096E0),(
1.105455593096E0,8.725313664418E-1,8.725313664418E-1,1.105455593096E0),(
1.434386219132E0,1.132154901202E0,1.132154901202E0,1.434386219132E0)))REPRESENTATION_ITEM('')SURFACE());
#2832=ORIENTED_EDGE('',*,*,#2784,.F.);
#2833=ORIENTED_EDGE('',*,*,#2718,.T.);
#2835=ORIENTED_EDGE('',*,*,#2834,.T.);
#2836=ORIENTED_EDGE('',*,*,#2795,.F.);
#2837=EDGE_LOOP('',(#2832,#2833,#2835,#2836));
#2838=FACE_OUTER_BOUND('',#2837,.F.);
#2839=ADVANCED_FACE('',(#2838),#2831,.F.);
#2840=CARTESIAN_POINT('',(-1.2E0,0.E0,1.E0));
#2841=DIRECTION('',(0.E0,1.E0,0.E0));
#2842=DIRECTION('',(1.E0,0.E0,0.E0));
#2843=AXIS2_PLACEMENT_3D('',#2840,#2841,#2842);
#2844=CYLINDRICAL_SURFACE('',#2843,8.E-2);
#2845=ORIENTED_EDGE('',*,*,#2834,.F.);
#2846=ORIENTED_EDGE('',*,*,#2737,.F.);
#2848=ORIENTED_EDGE('',*,*,#2847,.T.);
#2850=ORIENTED_EDGE('',*,*,#2849,.T.);
#2851=EDGE_LOOP('',(#2845,#2846,#2848,#2850));
#2852=FACE_OUTER_BOUND('',#2851,.F.);
#2853=ADVANCED_FACE('',(#2852),#2844,.F.);
#2854=CARTESIAN_POINT('',(0.E0,0.E0,0.E0));
#2855=DIRECTION('',(0.E0,1.E0,0.E0));
#2856=DIRECTION('',(1.E0,0.E0,0.E0));
#2857=AXIS2_PLACEMENT_3D('',#2854,#2855,#2856);
#2858=PLANE('',#2857);
#2859=ORIENTED_EDGE('',*,*,#2735,.F.);
#2860=ORIENTED_EDGE('',*,*,#2761,.F.);
#2862=ORIENTED_EDGE('',*,*,#2861,.T.);
#2864=ORIENTED_EDGE('',*,*,#2863,.T.);
#2866=ORIENTED_EDGE('',*,*,#2865,.T.);
#2868=ORIENTED_EDGE('',*,*,#2867,.T.);
#2870=ORIENTED_EDGE('',*,*,#2869,.T.);
#2871=ORIENTED_EDGE('',*,*,#2753,.F.);
#2873=ORIENTED_EDGE('',*,*,#2872,.T.);
#2874=ORIENTED_EDGE('',*,*,#2847,.F.);
#2875=EDGE_LOOP('',(#2859,#2860,#2862,#2864,#2866,#2868,#2870,#2871,#2873,
#2874));
#2876=FACE_OUTER_BOUND('',#2875,.F.);
#2877=ADVANCED_FACE('',(#2876),#2858,.F.);
#2878=CARTESIAN_POINT('',(-1.35E0,0.E0,1.125E0));
#2879=DIRECTION('',(0.E0,0.E0,1.E0));
#2880=DIRECTION('',(1.E0,0.E0,0.E0));
#2881=AXIS2_PLACEMENT_3D('',#2878,#2879,#2880);
#2882=PLANE('',#2881);
#2883=ORIENTED_EDGE('',*,*,#2759,.T.);
#2885=ORIENTED_EDGE('',*,*,#2884,.T.);
#2887=ORIENTED_EDGE('',*,*,#2886,.F.);
#2888=ORIENTED_EDGE('',*,*,#2861,.F.);
#2889=EDGE_LOOP('',(#2883,#2885,#2887,#2888));
#2890=FACE_OUTER_BOUND('',#2889,.F.);
#2891=ADVANCED_FACE('',(#2890),#2882,.T.);
#2892=CARTESIAN_POINT('',(0.E0,2.E-1,0.E0));
#2893=DIRECTION('',(0.E0,1.E0,0.E0));
#2894=DIRECTION('',(1.E0,0.E0,0.E0));
#2895=AXIS2_PLACEMENT_3D('',#2892,#2893,#2894);
#2896=PLANE('',#2895);
#2897=ORIENTED_EDGE('',*,*,#2757,.T.);
#2899=ORIENTED_EDGE('',*,*,#2898,.F.);
#2901=ORIENTED_EDGE('',*,*,#2900,.F.);
#2903=ORIENTED_EDGE('',*,*,#2902,.F.);
#2905=ORIENTED_EDGE('',*,*,#2904,.F.);
#2906=ORIENTED_EDGE('',*,*,#2884,.F.);
#2907=EDGE_LOOP('',(#2897,#2899,#2901,#2903,#2905,#2906));
#2908=FACE_OUTER_BOUND('',#2907,.F.);
#2909=ADVANCED_FACE('',(#2908),#2896,.T.);
#2910=CARTESIAN_POINT('',(-9.74E-1,0.E0,8.75E-1));
#2911=DIRECTION('',(0.E0,0.E0,-1.E0));
#2912=DIRECTION('',(-1.E0,0.E0,0.E0));
#2913=AXIS2_PLACEMENT_3D('',#2910,#2911,#2912);
#2914=PLANE('',#2913);
#2915=ORIENTED_EDGE('',*,*,#2755,.F.);
#2916=ORIENTED_EDGE('',*,*,#2869,.F.);
#2918=ORIENTED_EDGE('',*,*,#2917,.T.);
#2919=ORIENTED_EDGE('',*,*,#2898,.T.);
#2920=EDGE_LOOP('',(#2915,#2916,#2918,#2919));
#2921=FACE_OUTER_BOUND('',#2920,.F.);
#2922=ADVANCED_FACE('',(#2921),#2914,.T.);
#2923=CARTESIAN_POINT('',(-9.74E-1,0.E0,9.99E-1));
#2924=DIRECTION('',(0.E0,1.E0,0.E0));
#2925=DIRECTION('',(1.E0,0.E0,0.E0));
#2926=AXIS2_PLACEMENT_3D('',#2923,#2924,#2925);
#2927=CYLINDRICAL_SURFACE('',#2926,1.24E-1);
#2928=ORIENTED_EDGE('',*,*,#2867,.F.);
#2930=ORIENTED_EDGE('',*,*,#2929,.T.);
#2931=ORIENTED_EDGE('',*,*,#2900,.T.);
#2932=ORIENTED_EDGE('',*,*,#2917,.F.);
#2933=EDGE_LOOP('',(#2928,#2930,#2931,#2932));
#2934=FACE_OUTER_BOUND('',#2933,.F.);
#2935=ADVANCED_FACE('',(#2934),#2927,.T.);
#2936=CARTESIAN_POINT('',(-8.5E-1,0.E0,1.001E0));
#2937=DIRECTION('',(1.E0,0.E0,0.E0));
#2938=DIRECTION('',(0.E0,0.E0,-1.E0));
#2939=AXIS2_PLACEMENT_3D('',#2936,#2937,#2938);
#2940=PLANE('',#2939);
#2941=ORIENTED_EDGE('',*,*,#2865,.F.);
#2943=ORIENTED_EDGE('',*,*,#2942,.T.);
#2944=ORIENTED_EDGE('',*,*,#2902,.T.);
#2945=ORIENTED_EDGE('',*,*,#2929,.F.);
#2946=EDGE_LOOP('',(#2941,#2943,#2944,#2945));
#2947=FACE_OUTER_BOUND('',#2946,.F.);
#2948=ADVANCED_FACE('',(#2947),#2940,.T.);
#2949=CARTESIAN_POINT('',(-9.74E-1,0.E0,1.001E0));
#2950=DIRECTION('',(0.E0,1.E0,0.E0));
#2951=DIRECTION('',(1.E0,0.E0,0.E0));
#2952=AXIS2_PLACEMENT_3D('',#2949,#2950,#2951);
#2953=CYLINDRICAL_SURFACE('',#2952,1.24E-1);
#2954=ORIENTED_EDGE('',*,*,#2863,.F.);
#2955=ORIENTED_EDGE('',*,*,#2886,.T.);
#2956=ORIENTED_EDGE('',*,*,#2904,.T.);
#2957=ORIENTED_EDGE('',*,*,#2942,.F.);
#2958=EDGE_LOOP('',(#2954,#2955,#2956,#2957));
#2959=FACE_OUTER_BOUND('',#2958,.F.);
#2960=ADVANCED_FACE('',(#2959),#2953,.T.);
#2961=CARTESIAN_POINT('',(-1.2E0,0.E0,9.2E-1));
#2962=DIRECTION('',(0.E0,0.E0,-1.E0));
#2963=DIRECTION('',(-1.E0,0.E0,0.E0));
#2964=AXIS2_PLACEMENT_3D('',#2961,#2962,#2963);
#2965=PLANE('',#2964);
#2966=ORIENTED_EDGE('',*,*,#2797,.F.);
#2967=ORIENTED_EDGE('',*,*,#2849,.F.);
#2968=ORIENTED_EDGE('',*,*,#2872,.F.);
#2969=ORIENTED_EDGE('',*,*,#2751,.T.);
#2970=EDGE_LOOP('',(#2966,#2967,#2968,#2969));
#2971=FACE_OUTER_BOUND('',#2970,.F.);
#2972=ADVANCED_FACE('',(#2971),#2965,.F.);
#2973=CLOSED_SHELL('',(#2726,#2741,#2767,#2788,#2802,#2839,#2853,#2877,#2891,
#2909,#2922,#2935,#2948,#2960,#2972));
#2974=MANIFOLD_SOLID_BREP('',#2973);
#2975=FILL_AREA_STYLE_COLOUR('',#28);
#2976=FILL_AREA_STYLE('',(#2975));
#2977=SURFACE_STYLE_FILL_AREA(#2976);
#2978=SURFACE_SIDE_STYLE('',(#2977));
#2979=SURFACE_STYLE_USAGE(.POSITIVE.,#2978);
#2980=PRESENTATION_STYLE_ASSIGNMENT((#2979));
#2392=STYLED_ITEM('',(#2980),#2974);
#2982=CARTESIAN_POINT('',(1.25E0,3.5E-2,-1.015E0));
#2983=DIRECTION('',(-1.E0,0.E0,0.E0));
#2984=DIRECTION('',(0.E0,1.E0,0.E0));
#2985=AXIS2_PLACEMENT_3D('',#2982,#2983,#2984);
#2987=CURVE_STYLE('',#36,POSITIVE_LENGTH_MEASURE(2.E-2),#28);
#2988=PRESENTATION_STYLE_ASSIGNMENT((#2987));
#2989=STYLED_ITEM('',(#2988),#2986);
#2990=DIRECTION('',(-1.E0,0.E0,0.E0));
#2991=VECTOR('',#2990,4.999999999726E-2);
#2992=CARTESIAN_POINT('',(1.25E0,3.5E-2,-1.08E0));
#2993=LINE('',#2992,#2991);
#2994=CURVE_STYLE('',#36,POSITIVE_LENGTH_MEASURE(2.E-2),#28);
#2995=PRESENTATION_STYLE_ASSIGNMENT((#2994));
#2996=STYLED_ITEM('',(#2995),#2993);
#2997=DIRECTION('',(0.E0,0.E0,-1.E0));
#2998=VECTOR('',#2997,3.E-2);
#2999=CARTESIAN_POINT('',(1.25E0,1.E-1,-9.85E-1));
#3000=LINE('',#2999,#2998);
#3001=CURVE_STYLE('',#36,POSITIVE_LENGTH_MEASURE(2.E-2),#28);
#3002=PRESENTATION_STYLE_ASSIGNMENT((#3001));
#3003=STYLED_ITEM('',(#3002),#3000);
#3004=DIRECTION('',(0.E0,1.E0,0.E0));
#3005=VECTOR('',#3004,3.5E-2);
#3006=CARTESIAN_POINT('',(1.25E0,0.E0,-9.2E-1));
#3007=LINE('',#3006,#3005);
#3008=CURVE_STYLE('',#36,POSITIVE_LENGTH_MEASURE(2.E-2),#28);
#3009=PRESENTATION_STYLE_ASSIGNMENT((#3008));
#3010=STYLED_ITEM('',(#3009),#3007);
#3011=DIRECTION('',(1.268826313857E-14,1.E0,0.E0));
#3012=VECTOR('',#3011,3.5E-2);
#3013=CARTESIAN_POINT('',(1.25E0,0.E0,-1.08E0));
#3014=LINE('',#3013,#3012);
#3015=CURVE_STYLE('',#36,POSITIVE_LENGTH_MEASURE(2.E-2),#28);
#3016=PRESENTATION_STYLE_ASSIGNMENT((#3015));
#3017=STYLED_ITEM('',(#3016),#3014);
#3018=DIRECTION('',(1.E0,0.E0,0.E0));
#3019=VECTOR('',#3018,5.E-2);
#3020=CARTESIAN_POINT('',(1.2E0,1.E-1,-9.85E-1));
#3021=LINE('',#3020,#3019);
#3022=CURVE_STYLE('',#36,POSITIVE_LENGTH_MEASURE(2.E-2),#28);
#3023=PRESENTATION_STYLE_ASSIGNMENT((#3022));
#3024=STYLED_ITEM('',(#3023),#3021);
#3025=DIRECTION('',(-1.E0,0.E0,0.E0));
#3026=VECTOR('',#3025,5.E-2);
#3027=CARTESIAN_POINT('',(1.25E0,1.E-1,-1.015E0));
#3028=LINE('',#3027,#3026);
#3029=CURVE_STYLE('',#36,POSITIVE_LENGTH_MEASURE(2.E-2),#28);
#3030=PRESENTATION_STYLE_ASSIGNMENT((#3029));
#3031=STYLED_ITEM('',(#3030),#3028);
#3032=CARTESIAN_POINT('',(1.2E0,1.E-1,-1.E0));
#3033=DIRECTION('',(0.E0,1.E0,0.E0));
#3034=DIRECTION('',(0.E0,0.E0,-1.E0));
#3035=AXIS2_PLACEMENT_3D('',#3032,#3033,#3034);
#3037=CURVE_STYLE('',#36,POSITIVE_LENGTH_MEASURE(2.E-2),#28);
#3038=PRESENTATION_STYLE_ASSIGNMENT((#3037));
#3039=STYLED_ITEM('',(#3038),#3036);
#3040=CARTESIAN_POINT('',(1.2E0,3.5E-2,-9.85E-1));
#3041=DIRECTION('',(1.E0,0.E0,0.E0));
#3042=DIRECTION('',(0.E0,1.E0,0.E0));
#3043=AXIS2_PLACEMENT_3D('',#3040,#3041,#3042);
#3045=CURVE_STYLE('',#36,POSITIVE_LENGTH_MEASURE(2.E-2),#28);
#3046=PRESENTATION_STYLE_ASSIGNMENT((#3045));
#3047=STYLED_ITEM('',(#3046),#3044);
#3048=CARTESIAN_POINT('',(1.25E0,3.5E-2,-9.85E-1));
#3049=DIRECTION('',(-1.E0,0.E0,0.E0));
#3050=DIRECTION('',(0.E0,0.E0,1.E0));
#3051=AXIS2_PLACEMENT_3D('',#3048,#3049,#3050);
#3053=CURVE_STYLE('',#36,POSITIVE_LENGTH_MEASURE(2.E-2),#28);
#3054=PRESENTATION_STYLE_ASSIGNMENT((#3053));
#3055=STYLED_ITEM('',(#3054),#3052);
#3056=CARTESIAN_POINT('',(1.2E0,3.5E-2,-1.015E0));
#3057=DIRECTION('',(-1.E0,0.E0,0.E0));
#3058=DIRECTION('',(0.E0,1.E0,0.E0));
#3059=AXIS2_PLACEMENT_3D('',#3056,#3057,#3058);
#3061=CURVE_STYLE('',#36,POSITIVE_LENGTH_MEASURE(2.E-2),#28);
#3062=PRESENTATION_STYLE_ASSIGNMENT((#3061));
#3063=STYLED_ITEM('',(#3062),#3060);
#3064=CARTESIAN_POINT('',(1.2E0,3.5E-2,-1.E0));
#3065=DIRECTION('',(0.E0,1.E0,0.E0));
#3066=DIRECTION('',(0.E0,0.E0,-1.E0));
#3067=AXIS2_PLACEMENT_3D('',#3064,#3065,#3066);
#3069=CURVE_STYLE('',#36,POSITIVE_LENGTH_MEASURE(2.E-2),#28);
#3070=PRESENTATION_STYLE_ASSIGNMENT((#3069));
#3071=STYLED_ITEM('',(#3070),#3068);
#3072=DIRECTION('',(7.821679811773E-11,1.E0,0.E0));
#3073=VECTOR('',#3072,3.5E-2);
#3074=CARTESIAN_POINT('',(1.2E0,0.E0,-1.08E0));
#3075=LINE('',#3074,#3073);
#3076=CURVE_STYLE('',#36,POSITIVE_LENGTH_MEASURE(2.E-2),#28);
#3077=PRESENTATION_STYLE_ASSIGNMENT((#3076));
#3078=STYLED_ITEM('',(#3077),#3075);
#3079=DIRECTION('',(-1.E0,0.E0,0.E0));
#3080=VECTOR('',#3079,5.E-2);
#3081=CARTESIAN_POINT('',(1.25E0,0.E0,-1.08E0));
#3082=LINE('',#3081,#3080);
#3083=CURVE_STYLE('',#36,POSITIVE_LENGTH_MEASURE(2.E-2),#28);
#3084=PRESENTATION_STYLE_ASSIGNMENT((#3083));
#3085=STYLED_ITEM('',(#3084),#3082);
#3086=DIRECTION('',(0.E0,0.E0,-1.E0));
#3087=VECTOR('',#3086,4.5E-2);
#3088=CARTESIAN_POINT('',(1.25E0,0.E0,-1.08E0));
#3089=LINE('',#3088,#3087);
#3090=CURVE_STYLE('',#36,POSITIVE_LENGTH_MEASURE(2.E-2),#28);
#3091=PRESENTATION_STYLE_ASSIGNMENT((#3090));
#3092=STYLED_ITEM('',(#3091),#3089);
#3093=DIRECTION('',(1.E0,0.E0,0.E0));
#3094=VECTOR('',#3093,2.76E-1);
#3095=CARTESIAN_POINT('',(9.74E-1,0.E0,-1.125E0));
#3096=LINE('',#3095,#3094);
#3097=CURVE_STYLE('',#36,POSITIVE_LENGTH_MEASURE(2.E-2),#28);
#3098=PRESENTATION_STYLE_ASSIGNMENT((#3097));
#3099=STYLED_ITEM('',(#3098),#3096);
#3100=CARTESIAN_POINT('',(9.74E-1,0.E0,-1.001E0));
#3101=DIRECTION('',(0.E0,-1.E0,0.E0));
#3102=DIRECTION('',(-1.E0,0.E0,0.E0));
#3103=AXIS2_PLACEMENT_3D('',#3100,#3101,#3102);
#3105=CURVE_STYLE('',#36,POSITIVE_LENGTH_MEASURE(2.E-2),#28);
#3106=PRESENTATION_STYLE_ASSIGNMENT((#3105));
#3107=STYLED_ITEM('',(#3106),#3104);
#3108=DIRECTION('',(0.E0,0.E0,-1.E0));
#3109=VECTOR('',#3108,2.E-3);
#3110=CARTESIAN_POINT('',(8.5E-1,0.E0,-9.99E-1));
#3111=LINE('',#3110,#3109);
#3112=CURVE_STYLE('',#36,POSITIVE_LENGTH_MEASURE(2.E-2),#28);
#3113=PRESENTATION_STYLE_ASSIGNMENT((#3112));
#3114=STYLED_ITEM('',(#3113),#3111);
#3115=CARTESIAN_POINT('',(9.74E-1,0.E0,-9.99E-1));
#3116=DIRECTION('',(0.E0,-1.E0,0.E0));
#3117=DIRECTION('',(0.E0,0.E0,1.E0));
#3118=AXIS2_PLACEMENT_3D('',#3115,#3116,#3117);
#3120=CURVE_STYLE('',#36,POSITIVE_LENGTH_MEASURE(2.E-2),#28);
#3121=PRESENTATION_STYLE_ASSIGNMENT((#3120));
#3122=STYLED_ITEM('',(#3121),#3119);
#3123=DIRECTION('',(-1.E0,0.E0,0.E0));
#3124=VECTOR('',#3123,2.76E-1);
#3125=CARTESIAN_POINT('',(1.25E0,0.E0,-8.75E-1));
#3126=LINE('',#3125,#3124);
#3127=CURVE_STYLE('',#36,POSITIVE_LENGTH_MEASURE(2.E-2),#28);
#3128=PRESENTATION_STYLE_ASSIGNMENT((#3127));
#3129=STYLED_ITEM('',(#3128),#3126);
#3130=DIRECTION('',(0.E0,0.E0,-1.E0));
#3131=VECTOR('',#3130,4.5E-2);
#3132=CARTESIAN_POINT('',(1.25E0,0.E0,-8.75E-1));
#3133=LINE('',#3132,#3131);
#3134=CURVE_STYLE('',#36,POSITIVE_LENGTH_MEASURE(2.E-2),#28);
#3135=PRESENTATION_STYLE_ASSIGNMENT((#3134));
#3136=STYLED_ITEM('',(#3135),#3133);
#3137=DIRECTION('',(-1.E0,0.E0,0.E0));
#3138=VECTOR('',#3137,5.E-2);
#3139=CARTESIAN_POINT('',(1.25E0,0.E0,-9.2E-1));
#3140=LINE('',#3139,#3138);
#3141=CURVE_STYLE('',#36,POSITIVE_LENGTH_MEASURE(2.E-2),#28);
#3142=PRESENTATION_STYLE_ASSIGNMENT((#3141));
#3143=STYLED_ITEM('',(#3142),#3140);
#3144=CARTESIAN_POINT('',(1.2E0,0.E0,-1.E0));
#3145=DIRECTION('',(0.E0,1.E0,0.E0));
#3146=DIRECTION('',(0.E0,0.E0,-1.E0));
#3147=AXIS2_PLACEMENT_3D('',#3144,#3145,#3146);
#3149=CURVE_STYLE('',#36,POSITIVE_LENGTH_MEASURE(2.E-2),#28);
#3150=PRESENTATION_STYLE_ASSIGNMENT((#3149));
#3151=STYLED_ITEM('',(#3150),#3148);
#3152=DIRECTION('',(0.E0,1.E0,0.E0));
#3153=VECTOR('',#3152,2.E-1);
#3154=CARTESIAN_POINT('',(1.25E0,0.E0,-1.125E0));
#3155=LINE('',#3154,#3153);
#3156=CURVE_STYLE('',#36,POSITIVE_LENGTH_MEASURE(2.E-2),#28);
#3157=PRESENTATION_STYLE_ASSIGNMENT((#3156));
#3158=STYLED_ITEM('',(#3157),#3155);
#3159=DIRECTION('',(0.E0,1.E0,0.E0));
#3160=VECTOR('',#3159,2.E-1);
#3161=CARTESIAN_POINT('',(9.74E-1,0.E0,-1.125E0));
#3162=LINE('',#3161,#3160);
#3163=CURVE_STYLE('',#36,POSITIVE_LENGTH_MEASURE(2.E-2),#28);
#3164=PRESENTATION_STYLE_ASSIGNMENT((#3163));
#3165=STYLED_ITEM('',(#3164),#3162);
#3166=DIRECTION('',(0.E0,0.E0,-1.E0));
#3167=VECTOR('',#3166,2.5E-1);
#3168=CARTESIAN_POINT('',(1.25E0,2.E-1,-8.75E-1));
#3169=LINE('',#3168,#3167);
#3170=CURVE_STYLE('',#36,POSITIVE_LENGTH_MEASURE(2.E-2),#28);
#3171=PRESENTATION_STYLE_ASSIGNMENT((#3170));
#3172=STYLED_ITEM('',(#3171),#3169);
#3173=DIRECTION('',(-1.E0,0.E0,0.E0));
#3174=VECTOR('',#3173,2.76E-1);
#3175=CARTESIAN_POINT('',(1.25E0,2.E-1,-8.75E-1));
#3176=LINE('',#3175,#3174);
#3177=CURVE_STYLE('',#36,POSITIVE_LENGTH_MEASURE(2.E-2),#28);
#3178=PRESENTATION_STYLE_ASSIGNMENT((#3177));
#3179=STYLED_ITEM('',(#3178),#3176);
#3180=CARTESIAN_POINT('',(9.74E-1,2.E-1,-9.99E-1));
#3181=DIRECTION('',(0.E0,-1.E0,0.E0));
#3182=DIRECTION('',(0.E0,0.E0,1.E0));
#3183=AXIS2_PLACEMENT_3D('',#3180,#3181,#3182);
#3185=CURVE_STYLE('',#36,POSITIVE_LENGTH_MEASURE(2.E-2),#28);
#3186=PRESENTATION_STYLE_ASSIGNMENT((#3185));
#3187=STYLED_ITEM('',(#3186),#3184);
#3188=DIRECTION('',(0.E0,0.E0,-1.E0));
#3189=VECTOR('',#3188,2.E-3);
#3190=CARTESIAN_POINT('',(8.5E-1,2.E-1,-9.99E-1));
#3191=LINE('',#3190,#3189);
#3192=CURVE_STYLE('',#36,POSITIVE_LENGTH_MEASURE(2.E-2),#28);
#3193=PRESENTATION_STYLE_ASSIGNMENT((#3192));
#3194=STYLED_ITEM('',(#3193),#3191);
#3195=CARTESIAN_POINT('',(9.74E-1,2.E-1,-1.001E0));
#3196=DIRECTION('',(0.E0,-1.E0,0.E0));
#3197=DIRECTION('',(-1.E0,0.E0,0.E0));
#3198=AXIS2_PLACEMENT_3D('',#3195,#3196,#3197);
#3200=CURVE_STYLE('',#36,POSITIVE_LENGTH_MEASURE(2.E-2),#28);
#3201=PRESENTATION_STYLE_ASSIGNMENT((#3200));
#3202=STYLED_ITEM('',(#3201),#3199);
#3203=DIRECTION('',(1.E0,0.E0,0.E0));
#3204=VECTOR('',#3203,2.76E-1);
#3205=CARTESIAN_POINT('',(9.74E-1,2.E-1,-1.125E0));
#3206=LINE('',#3205,#3204);
#3207=CURVE_STYLE('',#36,POSITIVE_LENGTH_MEASURE(2.E-2),#28);
#3208=PRESENTATION_STYLE_ASSIGNMENT((#3207));
#3209=STYLED_ITEM('',(#3208),#3206);
#3210=DIRECTION('',(0.E0,1.E0,0.E0));
#3211=VECTOR('',#3210,2.E-1);
#3212=CARTESIAN_POINT('',(1.25E0,0.E0,-8.75E-1));
#3213=LINE('',#3212,#3211);
#3214=CURVE_STYLE('',#36,POSITIVE_LENGTH_MEASURE(2.E-2),#28);
#3215=PRESENTATION_STYLE_ASSIGNMENT((#3214));
#3216=STYLED_ITEM('',(#3215),#3213);
#3217=DIRECTION('',(0.E0,1.E0,0.E0));
#3218=VECTOR('',#3217,2.E-1);
#3219=CARTESIAN_POINT('',(9.74E-1,0.E0,-8.75E-1));
#3220=LINE('',#3219,#3218);
#3221=CURVE_STYLE('',#36,POSITIVE_LENGTH_MEASURE(2.E-2),#28);
#3222=PRESENTATION_STYLE_ASSIGNMENT((#3221));
#3223=STYLED_ITEM('',(#3222),#3220);
#3224=DIRECTION('',(0.E0,1.E0,0.E0));
#3225=VECTOR('',#3224,2.E-1);
#3226=CARTESIAN_POINT('',(8.5E-1,0.E0,-9.99E-1));
#3227=LINE('',#3226,#3225);
#3228=CURVE_STYLE('',#36,POSITIVE_LENGTH_MEASURE(2.E-2),#28);
#3229=PRESENTATION_STYLE_ASSIGNMENT((#3228));
#3230=STYLED_ITEM('',(#3229),#3227);
#3231=DIRECTION('',(0.E0,1.E0,0.E0));
#3232=VECTOR('',#3231,2.E-1);
#3233=CARTESIAN_POINT('',(8.5E-1,0.E0,-1.001E0));
#3234=LINE('',#3233,#3232);
#3235=CURVE_STYLE('',#36,POSITIVE_LENGTH_MEASURE(2.E-2),#28);
#3236=PRESENTATION_STYLE_ASSIGNMENT((#3235));
#3237=STYLED_ITEM('',(#3236),#3234);
#3238=DIRECTION('',(1.E0,0.E0,0.E0));
#3239=VECTOR('',#3238,4.999999999071E-2);
#3240=CARTESIAN_POINT('',(1.200000000009E0,3.5E-2,-9.2E-1));
#3241=LINE('',#3240,#3239);
#3242=CURVE_STYLE('',#36,POSITIVE_LENGTH_MEASURE(2.E-2),#28);
#3243=PRESENTATION_STYLE_ASSIGNMENT((#3242));
#3244=STYLED_ITEM('',(#3243),#3241);
#3245=DIRECTION('',(2.653750235433E-10,1.E0,0.E0));
#3246=VECTOR('',#3245,3.5E-2);
#3247=CARTESIAN_POINT('',(1.2E0,0.E0,-9.2E-1));
#3248=LINE('',#3247,#3246);
#3249=CURVE_STYLE('',#36,POSITIVE_LENGTH_MEASURE(2.E-2),#28);
#3250=PRESENTATION_STYLE_ASSIGNMENT((#3249));
#3251=STYLED_ITEM('',(#3250),#3248);
#3252=CARTESIAN_POINT('',(9.74E-1,0.E0,-8.75E-1));
#3253=CARTESIAN_POINT('',(8.5E-1,0.E0,-9.99E-1));
#3254=VERTEX_POINT('',#3252);
#3255=VERTEX_POINT('',#3253);
#3256=CARTESIAN_POINT('',(8.5E-1,0.E0,-1.001E0));
#3257=VERTEX_POINT('',#3256);
#3258=CARTESIAN_POINT('',(9.74E-1,0.E0,-1.125E0));
#3259=VERTEX_POINT('',#3258);
#3260=CARTESIAN_POINT('',(9.74E-1,2.E-1,-8.75E-1));
#3261=CARTESIAN_POINT('',(8.5E-1,2.E-1,-9.99E-1));
#3262=VERTEX_POINT('',#3260);
#3263=VERTEX_POINT('',#3261);
#3264=CARTESIAN_POINT('',(8.5E-1,2.E-1,-1.001E0));
#3265=VERTEX_POINT('',#3264);
#3266=CARTESIAN_POINT('',(9.74E-1,2.E-1,-1.125E0));
#3267=VERTEX_POINT('',#3266);
#3268=CARTESIAN_POINT('',(1.25E0,2.E-1,-8.75E-1));
#3269=CARTESIAN_POINT('',(1.25E0,2.E-1,-1.125E0));
#3270=VERTEX_POINT('',#3268);
#3271=VERTEX_POINT('',#3269);
#3272=CARTESIAN_POINT('',(1.25E0,0.E0,-8.75E-1));
#3273=VERTEX_POINT('',#3272);
#3274=CARTESIAN_POINT('',(1.25E0,0.E0,-1.125E0));
#3275=VERTEX_POINT('',#3274);
#3276=CARTESIAN_POINT('',(1.25E0,0.E0,-1.08E0));
#3277=CARTESIAN_POINT('',(1.2E0,0.E0,-1.08E0));
#3278=VERTEX_POINT('',#3276);
#3279=VERTEX_POINT('',#3277);
#3280=CARTESIAN_POINT('',(1.2E0,0.E0,-9.2E-1));
#3281=VERTEX_POINT('',#3280);
#3282=CARTESIAN_POINT('',(1.25E0,0.E0,-9.2E-1));
#3283=VERTEX_POINT('',#3282);
#3284=CARTESIAN_POINT('',(1.2E0,1.E-1,-9.85E-1));
#3285=CARTESIAN_POINT('',(1.25E0,1.E-1,-9.85E-1));
#3286=VERTEX_POINT('',#3284);
#3287=VERTEX_POINT('',#3285);
#3288=CARTESIAN_POINT('',(1.200000000009E0,3.5E-2,-9.2E-1));
#3289=CARTESIAN_POINT('',(1.25E0,3.5E-2,-9.2E-1));
#3290=VERTEX_POINT('',#3288);
#3291=VERTEX_POINT('',#3289);
#3292=CARTESIAN_POINT('',(1.2E0,1.E-1,-1.015E0));
#3293=VERTEX_POINT('',#3292);
#3294=CARTESIAN_POINT('',(1.2E0,3.5E-2,-1.08E0));
#3295=VERTEX_POINT('',#3294);
#3296=CARTESIAN_POINT('',(1.25E0,3.5E-2,-1.08E0));
#3297=VERTEX_POINT('',#3296);
#3298=CARTESIAN_POINT('',(1.25E0,1.E-1,-1.015E0));
#3299=VERTEX_POINT('',#3298);
#3300=CARTESIAN_POINT('',(4.509E0,3.5E-2,-1.015E0));
#3301=DIRECTION('',(-1.E0,0.E0,0.E0));
#3302=DIRECTION('',(0.E0,1.E0,0.E0));
#3303=AXIS2_PLACEMENT_3D('',#3300,#3301,#3302);
#3304=CYLINDRICAL_SURFACE('',#3303,6.5E-2);
#3306=ORIENTED_EDGE('',*,*,#3305,.T.);
#3308=ORIENTED_EDGE('',*,*,#3307,.F.);
#3310=ORIENTED_EDGE('',*,*,#3309,.F.);
#3312=ORIENTED_EDGE('',*,*,#3311,.T.);
#3313=EDGE_LOOP('',(#3306,#3308,#3310,#3312));
#3314=FACE_OUTER_BOUND('',#3313,.F.);
#3315=ADVANCED_FACE('',(#3314),#3304,.F.);
#3316=CARTESIAN_POINT('',(1.25E0,0.E0,-1.08E0));
#3317=DIRECTION('',(0.E0,0.E0,-1.E0));
#3318=DIRECTION('',(-1.E0,0.E0,0.E0));
#3319=AXIS2_PLACEMENT_3D('',#3316,#3317,#3318);
#3320=PLANE('',#3319);
#3321=ORIENTED_EDGE('',*,*,#3305,.F.);
#3323=ORIENTED_EDGE('',*,*,#3322,.F.);
#3325=ORIENTED_EDGE('',*,*,#3324,.T.);
#3327=ORIENTED_EDGE('',*,*,#3326,.T.);
#3328=EDGE_LOOP('',(#3321,#3323,#3325,#3327));
#3329=FACE_OUTER_BOUND('',#3328,.F.);
#3330=ADVANCED_FACE('',(#3329),#3320,.F.);
#3331=CARTESIAN_POINT('',(1.25E0,0.E0,-1.5E0));
#3332=DIRECTION('',(-1.E0,0.E0,0.E0));
#3333=DIRECTION('',(0.E0,0.E0,1.E0));
#3334=AXIS2_PLACEMENT_3D('',#3331,#3332,#3333);
#3335=PLANE('',#3334);
#3337=ORIENTED_EDGE('',*,*,#3336,.F.);
#3339=ORIENTED_EDGE('',*,*,#3338,.F.);
#3341=ORIENTED_EDGE('',*,*,#3340,.F.);
#3343=ORIENTED_EDGE('',*,*,#3342,.F.);
#3345=ORIENTED_EDGE('',*,*,#3344,.T.);
#3347=ORIENTED_EDGE('',*,*,#3346,.T.);
#3349=ORIENTED_EDGE('',*,*,#3348,.F.);
#3351=ORIENTED_EDGE('',*,*,#3350,.F.);
#3352=ORIENTED_EDGE('',*,*,#3322,.T.);
#3353=ORIENTED_EDGE('',*,*,#3311,.F.);
#3354=EDGE_LOOP('',(#3337,#3339,#3341,#3343,#3345,#3347,#3349,#3351,#3352,
#3353));
#3355=FACE_OUTER_BOUND('',#3354,.F.);
#3356=ADVANCED_FACE('',(#3355),#3335,.F.);
#3357=FILL_AREA_STYLE_COLOUR('',#29);
#3358=FILL_AREA_STYLE('',(#3357));
#3359=SURFACE_STYLE_FILL_AREA(#3358);
#3360=SURFACE_SIDE_STYLE('',(#3359));
#3361=SURFACE_STYLE_USAGE(.POSITIVE.,#3360);
#3362=PRESENTATION_STYLE_ASSIGNMENT((#3361));
#3363=OVER_RIDING_STYLED_ITEM('',(#3362),#3356,#2981);
#3364=CARTESIAN_POINT('',(0.E0,1.E-1,0.E0));
#3365=DIRECTION('',(0.E0,1.E0,0.E0));
#3366=DIRECTION('',(1.E0,0.E0,0.E0));
#3367=AXIS2_PLACEMENT_3D('',#3364,#3365,#3366);
#3368=PLANE('',#3367);
#3370=ORIENTED_EDGE('',*,*,#3369,.T.);
#3371=ORIENTED_EDGE('',*,*,#3336,.T.);
#3372=ORIENTED_EDGE('',*,*,#3309,.T.);
#3374=ORIENTED_EDGE('',*,*,#3373,.T.);
#3375=EDGE_LOOP('',(#3370,#3371,#3372,#3374));
#3376=FACE_OUTER_BOUND('',#3375,.F.);
#3377=ADVANCED_FACE('',(#3376),#3368,.F.);
#3378=CARTESIAN_POINT('',(1.197314511898E0,3.5E-2,-9.85E-1));
#3379=DIRECTION('',(1.E0,0.E0,0.E0));
#3380=DIRECTION('',(0.E0,1.E0,0.E0));
#3381=AXIS2_PLACEMENT_3D('',#3378,#3379,#3380);
#3382=CYLINDRICAL_SURFACE('',#3381,6.5E-2);
#3383=ORIENTED_EDGE('',*,*,#3369,.F.);
#3385=ORIENTED_EDGE('',*,*,#3384,.T.);
#3387=ORIENTED_EDGE('',*,*,#3386,.T.);
#3388=ORIENTED_EDGE('',*,*,#3338,.T.);
#3389=EDGE_LOOP('',(#3383,#3385,#3387,#3388));
#3390=FACE_OUTER_BOUND('',#3389,.F.);
#3391=ADVANCED_FACE('',(#3390),#3382,.F.);
#3392=CARTESIAN_POINT('',(1.211136716841E0,3.290453394266E-2,
-1.079186924388E0));
#3393=CARTESIAN_POINT('',(1.211316540298E0,7.293610489708E-2,
-1.080465547765E0));
#3394=CARTESIAN_POINT('',(1.207372293598E0,1.012574209620E-1,
-1.052420229767E0));
#3395=CARTESIAN_POINT('',(1.201797185742E0,9.996621446569E-2,
-1.012778776142E0));
#3396=CARTESIAN_POINT('',(1.159437385280E0,3.290453394266E-2,
-1.086457832065E0));
#3397=CARTESIAN_POINT('',(1.158782424782E0,7.293610489708E-2,
-1.087853858064E0));
#3398=CARTESIAN_POINT('',(1.173148324676E0,1.012574209620E-1,
-1.057233431618E0));
#3399=CARTESIAN_POINT('',(1.193454215109E0,9.996621446569E-2,
-1.013952117603E0));
#3400=CARTESIAN_POINT('',(1.120033785532E0,3.290453394266E-2,
-1.052208112224E0));
#3401=CARTESIAN_POINT('',(1.118742579035E0,7.293610489708E-2,
-1.053051111409E0));
#3402=CARTESIAN_POINT('',(1.147063895101E0,1.012574209620E-1,
-1.034560771991E0));
#3403=CARTESIAN_POINT('',(1.187095466057E0,9.996621446569E-2,
-1.008425075024E0));
#3404=CARTESIAN_POINT('',(1.120033785534E0,3.290453394266E-2,
-9.999999999962E-1));
#3405=CARTESIAN_POINT('',(1.118742579038E0,7.293610489708E-2,
-9.999999999961E-1));
#3406=CARTESIAN_POINT('',(1.147063895103E0,1.012574209620E-1,
-9.999999999975E-1));
#3407=CARTESIAN_POINT('',(1.187095466057E0,9.996621446569E-2,
-9.999999999994E-1));
#3408=CARTESIAN_POINT('',(1.120033785537E0,3.290453394266E-2,
-9.477918877688E-1));
#3409=CARTESIAN_POINT('',(1.118742579041E0,7.293610489708E-2,
-9.469488885832E-1));
#3410=CARTESIAN_POINT('',(1.147063895105E0,1.012574209620E-1,
-9.654392280038E-1));
#3411=CARTESIAN_POINT('',(1.187095466058E0,9.996621446569E-2,
-9.915749249746E-1));
#3412=CARTESIAN_POINT('',(1.159437385288E0,3.290453394266E-2,
-9.135421679310E-1));
#3413=CARTESIAN_POINT('',(1.158782424791E0,7.293610489708E-2,
-9.121461419322E-1));
#3414=CARTESIAN_POINT('',(1.173148324682E0,1.012574209620E-1,
-9.427665683794E-1));
#3415=CARTESIAN_POINT('',(1.193454215110E0,9.996621446569E-2,
-9.860478823964E-1));
#3416=CARTESIAN_POINT('',(1.211136716849E0,3.290453394266E-2,
-9.208130756135E-1));
#3417=CARTESIAN_POINT('',(1.211316540306E0,7.293610489708E-2,
-9.195344522364E-1));
#3418=CARTESIAN_POINT('',(1.207372293603E0,1.012574209620E-1,
-9.475797702341E-1));
#3419=CARTESIAN_POINT('',(1.201797185743E0,9.996621446569E-2,
-9.872212238582E-1));
#3420=(BOUNDED_SURFACE()B_SPLINE_SURFACE(3,3,((#3392,#3393,#3394,#3395),(#3396,
#3397,#3398,#3399),(#3400,#3401,#3402,#3403),(#3404,#3405,#3406,#3407),(#3408,
#3409,#3410,#3411),(#3412,#3413,#3414,#3415),(#3416,#3417,#3418,#3419)),
.UNSPECIFIED.,.F.,.F.,.F.)B_SPLINE_SURFACE_WITH_KNOTS((4,3,4),(4,4),(0.E0,1.E0,
2.E0),(0.E0,1.E0),.UNSPECIFIED.)GEOMETRIC_REPRESENTATION_ITEM()RATIONAL_B_SPLINE_SURFACE(((1.434386219132E0,1.132154901202E0,1.132154901202E0,1.434386219132E0),(
1.105455593096E0,8.725313664418E-1,8.725313664418E-1,1.105455593096E0),(
1.105455593096E0,8.725313664418E-1,8.725313664418E-1,1.105455593096E0),(
1.434386219132E0,1.132154901202E0,1.132154901202E0,1.434386219132E0),(
1.105455593096E0,8.725313664418E-1,8.725313664418E-1,1.105455593096E0),(
1.105455593096E0,8.725313664418E-1,8.725313664418E-1,1.105455593096E0),(
1.434386219132E0,1.132154901202E0,1.132154901202E0,1.434386219132E0)))REPRESENTATION_ITEM('')SURFACE());
#3421=ORIENTED_EDGE('',*,*,#3373,.F.);
#3422=ORIENTED_EDGE('',*,*,#3307,.T.);
#3424=ORIENTED_EDGE('',*,*,#3423,.T.);
#3425=ORIENTED_EDGE('',*,*,#3384,.F.);
#3426=EDGE_LOOP('',(#3421,#3422,#3424,#3425));
#3427=FACE_OUTER_BOUND('',#3426,.F.);
#3428=ADVANCED_FACE('',(#3427),#3420,.F.);
#3429=CARTESIAN_POINT('',(1.2E0,0.E0,-1.E0));
#3430=DIRECTION('',(0.E0,1.E0,0.E0));
#3431=DIRECTION('',(1.E0,0.E0,0.E0));
#3432=AXIS2_PLACEMENT_3D('',#3429,#3430,#3431);
#3433=CYLINDRICAL_SURFACE('',#3432,8.E-2);
#3434=ORIENTED_EDGE('',*,*,#3423,.F.);
#3435=ORIENTED_EDGE('',*,*,#3326,.F.);
#3437=ORIENTED_EDGE('',*,*,#3436,.T.);
#3439=ORIENTED_EDGE('',*,*,#3438,.T.);
#3440=EDGE_LOOP('',(#3434,#3435,#3437,#3439));
#3441=FACE_OUTER_BOUND('',#3440,.F.);
#3442=ADVANCED_FACE('',(#3441),#3433,.F.);
#3443=CARTESIAN_POINT('',(0.E0,0.E0,0.E0));
#3444=DIRECTION('',(0.E0,-1.E0,0.E0));
#3445=DIRECTION('',(-1.E0,0.E0,0.E0));
#3446=AXIS2_PLACEMENT_3D('',#3443,#3444,#3445);
#3447=PLANE('',#3446);
#3448=ORIENTED_EDGE('',*,*,#3324,.F.);
#3449=ORIENTED_EDGE('',*,*,#3350,.T.);
#3451=ORIENTED_EDGE('',*,*,#3450,.F.);
#3453=ORIENTED_EDGE('',*,*,#3452,.F.);
#3455=ORIENTED_EDGE('',*,*,#3454,.F.);
#3457=ORIENTED_EDGE('',*,*,#3456,.F.);
#3459=ORIENTED_EDGE('',*,*,#3458,.F.);
#3460=ORIENTED_EDGE('',*,*,#3342,.T.);
#3462=ORIENTED_EDGE('',*,*,#3461,.T.);
#3463=ORIENTED_EDGE('',*,*,#3436,.F.);
#3464=EDGE_LOOP('',(#3448,#3449,#3451,#3453,#3455,#3457,#3459,#3460,#3462,
#3463));
#3465=FACE_OUTER_BOUND('',#3464,.F.);
#3466=ADVANCED_FACE('',(#3465),#3447,.T.);
#3467=CARTESIAN_POINT('',(9.74E-1,0.E0,-1.125E0));
#3468=DIRECTION('',(0.E0,0.E0,1.E0));
#3469=DIRECTION('',(1.E0,0.E0,0.E0));
#3470=AXIS2_PLACEMENT_3D('',#3467,#3468,#3469);
#3471=PLANE('',#3470);
#3472=ORIENTED_EDGE('',*,*,#3348,.T.);
#3474=ORIENTED_EDGE('',*,*,#3473,.F.);
#3476=ORIENTED_EDGE('',*,*,#3475,.F.);
#3477=ORIENTED_EDGE('',*,*,#3450,.T.);
#3478=EDGE_LOOP('',(#3472,#3474,#3476,#3477));
#3479=FACE_OUTER_BOUND('',#3478,.F.);
#3480=ADVANCED_FACE('',(#3479),#3471,.F.);
#3481=CARTESIAN_POINT('',(0.E0,2.E-1,0.E0));
#3482=DIRECTION('',(0.E0,-1.E0,0.E0));
#3483=DIRECTION('',(-1.E0,0.E0,0.E0));
#3484=AXIS2_PLACEMENT_3D('',#3481,#3482,#3483);
#3485=PLANE('',#3484);
#3486=ORIENTED_EDGE('',*,*,#3346,.F.);
#3488=ORIENTED_EDGE('',*,*,#3487,.T.);
#3490=ORIENTED_EDGE('',*,*,#3489,.T.);
#3492=ORIENTED_EDGE('',*,*,#3491,.T.);
#3494=ORIENTED_EDGE('',*,*,#3493,.T.);
#3495=ORIENTED_EDGE('',*,*,#3473,.T.);
#3496=EDGE_LOOP('',(#3486,#3488,#3490,#3492,#3494,#3495));
#3497=FACE_OUTER_BOUND('',#3496,.F.);
#3498=ADVANCED_FACE('',(#3497),#3485,.F.);
#3499=CARTESIAN_POINT('',(1.35E0,0.E0,-8.75E-1));
#3500=DIRECTION('',(0.E0,0.E0,-1.E0));
#3501=DIRECTION('',(-1.E0,0.E0,0.E0));
#3502=AXIS2_PLACEMENT_3D('',#3499,#3500,#3501);
#3503=PLANE('',#3502);
#3504=ORIENTED_EDGE('',*,*,#3344,.F.);
#3505=ORIENTED_EDGE('',*,*,#3458,.T.);
#3507=ORIENTED_EDGE('',*,*,#3506,.T.);
#3508=ORIENTED_EDGE('',*,*,#3487,.F.);
#3509=EDGE_LOOP('',(#3504,#3505,#3507,#3508));
#3510=FACE_OUTER_BOUND('',#3509,.F.);
#3511=ADVANCED_FACE('',(#3510),#3503,.F.);
#3512=CARTESIAN_POINT('',(9.74E-1,0.E0,-9.99E-1));
#3513=DIRECTION('',(0.E0,-1.E0,0.E0));
#3514=DIRECTION('',(-1.E0,0.E0,0.E0));
#3515=AXIS2_PLACEMENT_3D('',#3512,#3513,#3514);
#3516=CYLINDRICAL_SURFACE('',#3515,1.24E-1);
#3517=ORIENTED_EDGE('',*,*,#3456,.T.);
#3519=ORIENTED_EDGE('',*,*,#3518,.T.);
#3520=ORIENTED_EDGE('',*,*,#3489,.F.);
#3521=ORIENTED_EDGE('',*,*,#3506,.F.);
#3522=EDGE_LOOP('',(#3517,#3519,#3520,#3521));
#3523=FACE_OUTER_BOUND('',#3522,.F.);
#3524=ADVANCED_FACE('',(#3523),#3516,.T.);
#3525=CARTESIAN_POINT('',(8.5E-1,0.E0,-9.99E-1));
#3526=DIRECTION('',(1.E0,0.E0,0.E0));
#3527=DIRECTION('',(0.E0,0.E0,-1.E0));
#3528=AXIS2_PLACEMENT_3D('',#3525,#3526,#3527);
#3529=PLANE('',#3528);
#3530=ORIENTED_EDGE('',*,*,#3454,.T.);
#3532=ORIENTED_EDGE('',*,*,#3531,.T.);
#3533=ORIENTED_EDGE('',*,*,#3491,.F.);
#3534=ORIENTED_EDGE('',*,*,#3518,.F.);
#3535=EDGE_LOOP('',(#3530,#3532,#3533,#3534));
#3536=FACE_OUTER_BOUND('',#3535,.F.);
#3537=ADVANCED_FACE('',(#3536),#3529,.F.);
#3538=CARTESIAN_POINT('',(9.74E-1,0.E0,-1.001E0));
#3539=DIRECTION('',(0.E0,-1.E0,0.E0));
#3540=DIRECTION('',(-1.E0,0.E0,0.E0));
#3541=AXIS2_PLACEMENT_3D('',#3538,#3539,#3540);
#3542=CYLINDRICAL_SURFACE('',#3541,1.24E-1);
#3543=ORIENTED_EDGE('',*,*,#3452,.T.);
#3544=ORIENTED_EDGE('',*,*,#3475,.T.);
#3545=ORIENTED_EDGE('',*,*,#3493,.F.);
#3546=ORIENTED_EDGE('',*,*,#3531,.F.);
#3547=EDGE_LOOP('',(#3543,#3544,#3545,#3546));
#3548=FACE_OUTER_BOUND('',#3547,.F.);
#3549=ADVANCED_FACE('',(#3548),#3542,.T.);
#3550=CARTESIAN_POINT('',(1.2E0,0.E0,-9.2E-1));
#3551=DIRECTION('',(0.E0,0.E0,1.E0));
#3552=DIRECTION('',(1.E0,0.E0,0.E0));
#3553=AXIS2_PLACEMENT_3D('',#3550,#3551,#3552);
#3554=PLANE('',#3553);
#3555=ORIENTED_EDGE('',*,*,#3386,.F.);
#3556=ORIENTED_EDGE('',*,*,#3438,.F.);
#3557=ORIENTED_EDGE('',*,*,#3461,.F.);
#3558=ORIENTED_EDGE('',*,*,#3340,.T.);
#3559=EDGE_LOOP('',(#3555,#3556,#3557,#3558));
#3560=FACE_OUTER_BOUND('',#3559,.F.);
#3561=ADVANCED_FACE('',(#3560),#3554,.F.);
#3562=CLOSED_SHELL('',(#3315,#3330,#3356,#3377,#3391,#3428,#3442,#3466,#3480,
#3498,#3511,#3524,#3537,#3549,#3561));
#3563=MANIFOLD_SOLID_BREP('',#3562);
#3564=FILL_AREA_STYLE_COLOUR('',#28);
#3565=FILL_AREA_STYLE('',(#3564));
#3566=SURFACE_STYLE_FILL_AREA(#3565);
#3567=SURFACE_SIDE_STYLE('',(#3566));
#3568=SURFACE_STYLE_USAGE(.POSITIVE.,#3567);
#3569=PRESENTATION_STYLE_ASSIGNMENT((#3568));
#2981=STYLED_ITEM('',(#3569),#3563);
#3571=CARTESIAN_POINT('',(1.25E0,3.5E-2,-5.15E-1));
#3572=DIRECTION('',(-1.E0,0.E0,0.E0));
#3573=DIRECTION('',(0.E0,1.E0,0.E0));
#3574=AXIS2_PLACEMENT_3D('',#3571,#3572,#3573);
#3576=CURVE_STYLE('',#36,POSITIVE_LENGTH_MEASURE(2.E-2),#28);
#3577=PRESENTATION_STYLE_ASSIGNMENT((#3576));
#3578=STYLED_ITEM('',(#3577),#3575);
#3579=DIRECTION('',(-1.E0,0.E0,0.E0));
#3580=VECTOR('',#3579,4.999999999726E-2);
#3581=CARTESIAN_POINT('',(1.25E0,3.5E-2,-5.8E-1));
#3582=LINE('',#3581,#3580);
#3583=CURVE_STYLE('',#36,POSITIVE_LENGTH_MEASURE(2.E-2),#28);
#3584=PRESENTATION_STYLE_ASSIGNMENT((#3583));
#3585=STYLED_ITEM('',(#3584),#3582);
#3586=DIRECTION('',(1.268826313857E-14,1.E0,0.E0));
#3587=VECTOR('',#3586,3.5E-2);
#3588=CARTESIAN_POINT('',(1.25E0,0.E0,-5.8E-1));
#3589=LINE('',#3588,#3587);
#3590=CURVE_STYLE('',#36,POSITIVE_LENGTH_MEASURE(2.E-2),#28);
#3591=PRESENTATION_STYLE_ASSIGNMENT((#3590));
#3592=STYLED_ITEM('',(#3591),#3589);
#3593=DIRECTION('',(0.E0,0.E0,-1.E0));
#3594=VECTOR('',#3593,3.E-2);
#3595=CARTESIAN_POINT('',(1.25E0,1.E-1,-4.85E-1));
#3596=LINE('',#3595,#3594);
#3597=CURVE_STYLE('',#36,POSITIVE_LENGTH_MEASURE(2.E-2),#28);
#3598=PRESENTATION_STYLE_ASSIGNMENT((#3597));
#3599=STYLED_ITEM('',(#3598),#3596);
#3600=DIRECTION('',(0.E0,1.E0,0.E0));
#3601=VECTOR('',#3600,3.5E-2);
#3602=CARTESIAN_POINT('',(1.25E0,0.E0,-4.2E-1));
#3603=LINE('',#3602,#3601);
#3604=CURVE_STYLE('',#36,POSITIVE_LENGTH_MEASURE(2.E-2),#28);
#3605=PRESENTATION_STYLE_ASSIGNMENT((#3604));
#3606=STYLED_ITEM('',(#3605),#3603);
#3607=DIRECTION('',(1.E0,0.E0,0.E0));
#3608=VECTOR('',#3607,5.E-2);
#3609=CARTESIAN_POINT('',(1.2E0,1.E-1,-4.85E-1));
#3610=LINE('',#3609,#3608);
#3611=CURVE_STYLE('',#36,POSITIVE_LENGTH_MEASURE(2.E-2),#28);
#3612=PRESENTATION_STYLE_ASSIGNMENT((#3611));
#3613=STYLED_ITEM('',(#3612),#3610);
#3614=DIRECTION('',(-1.E0,0.E0,0.E0));
#3615=VECTOR('',#3614,5.E-2);
#3616=CARTESIAN_POINT('',(1.25E0,1.E-1,-5.15E-1));
#3617=LINE('',#3616,#3615);
#3618=CURVE_STYLE('',#36,POSITIVE_LENGTH_MEASURE(2.E-2),#28);
#3619=PRESENTATION_STYLE_ASSIGNMENT((#3618));
#3620=STYLED_ITEM('',(#3619),#3617);
#3621=CARTESIAN_POINT('',(1.2E0,1.E-1,-5.E-1));
#3622=DIRECTION('',(0.E0,1.E0,0.E0));
#3623=DIRECTION('',(0.E0,0.E0,-1.E0));
#3624=AXIS2_PLACEMENT_3D('',#3621,#3622,#3623);
#3626=CURVE_STYLE('',#36,POSITIVE_LENGTH_MEASURE(2.E-2),#28);
#3627=PRESENTATION_STYLE_ASSIGNMENT((#3626));
#3628=STYLED_ITEM('',(#3627),#3625);
#3629=CARTESIAN_POINT('',(1.2E0,3.5E-2,-4.85E-1));
#3630=DIRECTION('',(1.E0,0.E0,0.E0));
#3631=DIRECTION('',(0.E0,1.E0,0.E0));
#3632=AXIS2_PLACEMENT_3D('',#3629,#3630,#3631);
#3634=CURVE_STYLE('',#36,POSITIVE_LENGTH_MEASURE(2.E-2),#28);
#3635=PRESENTATION_STYLE_ASSIGNMENT((#3634));
#3636=STYLED_ITEM('',(#3635),#3633);
#3637=CARTESIAN_POINT('',(1.25E0,3.5E-2,-4.85E-1));
#3638=DIRECTION('',(-1.E0,0.E0,0.E0));
#3639=DIRECTION('',(0.E0,0.E0,1.E0));
#3640=AXIS2_PLACEMENT_3D('',#3637,#3638,#3639);
#3642=CURVE_STYLE('',#36,POSITIVE_LENGTH_MEASURE(2.E-2),#28);
#3643=PRESENTATION_STYLE_ASSIGNMENT((#3642));
#3644=STYLED_ITEM('',(#3643),#3641);
#3645=CARTESIAN_POINT('',(1.2E0,3.5E-2,-5.15E-1));
#3646=DIRECTION('',(-1.E0,0.E0,0.E0));
#3647=DIRECTION('',(0.E0,1.E0,0.E0));
#3648=AXIS2_PLACEMENT_3D('',#3645,#3646,#3647);
#3650=CURVE_STYLE('',#36,POSITIVE_LENGTH_MEASURE(2.E-2),#28);
#3651=PRESENTATION_STYLE_ASSIGNMENT((#3650));
#3652=STYLED_ITEM('',(#3651),#3649);
#3653=CARTESIAN_POINT('',(1.2E0,3.5E-2,-5.E-1));
#3654=DIRECTION('',(0.E0,1.E0,0.E0));
#3655=DIRECTION('',(0.E0,0.E0,-1.E0));
#3656=AXIS2_PLACEMENT_3D('',#3653,#3654,#3655);
#3658=CURVE_STYLE('',#36,POSITIVE_LENGTH_MEASURE(2.E-2),#28);
#3659=PRESENTATION_STYLE_ASSIGNMENT((#3658));
#3660=STYLED_ITEM('',(#3659),#3657);
#3661=DIRECTION('',(7.821679811773E-11,1.E0,0.E0));
#3662=VECTOR('',#3661,3.5E-2);
#3663=CARTESIAN_POINT('',(1.2E0,0.E0,-5.8E-1));
#3664=LINE('',#3663,#3662);
#3665=CURVE_STYLE('',#36,POSITIVE_LENGTH_MEASURE(2.E-2),#28);
#3666=PRESENTATION_STYLE_ASSIGNMENT((#3665));
#3667=STYLED_ITEM('',(#3666),#3664);
#3668=DIRECTION('',(-1.E0,0.E0,0.E0));
#3669=VECTOR('',#3668,5.E-2);
#3670=CARTESIAN_POINT('',(1.25E0,0.E0,-5.8E-1));
#3671=LINE('',#3670,#3669);
#3672=CURVE_STYLE('',#36,POSITIVE_LENGTH_MEASURE(2.E-2),#28);
#3673=PRESENTATION_STYLE_ASSIGNMENT((#3672));
#3674=STYLED_ITEM('',(#3673),#3671);
#3675=DIRECTION('',(0.E0,0.E0,-1.E0));
#3676=VECTOR('',#3675,4.5E-2);
#3677=CARTESIAN_POINT('',(1.25E0,0.E0,-5.8E-1));
#3678=LINE('',#3677,#3676);
#3679=CURVE_STYLE('',#36,POSITIVE_LENGTH_MEASURE(2.E-2),#28);
#3680=PRESENTATION_STYLE_ASSIGNMENT((#3679));
#3681=STYLED_ITEM('',(#3680),#3678);
#3682=DIRECTION('',(1.E0,0.E0,0.E0));
#3683=VECTOR('',#3682,2.76E-1);
#3684=CARTESIAN_POINT('',(9.74E-1,0.E0,-6.25E-1));
#3685=LINE('',#3684,#3683);
#3686=CURVE_STYLE('',#36,POSITIVE_LENGTH_MEASURE(2.E-2),#28);
#3687=PRESENTATION_STYLE_ASSIGNMENT((#3686));
#3688=STYLED_ITEM('',(#3687),#3685);
#3689=CARTESIAN_POINT('',(9.74E-1,0.E0,-5.01E-1));
#3690=DIRECTION('',(0.E0,-1.E0,0.E0));
#3691=DIRECTION('',(-1.E0,0.E0,0.E0));
#3692=AXIS2_PLACEMENT_3D('',#3689,#3690,#3691);
#3694=CURVE_STYLE('',#36,POSITIVE_LENGTH_MEASURE(2.E-2),#28);
#3695=PRESENTATION_STYLE_ASSIGNMENT((#3694));
#3696=STYLED_ITEM('',(#3695),#3693);
#3697=DIRECTION('',(0.E0,0.E0,-1.E0));
#3698=VECTOR('',#3697,2.E-3);
#3699=CARTESIAN_POINT('',(8.5E-1,0.E0,-4.99E-1));
#3700=LINE('',#3699,#3698);
#3701=CURVE_STYLE('',#36,POSITIVE_LENGTH_MEASURE(2.E-2),#28);
#3702=PRESENTATION_STYLE_ASSIGNMENT((#3701));
#3703=STYLED_ITEM('',(#3702),#3700);
#3704=CARTESIAN_POINT('',(9.74E-1,0.E0,-4.99E-1));
#3705=DIRECTION('',(0.E0,-1.E0,0.E0));
#3706=DIRECTION('',(0.E0,0.E0,1.E0));
#3707=AXIS2_PLACEMENT_3D('',#3704,#3705,#3706);
#3709=CURVE_STYLE('',#36,POSITIVE_LENGTH_MEASURE(2.E-2),#28);
#3710=PRESENTATION_STYLE_ASSIGNMENT((#3709));
#3711=STYLED_ITEM('',(#3710),#3708);
#3712=DIRECTION('',(-1.E0,0.E0,0.E0));
#3713=VECTOR('',#3712,2.76E-1);
#3714=CARTESIAN_POINT('',(1.25E0,0.E0,-3.75E-1));
#3715=LINE('',#3714,#3713);
#3716=CURVE_STYLE('',#36,POSITIVE_LENGTH_MEASURE(2.E-2),#28);
#3717=PRESENTATION_STYLE_ASSIGNMENT((#3716));
#3718=STYLED_ITEM('',(#3717),#3715);
#3719=DIRECTION('',(0.E0,0.E0,-1.E0));
#3720=VECTOR('',#3719,4.5E-2);
#3721=CARTESIAN_POINT('',(1.25E0,0.E0,-3.75E-1));
#3722=LINE('',#3721,#3720);
#3723=CURVE_STYLE('',#36,POSITIVE_LENGTH_MEASURE(2.E-2),#28);
#3724=PRESENTATION_STYLE_ASSIGNMENT((#3723));
#3725=STYLED_ITEM('',(#3724),#3722);
#3726=DIRECTION('',(-1.E0,0.E0,0.E0));
#3727=VECTOR('',#3726,5.E-2);
#3728=CARTESIAN_POINT('',(1.25E0,0.E0,-4.2E-1));
#3729=LINE('',#3728,#3727);
#3730=CURVE_STYLE('',#36,POSITIVE_LENGTH_MEASURE(2.E-2),#28);
#3731=PRESENTATION_STYLE_ASSIGNMENT((#3730));
#3732=STYLED_ITEM('',(#3731),#3729);
#3733=CARTESIAN_POINT('',(1.2E0,0.E0,-5.E-1));
#3734=DIRECTION('',(0.E0,1.E0,0.E0));
#3735=DIRECTION('',(0.E0,0.E0,-1.E0));
#3736=AXIS2_PLACEMENT_3D('',#3733,#3734,#3735);
#3738=CURVE_STYLE('',#36,POSITIVE_LENGTH_MEASURE(2.E-2),#28);
#3739=PRESENTATION_STYLE_ASSIGNMENT((#3738));
#3740=STYLED_ITEM('',(#3739),#3737);
#3741=DIRECTION('',(0.E0,1.E0,0.E0));
#3742=VECTOR('',#3741,2.E-1);
#3743=CARTESIAN_POINT('',(1.25E0,0.E0,-6.25E-1));
#3744=LINE('',#3743,#3742);
#3745=CURVE_STYLE('',#36,POSITIVE_LENGTH_MEASURE(2.E-2),#28);
#3746=PRESENTATION_STYLE_ASSIGNMENT((#3745));
#3747=STYLED_ITEM('',(#3746),#3744);
#3748=DIRECTION('',(0.E0,1.E0,0.E0));
#3749=VECTOR('',#3748,2.E-1);
#3750=CARTESIAN_POINT('',(9.74E-1,0.E0,-6.25E-1));
#3751=LINE('',#3750,#3749);
#3752=CURVE_STYLE('',#36,POSITIVE_LENGTH_MEASURE(2.E-2),#28);
#3753=PRESENTATION_STYLE_ASSIGNMENT((#3752));
#3754=STYLED_ITEM('',(#3753),#3751);
#3755=DIRECTION('',(0.E0,0.E0,-1.E0));
#3756=VECTOR('',#3755,2.5E-1);
#3757=CARTESIAN_POINT('',(1.25E0,2.E-1,-3.75E-1));
#3758=LINE('',#3757,#3756);
#3759=CURVE_STYLE('',#36,POSITIVE_LENGTH_MEASURE(2.E-2),#28);
#3760=PRESENTATION_STYLE_ASSIGNMENT((#3759));
#3761=STYLED_ITEM('',(#3760),#3758);
#3762=DIRECTION('',(-1.E0,0.E0,0.E0));
#3763=VECTOR('',#3762,2.76E-1);
#3764=CARTESIAN_POINT('',(1.25E0,2.E-1,-3.75E-1));
#3765=LINE('',#3764,#3763);
#3766=CURVE_STYLE('',#36,POSITIVE_LENGTH_MEASURE(2.E-2),#28);
#3767=PRESENTATION_STYLE_ASSIGNMENT((#3766));
#3768=STYLED_ITEM('',(#3767),#3765);
#3769=CARTESIAN_POINT('',(9.74E-1,2.E-1,-4.99E-1));
#3770=DIRECTION('',(0.E0,-1.E0,0.E0));
#3771=DIRECTION('',(0.E0,0.E0,1.E0));
#3772=AXIS2_PLACEMENT_3D('',#3769,#3770,#3771);
#3774=CURVE_STYLE('',#36,POSITIVE_LENGTH_MEASURE(2.E-2),#28);
#3775=PRESENTATION_STYLE_ASSIGNMENT((#3774));
#3776=STYLED_ITEM('',(#3775),#3773);
#3777=DIRECTION('',(0.E0,0.E0,-1.E0));
#3778=VECTOR('',#3777,2.E-3);
#3779=CARTESIAN_POINT('',(8.5E-1,2.E-1,-4.99E-1));
#3780=LINE('',#3779,#3778);
#3781=CURVE_STYLE('',#36,POSITIVE_LENGTH_MEASURE(2.E-2),#28);
#3782=PRESENTATION_STYLE_ASSIGNMENT((#3781));
#3783=STYLED_ITEM('',(#3782),#3780);
#3784=CARTESIAN_POINT('',(9.74E-1,2.E-1,-5.01E-1));
#3785=DIRECTION('',(0.E0,-1.E0,0.E0));
#3786=DIRECTION('',(-1.E0,0.E0,0.E0));
#3787=AXIS2_PLACEMENT_3D('',#3784,#3785,#3786);
#3789=CURVE_STYLE('',#36,POSITIVE_LENGTH_MEASURE(2.E-2),#28);
#3790=PRESENTATION_STYLE_ASSIGNMENT((#3789));
#3791=STYLED_ITEM('',(#3790),#3788);
#3792=DIRECTION('',(1.E0,0.E0,0.E0));
#3793=VECTOR('',#3792,2.76E-1);
#3794=CARTESIAN_POINT('',(9.74E-1,2.E-1,-6.25E-1));
#3795=LINE('',#3794,#3793);
#3796=CURVE_STYLE('',#36,POSITIVE_LENGTH_MEASURE(2.E-2),#28);
#3797=PRESENTATION_STYLE_ASSIGNMENT((#3796));
#3798=STYLED_ITEM('',(#3797),#3795);
#3799=DIRECTION('',(0.E0,1.E0,0.E0));
#3800=VECTOR('',#3799,2.E-1);
#3801=CARTESIAN_POINT('',(1.25E0,0.E0,-3.75E-1));
#3802=LINE('',#3801,#3800);
#3803=CURVE_STYLE('',#36,POSITIVE_LENGTH_MEASURE(2.E-2),#28);
#3804=PRESENTATION_STYLE_ASSIGNMENT((#3803));
#3805=STYLED_ITEM('',(#3804),#3802);
#3806=DIRECTION('',(0.E0,1.E0,0.E0));
#3807=VECTOR('',#3806,2.E-1);
#3808=CARTESIAN_POINT('',(9.74E-1,0.E0,-3.75E-1));
#3809=LINE('',#3808,#3807);
#3810=CURVE_STYLE('',#36,POSITIVE_LENGTH_MEASURE(2.E-2),#28);
#3811=PRESENTATION_STYLE_ASSIGNMENT((#3810));
#3812=STYLED_ITEM('',(#3811),#3809);
#3813=DIRECTION('',(0.E0,1.E0,0.E0));
#3814=VECTOR('',#3813,2.E-1);
#3815=CARTESIAN_POINT('',(8.5E-1,0.E0,-4.99E-1));
#3816=LINE('',#3815,#3814);
#3817=CURVE_STYLE('',#36,POSITIVE_LENGTH_MEASURE(2.E-2),#28);
#3818=PRESENTATION_STYLE_ASSIGNMENT((#3817));
#3819=STYLED_ITEM('',(#3818),#3816);
#3820=DIRECTION('',(0.E0,1.E0,0.E0));
#3821=VECTOR('',#3820,2.E-1);
#3822=CARTESIAN_POINT('',(8.5E-1,0.E0,-5.01E-1));
#3823=LINE('',#3822,#3821);
#3824=CURVE_STYLE('',#36,POSITIVE_LENGTH_MEASURE(2.E-2),#28);
#3825=PRESENTATION_STYLE_ASSIGNMENT((#3824));
#3826=STYLED_ITEM('',(#3825),#3823);
#3827=DIRECTION('',(1.E0,0.E0,0.E0));
#3828=VECTOR('',#3827,4.999999999071E-2);
#3829=CARTESIAN_POINT('',(1.200000000009E0,3.5E-2,-4.2E-1));
#3830=LINE('',#3829,#3828);
#3831=CURVE_STYLE('',#36,POSITIVE_LENGTH_MEASURE(2.E-2),#28);
#3832=PRESENTATION_STYLE_ASSIGNMENT((#3831));
#3833=STYLED_ITEM('',(#3832),#3830);
#3834=DIRECTION('',(2.653559911486E-10,1.E0,0.E0));
#3835=VECTOR('',#3834,3.5E-2);
#3836=CARTESIAN_POINT('',(1.2E0,0.E0,-4.2E-1));
#3837=LINE('',#3836,#3835);
#3838=CURVE_STYLE('',#36,POSITIVE_LENGTH_MEASURE(2.E-2),#28);
#3839=PRESENTATION_STYLE_ASSIGNMENT((#3838));
#3840=STYLED_ITEM('',(#3839),#3837);
#3841=CARTESIAN_POINT('',(9.74E-1,0.E0,-3.75E-1));
#3842=CARTESIAN_POINT('',(8.5E-1,0.E0,-4.99E-1));
#3843=VERTEX_POINT('',#3841);
#3844=VERTEX_POINT('',#3842);
#3845=CARTESIAN_POINT('',(8.5E-1,0.E0,-5.01E-1));
#3846=VERTEX_POINT('',#3845);
#3847=CARTESIAN_POINT('',(9.74E-1,0.E0,-6.25E-1));
#3848=VERTEX_POINT('',#3847);
#3849=CARTESIAN_POINT('',(9.74E-1,2.E-1,-3.75E-1));
#3850=CARTESIAN_POINT('',(8.5E-1,2.E-1,-4.99E-1));
#3851=VERTEX_POINT('',#3849);
#3852=VERTEX_POINT('',#3850);
#3853=CARTESIAN_POINT('',(8.5E-1,2.E-1,-5.01E-1));
#3854=VERTEX_POINT('',#3853);
#3855=CARTESIAN_POINT('',(9.74E-1,2.E-1,-6.25E-1));
#3856=VERTEX_POINT('',#3855);
#3857=CARTESIAN_POINT('',(1.25E0,2.E-1,-3.75E-1));
#3858=CARTESIAN_POINT('',(1.25E0,2.E-1,-6.25E-1));
#3859=VERTEX_POINT('',#3857);
#3860=VERTEX_POINT('',#3858);
#3861=CARTESIAN_POINT('',(1.25E0,0.E0,-3.75E-1));
#3862=VERTEX_POINT('',#3861);
#3863=CARTESIAN_POINT('',(1.25E0,0.E0,-6.25E-1));
#3864=VERTEX_POINT('',#3863);
#3865=CARTESIAN_POINT('',(1.25E0,0.E0,-5.8E-1));
#3866=CARTESIAN_POINT('',(1.2E0,0.E0,-5.8E-1));
#3867=VERTEX_POINT('',#3865);
#3868=VERTEX_POINT('',#3866);
#3869=CARTESIAN_POINT('',(1.2E0,0.E0,-4.2E-1));
#3870=VERTEX_POINT('',#3869);
#3871=CARTESIAN_POINT('',(1.25E0,0.E0,-4.2E-1));
#3872=VERTEX_POINT('',#3871);
#3873=CARTESIAN_POINT('',(1.2E0,1.E-1,-4.85E-1));
#3874=CARTESIAN_POINT('',(1.25E0,1.E-1,-4.85E-1));
#3875=VERTEX_POINT('',#3873);
#3876=VERTEX_POINT('',#3874);
#3877=CARTESIAN_POINT('',(1.200000000009E0,3.5E-2,-4.2E-1));
#3878=CARTESIAN_POINT('',(1.25E0,3.5E-2,-4.2E-1));
#3879=VERTEX_POINT('',#3877);
#3880=VERTEX_POINT('',#3878);
#3881=CARTESIAN_POINT('',(1.2E0,1.E-1,-5.15E-1));
#3882=VERTEX_POINT('',#3881);
#3883=CARTESIAN_POINT('',(1.2E0,3.5E-2,-5.8E-1));
#3884=VERTEX_POINT('',#3883);
#3885=CARTESIAN_POINT('',(1.25E0,3.5E-2,-5.8E-1));
#3886=VERTEX_POINT('',#3885);
#3887=CARTESIAN_POINT('',(1.25E0,1.E-1,-5.15E-1));
#3888=VERTEX_POINT('',#3887);
#3889=CARTESIAN_POINT('',(4.509E0,3.5E-2,-5.15E-1));
#3890=DIRECTION('',(-1.E0,0.E0,0.E0));
#3891=DIRECTION('',(0.E0,1.E0,0.E0));
#3892=AXIS2_PLACEMENT_3D('',#3889,#3890,#3891);
#3893=CYLINDRICAL_SURFACE('',#3892,6.5E-2);
#3895=ORIENTED_EDGE('',*,*,#3894,.T.);
#3897=ORIENTED_EDGE('',*,*,#3896,.F.);
#3899=ORIENTED_EDGE('',*,*,#3898,.F.);
#3901=ORIENTED_EDGE('',*,*,#3900,.T.);
#3902=EDGE_LOOP('',(#3895,#3897,#3899,#3901));
#3903=FACE_OUTER_BOUND('',#3902,.F.);
#3904=ADVANCED_FACE('',(#3903),#3893,.F.);
#3905=CARTESIAN_POINT('',(1.25E0,0.E0,-5.8E-1));
#3906=DIRECTION('',(0.E0,0.E0,-1.E0));
#3907=DIRECTION('',(-1.E0,0.E0,0.E0));
#3908=AXIS2_PLACEMENT_3D('',#3905,#3906,#3907);
#3909=PLANE('',#3908);
#3910=ORIENTED_EDGE('',*,*,#3894,.F.);
#3912=ORIENTED_EDGE('',*,*,#3911,.F.);
#3914=ORIENTED_EDGE('',*,*,#3913,.T.);
#3916=ORIENTED_EDGE('',*,*,#3915,.T.);
#3917=EDGE_LOOP('',(#3910,#3912,#3914,#3916));
#3918=FACE_OUTER_BOUND('',#3917,.F.);
#3919=ADVANCED_FACE('',(#3918),#3909,.F.);
#3920=CARTESIAN_POINT('',(1.25E0,0.E0,-1.5E0));
#3921=DIRECTION('',(-1.E0,0.E0,0.E0));
#3922=DIRECTION('',(0.E0,0.E0,1.E0));
#3923=AXIS2_PLACEMENT_3D('',#3920,#3921,#3922);
#3924=PLANE('',#3923);
#3925=ORIENTED_EDGE('',*,*,#3911,.T.);
#3926=ORIENTED_EDGE('',*,*,#3900,.F.);
#3928=ORIENTED_EDGE('',*,*,#3927,.F.);
#3930=ORIENTED_EDGE('',*,*,#3929,.F.);
#3932=ORIENTED_EDGE('',*,*,#3931,.F.);
#3934=ORIENTED_EDGE('',*,*,#3933,.F.);
#3936=ORIENTED_EDGE('',*,*,#3935,.T.);
#3938=ORIENTED_EDGE('',*,*,#3937,.T.);
#3940=ORIENTED_EDGE('',*,*,#3939,.F.);
#3942=ORIENTED_EDGE('',*,*,#3941,.F.);
#3943=EDGE_LOOP('',(#3925,#3926,#3928,#3930,#3932,#3934,#3936,#3938,#3940,
#3942));
#3944=FACE_OUTER_BOUND('',#3943,.F.);
#3945=ADVANCED_FACE('',(#3944),#3924,.F.);
#3946=FILL_AREA_STYLE_COLOUR('',#29);
#3947=FILL_AREA_STYLE('',(#3946));
#3948=SURFACE_STYLE_FILL_AREA(#3947);
#3949=SURFACE_SIDE_STYLE('',(#3948));
#3950=SURFACE_STYLE_USAGE(.POSITIVE.,#3949);
#3951=PRESENTATION_STYLE_ASSIGNMENT((#3950));
#3952=OVER_RIDING_STYLED_ITEM('',(#3951),#3945,#3570);
#3953=CARTESIAN_POINT('',(0.E0,1.E-1,5.E-1));
#3954=DIRECTION('',(0.E0,1.E0,0.E0));
#3955=DIRECTION('',(1.E0,0.E0,0.E0));
#3956=AXIS2_PLACEMENT_3D('',#3953,#3954,#3955);
#3957=PLANE('',#3956);
#3959=ORIENTED_EDGE('',*,*,#3958,.T.);
#3960=ORIENTED_EDGE('',*,*,#3927,.T.);
#3961=ORIENTED_EDGE('',*,*,#3898,.T.);
#3963=ORIENTED_EDGE('',*,*,#3962,.T.);
#3964=EDGE_LOOP('',(#3959,#3960,#3961,#3963));
#3965=FACE_OUTER_BOUND('',#3964,.F.);
#3966=ADVANCED_FACE('',(#3965),#3957,.F.);
#3967=CARTESIAN_POINT('',(1.197314511898E0,3.5E-2,-4.85E-1));
#3968=DIRECTION('',(1.E0,0.E0,0.E0));
#3969=DIRECTION('',(0.E0,1.E0,0.E0));
#3970=AXIS2_PLACEMENT_3D('',#3967,#3968,#3969);
#3971=CYLINDRICAL_SURFACE('',#3970,6.5E-2);
#3972=ORIENTED_EDGE('',*,*,#3958,.F.);
#3974=ORIENTED_EDGE('',*,*,#3973,.T.);
#3976=ORIENTED_EDGE('',*,*,#3975,.T.);
#3977=ORIENTED_EDGE('',*,*,#3929,.T.);
#3978=EDGE_LOOP('',(#3972,#3974,#3976,#3977));
#3979=FACE_OUTER_BOUND('',#3978,.F.);
#3980=ADVANCED_FACE('',(#3979),#3971,.F.);
#3981=CARTESIAN_POINT('',(1.211136716841E0,3.290453394266E-2,
-5.791869243876E-1));
#3982=CARTESIAN_POINT('',(1.211316540298E0,7.293610489708E-2,
-5.804655477647E-1));
#3983=CARTESIAN_POINT('',(1.207372293598E0,1.012574209620E-1,
-5.524202297666E-1));
#3984=CARTESIAN_POINT('',(1.201797185742E0,9.996621446569E-2,
-5.127787761419E-1));
#3985=CARTESIAN_POINT('',(1.159437385280E0,3.290453394266E-2,
-5.864578320651E-1));
#3986=CARTESIAN_POINT('',(1.158782424782E0,7.293610489708E-2,
-5.878538580639E-1));
#3987=CARTESIAN_POINT('',(1.173148324676E0,1.012574209620E-1,
-5.572334316180E-1));
#3988=CARTESIAN_POINT('',(1.193454215109E0,9.996621446569E-2,
-5.139521176030E-1));
#3989=CARTESIAN_POINT('',(1.120033785532E0,3.290453394266E-2,
-5.522081122235E-1));
#3990=CARTESIAN_POINT('',(1.118742579035E0,7.293610489708E-2,
-5.530511114090E-1));
#3991=CARTESIAN_POINT('',(1.147063895101E0,1.012574209620E-1,
-5.345607719912E-1));
#3992=CARTESIAN_POINT('',(1.187095466057E0,9.996621446569E-2,
-5.084250750241E-1));
#3993=CARTESIAN_POINT('',(1.120033785534E0,3.290453394266E-2,
-4.999999999962E-1));
#3994=CARTESIAN_POINT('',(1.118742579038E0,7.293610489708E-2,
-4.999999999961E-1));
#3995=CARTESIAN_POINT('',(1.147063895103E0,1.012574209620E-1,
-4.999999999975E-1));
#3996=CARTESIAN_POINT('',(1.187095466057E0,9.996621446569E-2,
-4.999999999994E-1));
#3997=CARTESIAN_POINT('',(1.120033785537E0,3.290453394266E-2,
-4.477918877688E-1));
#3998=CARTESIAN_POINT('',(1.118742579041E0,7.293610489708E-2,
-4.469488885832E-1));
#3999=CARTESIAN_POINT('',(1.147063895105E0,1.012574209620E-1,
-4.654392280038E-1));
#4000=CARTESIAN_POINT('',(1.187095466058E0,9.996621446569E-2,
-4.915749249746E-1));
#4001=CARTESIAN_POINT('',(1.159437385288E0,3.290453394266E-2,
-4.135421679310E-1));
#4002=CARTESIAN_POINT('',(1.158782424791E0,7.293610489708E-2,
-4.121461419322E-1));
#4003=CARTESIAN_POINT('',(1.173148324682E0,1.012574209620E-1,
-4.427665683794E-1));
#4004=CARTESIAN_POINT('',(1.193454215110E0,9.996621446569E-2,
-4.860478823964E-1));
#4005=CARTESIAN_POINT('',(1.211136716849E0,3.290453394266E-2,
-4.208130756135E-1));
#4006=CARTESIAN_POINT('',(1.211316540306E0,7.293610489708E-2,
-4.195344522364E-1));
#4007=CARTESIAN_POINT('',(1.207372293603E0,1.012574209620E-1,
-4.475797702341E-1));
#4008=CARTESIAN_POINT('',(1.201797185743E0,9.996621446569E-2,
-4.872212238582E-1));
#4009=(BOUNDED_SURFACE()B_SPLINE_SURFACE(3,3,((#3981,#3982,#3983,#3984),(#3985,
#3986,#3987,#3988),(#3989,#3990,#3991,#3992),(#3993,#3994,#3995,#3996),(#3997,
#3998,#3999,#4000),(#4001,#4002,#4003,#4004),(#4005,#4006,#4007,#4008)),
.UNSPECIFIED.,.F.,.F.,.F.)B_SPLINE_SURFACE_WITH_KNOTS((4,3,4),(4,4),(0.E0,1.E0,
2.E0),(0.E0,1.E0),.UNSPECIFIED.)GEOMETRIC_REPRESENTATION_ITEM()RATIONAL_B_SPLINE_SURFACE(((1.434386219132E0,1.132154901202E0,1.132154901202E0,1.434386219132E0),(
1.105455593096E0,8.725313664418E-1,8.725313664418E-1,1.105455593096E0),(
1.105455593096E0,8.725313664418E-1,8.725313664418E-1,1.105455593096E0),(
1.434386219132E0,1.132154901202E0,1.132154901202E0,1.434386219132E0),(
1.105455593096E0,8.725313664418E-1,8.725313664418E-1,1.105455593096E0),(
1.105455593096E0,8.725313664418E-1,8.725313664418E-1,1.105455593096E0),(
1.434386219132E0,1.132154901202E0,1.132154901202E0,1.434386219132E0)))REPRESENTATION_ITEM('')SURFACE());
#4010=ORIENTED_EDGE('',*,*,#3962,.F.);
#4011=ORIENTED_EDGE('',*,*,#3896,.T.);
#4013=ORIENTED_EDGE('',*,*,#4012,.T.);
#4014=ORIENTED_EDGE('',*,*,#3973,.F.);
#4015=EDGE_LOOP('',(#4010,#4011,#4013,#4014));
#4016=FACE_OUTER_BOUND('',#4015,.F.);
#4017=ADVANCED_FACE('',(#4016),#4009,.F.);
#4018=CARTESIAN_POINT('',(1.2E0,0.E0,-5.E-1));
#4019=DIRECTION('',(0.E0,1.E0,0.E0));
#4020=DIRECTION('',(1.E0,0.E0,0.E0));
#4021=AXIS2_PLACEMENT_3D('',#4018,#4019,#4020);
#4022=CYLINDRICAL_SURFACE('',#4021,8.E-2);
#4023=ORIENTED_EDGE('',*,*,#4012,.F.);
#4024=ORIENTED_EDGE('',*,*,#3915,.F.);
#4026=ORIENTED_EDGE('',*,*,#4025,.T.);
#4028=ORIENTED_EDGE('',*,*,#4027,.T.);
#4029=EDGE_LOOP('',(#4023,#4024,#4026,#4028));
#4030=FACE_OUTER_BOUND('',#4029,.F.);
#4031=ADVANCED_FACE('',(#4030),#4022,.F.);
#4032=CARTESIAN_POINT('',(0.E0,0.E0,0.E0));
#4033=DIRECTION('',(0.E0,-1.E0,0.E0));
#4034=DIRECTION('',(-1.E0,0.E0,0.E0));
#4035=AXIS2_PLACEMENT_3D('',#4032,#4033,#4034);
#4036=PLANE('',#4035);
#4037=ORIENTED_EDGE('',*,*,#3913,.F.);
#4038=ORIENTED_EDGE('',*,*,#3941,.T.);
#4040=ORIENTED_EDGE('',*,*,#4039,.F.);
#4042=ORIENTED_EDGE('',*,*,#4041,.F.);
#4044=ORIENTED_EDGE('',*,*,#4043,.F.);
#4046=ORIENTED_EDGE('',*,*,#4045,.F.);
#4048=ORIENTED_EDGE('',*,*,#4047,.F.);
#4049=ORIENTED_EDGE('',*,*,#3933,.T.);
#4051=ORIENTED_EDGE('',*,*,#4050,.T.);
#4052=ORIENTED_EDGE('',*,*,#4025,.F.);
#4053=EDGE_LOOP('',(#4037,#4038,#4040,#4042,#4044,#4046,#4048,#4049,#4051,
#4052));
#4054=FACE_OUTER_BOUND('',#4053,.F.);
#4055=ADVANCED_FACE('',(#4054),#4036,.T.);
#4056=CARTESIAN_POINT('',(9.74E-1,0.E0,-6.25E-1));
#4057=DIRECTION('',(0.E0,0.E0,1.E0));
#4058=DIRECTION('',(1.E0,0.E0,0.E0));
#4059=AXIS2_PLACEMENT_3D('',#4056,#4057,#4058);
#4060=PLANE('',#4059);
#4061=ORIENTED_EDGE('',*,*,#3939,.T.);
#4063=ORIENTED_EDGE('',*,*,#4062,.F.);
#4065=ORIENTED_EDGE('',*,*,#4064,.F.);
#4066=ORIENTED_EDGE('',*,*,#4039,.T.);
#4067=EDGE_LOOP('',(#4061,#4063,#4065,#4066));
#4068=FACE_OUTER_BOUND('',#4067,.F.);
#4069=ADVANCED_FACE('',(#4068),#4060,.F.);
#4070=CARTESIAN_POINT('',(0.E0,2.E-1,0.E0));
#4071=DIRECTION('',(0.E0,-1.E0,0.E0));
#4072=DIRECTION('',(-1.E0,0.E0,0.E0));
#4073=AXIS2_PLACEMENT_3D('',#4070,#4071,#4072);
#4074=PLANE('',#4073);
#4075=ORIENTED_EDGE('',*,*,#3937,.F.);
#4077=ORIENTED_EDGE('',*,*,#4076,.T.);
#4079=ORIENTED_EDGE('',*,*,#4078,.T.);
#4081=ORIENTED_EDGE('',*,*,#4080,.T.);
#4083=ORIENTED_EDGE('',*,*,#4082,.T.);
#4084=ORIENTED_EDGE('',*,*,#4062,.T.);
#4085=EDGE_LOOP('',(#4075,#4077,#4079,#4081,#4083,#4084));
#4086=FACE_OUTER_BOUND('',#4085,.F.);
#4087=ADVANCED_FACE('',(#4086),#4074,.F.);
#4088=CARTESIAN_POINT('',(1.35E0,0.E0,-3.75E-1));
#4089=DIRECTION('',(0.E0,0.E0,-1.E0));
#4090=DIRECTION('',(-1.E0,0.E0,0.E0));
#4091=AXIS2_PLACEMENT_3D('',#4088,#4089,#4090);
#4092=PLANE('',#4091);
#4093=ORIENTED_EDGE('',*,*,#3935,.F.);
#4094=ORIENTED_EDGE('',*,*,#4047,.T.);
#4096=ORIENTED_EDGE('',*,*,#4095,.T.);
#4097=ORIENTED_EDGE('',*,*,#4076,.F.);
#4098=EDGE_LOOP('',(#4093,#4094,#4096,#4097));
#4099=FACE_OUTER_BOUND('',#4098,.F.);
#4100=ADVANCED_FACE('',(#4099),#4092,.F.);
#4101=CARTESIAN_POINT('',(9.74E-1,0.E0,-4.99E-1));
#4102=DIRECTION('',(0.E0,-1.E0,0.E0));
#4103=DIRECTION('',(-1.E0,0.E0,0.E0));
#4104=AXIS2_PLACEMENT_3D('',#4101,#4102,#4103);
#4105=CYLINDRICAL_SURFACE('',#4104,1.24E-1);
#4106=ORIENTED_EDGE('',*,*,#4045,.T.);
#4108=ORIENTED_EDGE('',*,*,#4107,.T.);
#4109=ORIENTED_EDGE('',*,*,#4078,.F.);
#4110=ORIENTED_EDGE('',*,*,#4095,.F.);
#4111=EDGE_LOOP('',(#4106,#4108,#4109,#4110));
#4112=FACE_OUTER_BOUND('',#4111,.F.);
#4113=ADVANCED_FACE('',(#4112),#4105,.T.);
#4114=CARTESIAN_POINT('',(8.5E-1,0.E0,-4.99E-1));
#4115=DIRECTION('',(1.E0,0.E0,0.E0));
#4116=DIRECTION('',(0.E0,0.E0,-1.E0));
#4117=AXIS2_PLACEMENT_3D('',#4114,#4115,#4116);
#4118=PLANE('',#4117);
#4119=ORIENTED_EDGE('',*,*,#4043,.T.);
#4121=ORIENTED_EDGE('',*,*,#4120,.T.);
#4122=ORIENTED_EDGE('',*,*,#4080,.F.);
#4123=ORIENTED_EDGE('',*,*,#4107,.F.);
#4124=EDGE_LOOP('',(#4119,#4121,#4122,#4123));
#4125=FACE_OUTER_BOUND('',#4124,.F.);
#4126=ADVANCED_FACE('',(#4125),#4118,.F.);
#4127=CARTESIAN_POINT('',(9.74E-1,0.E0,-5.01E-1));
#4128=DIRECTION('',(0.E0,-1.E0,0.E0));
#4129=DIRECTION('',(-1.E0,0.E0,0.E0));
#4130=AXIS2_PLACEMENT_3D('',#4127,#4128,#4129);
#4131=CYLINDRICAL_SURFACE('',#4130,1.24E-1);
#4132=ORIENTED_EDGE('',*,*,#4041,.T.);
#4133=ORIENTED_EDGE('',*,*,#4064,.T.);
#4134=ORIENTED_EDGE('',*,*,#4082,.F.);
#4135=ORIENTED_EDGE('',*,*,#4120,.F.);
#4136=EDGE_LOOP('',(#4132,#4133,#4134,#4135));
#4137=FACE_OUTER_BOUND('',#4136,.F.);
#4138=ADVANCED_FACE('',(#4137),#4131,.T.);
#4139=CARTESIAN_POINT('',(1.2E0,0.E0,-4.2E-1));
#4140=DIRECTION('',(0.E0,0.E0,1.E0));
#4141=DIRECTION('',(1.E0,0.E0,0.E0));
#4142=AXIS2_PLACEMENT_3D('',#4139,#4140,#4141);
#4143=PLANE('',#4142);
#4144=ORIENTED_EDGE('',*,*,#3975,.F.);
#4145=ORIENTED_EDGE('',*,*,#4027,.F.);
#4146=ORIENTED_EDGE('',*,*,#4050,.F.);
#4147=ORIENTED_EDGE('',*,*,#3931,.T.);
#4148=EDGE_LOOP('',(#4144,#4145,#4146,#4147));
#4149=FACE_OUTER_BOUND('',#4148,.F.);
#4150=ADVANCED_FACE('',(#4149),#4143,.F.);
#4151=CLOSED_SHELL('',(#3904,#3919,#3945,#3966,#3980,#4017,#4031,#4055,#4069,
#4087,#4100,#4113,#4126,#4138,#4150));
#4152=MANIFOLD_SOLID_BREP('',#4151);
#4153=FILL_AREA_STYLE_COLOUR('',#28);
#4154=FILL_AREA_STYLE('',(#4153));
#4155=SURFACE_STYLE_FILL_AREA(#4154);
#4156=SURFACE_SIDE_STYLE('',(#4155));
#4157=SURFACE_STYLE_USAGE(.POSITIVE.,#4156);
#4158=PRESENTATION_STYLE_ASSIGNMENT((#4157));
#3570=STYLED_ITEM('',(#4158),#4152);
#4160=CARTESIAN_POINT('',(1.25E0,3.5E-2,-1.5E-2));
#4161=DIRECTION('',(-1.E0,0.E0,0.E0));
#4162=DIRECTION('',(0.E0,1.E0,0.E0));
#4163=AXIS2_PLACEMENT_3D('',#4160,#4161,#4162);
#4165=CURVE_STYLE('',#36,POSITIVE_LENGTH_MEASURE(2.E-2),#28);
#4166=PRESENTATION_STYLE_ASSIGNMENT((#4165));
#4167=STYLED_ITEM('',(#4166),#4164);
#4168=DIRECTION('',(-1.E0,0.E0,0.E0));
#4169=VECTOR('',#4168,4.999999999726E-2);
#4170=CARTESIAN_POINT('',(1.25E0,3.5E-2,-8.E-2));
#4171=LINE('',#4170,#4169);
#4172=CURVE_STYLE('',#36,POSITIVE_LENGTH_MEASURE(2.E-2),#28);
#4173=PRESENTATION_STYLE_ASSIGNMENT((#4172));
#4174=STYLED_ITEM('',(#4173),#4171);
#4175=DIRECTION('',(1.268826313857E-14,1.E0,0.E0));
#4176=VECTOR('',#4175,3.5E-2);
#4177=CARTESIAN_POINT('',(1.25E0,0.E0,-8.E-2));
#4178=LINE('',#4177,#4176);
#4179=CURVE_STYLE('',#36,POSITIVE_LENGTH_MEASURE(2.E-2),#28);
#4180=PRESENTATION_STYLE_ASSIGNMENT((#4179));
#4181=STYLED_ITEM('',(#4180),#4178);
#4182=DIRECTION('',(0.E0,0.E0,-1.E0));
#4183=VECTOR('',#4182,3.E-2);
#4184=CARTESIAN_POINT('',(1.25E0,1.E-1,1.5E-2));
#4185=LINE('',#4184,#4183);
#4186=CURVE_STYLE('',#36,POSITIVE_LENGTH_MEASURE(2.E-2),#28);
#4187=PRESENTATION_STYLE_ASSIGNMENT((#4186));
#4188=STYLED_ITEM('',(#4187),#4185);
#4189=DIRECTION('',(0.E0,1.E0,0.E0));
#4190=VECTOR('',#4189,3.5E-2);
#4191=CARTESIAN_POINT('',(1.25E0,0.E0,8.E-2));
#4192=LINE('',#4191,#4190);
#4193=CURVE_STYLE('',#36,POSITIVE_LENGTH_MEASURE(2.E-2),#28);
#4194=PRESENTATION_STYLE_ASSIGNMENT((#4193));
#4195=STYLED_ITEM('',(#4194),#4192);
#4196=DIRECTION('',(1.E0,0.E0,0.E0));
#4197=VECTOR('',#4196,5.E-2);
#4198=CARTESIAN_POINT('',(1.2E0,1.E-1,1.5E-2));
#4199=LINE('',#4198,#4197);
#4200=CURVE_STYLE('',#36,POSITIVE_LENGTH_MEASURE(2.E-2),#28);
#4201=PRESENTATION_STYLE_ASSIGNMENT((#4200));
#4202=STYLED_ITEM('',(#4201),#4199);
#4203=DIRECTION('',(-1.E0,0.E0,0.E0));
#4204=VECTOR('',#4203,5.E-2);
#4205=CARTESIAN_POINT('',(1.25E0,1.E-1,-1.5E-2));
#4206=LINE('',#4205,#4204);
#4207=CURVE_STYLE('',#36,POSITIVE_LENGTH_MEASURE(2.E-2),#28);
#4208=PRESENTATION_STYLE_ASSIGNMENT((#4207));
#4209=STYLED_ITEM('',(#4208),#4206);
#4210=CARTESIAN_POINT('',(1.2E0,1.E-1,0.E0));
#4211=DIRECTION('',(0.E0,1.E0,0.E0));
#4212=DIRECTION('',(0.E0,0.E0,-1.E0));
#4213=AXIS2_PLACEMENT_3D('',#4210,#4211,#4212);
#4215=CURVE_STYLE('',#36,POSITIVE_LENGTH_MEASURE(2.E-2),#28);
#4216=PRESENTATION_STYLE_ASSIGNMENT((#4215));
#4217=STYLED_ITEM('',(#4216),#4214);
#4218=CARTESIAN_POINT('',(1.2E0,3.5E-2,1.5E-2));
#4219=DIRECTION('',(1.E0,0.E0,0.E0));
#4220=DIRECTION('',(0.E0,1.E0,0.E0));
#4221=AXIS2_PLACEMENT_3D('',#4218,#4219,#4220);
#4223=CURVE_STYLE('',#36,POSITIVE_LENGTH_MEASURE(2.E-2),#28);
#4224=PRESENTATION_STYLE_ASSIGNMENT((#4223));
#4225=STYLED_ITEM('',(#4224),#4222);
#4226=CARTESIAN_POINT('',(1.25E0,3.5E-2,1.5E-2));
#4227=DIRECTION('',(-1.E0,0.E0,0.E0));
#4228=DIRECTION('',(0.E0,0.E0,1.E0));
#4229=AXIS2_PLACEMENT_3D('',#4226,#4227,#4228);
#4231=CURVE_STYLE('',#36,POSITIVE_LENGTH_MEASURE(2.E-2),#28);
#4232=PRESENTATION_STYLE_ASSIGNMENT((#4231));
#4233=STYLED_ITEM('',(#4232),#4230);
#4234=CARTESIAN_POINT('',(1.2E0,3.5E-2,-1.5E-2));
#4235=DIRECTION('',(-1.E0,0.E0,0.E0));
#4236=DIRECTION('',(0.E0,1.E0,0.E0));
#4237=AXIS2_PLACEMENT_3D('',#4234,#4235,#4236);
#4239=CURVE_STYLE('',#36,POSITIVE_LENGTH_MEASURE(2.E-2),#28);
#4240=PRESENTATION_STYLE_ASSIGNMENT((#4239));
#4241=STYLED_ITEM('',(#4240),#4238);
#4242=CARTESIAN_POINT('',(1.2E0,3.5E-2,0.E0));
#4243=DIRECTION('',(0.E0,1.E0,0.E0));
#4244=DIRECTION('',(0.E0,0.E0,-1.E0));
#4245=AXIS2_PLACEMENT_3D('',#4242,#4243,#4244);
#4247=CURVE_STYLE('',#36,POSITIVE_LENGTH_MEASURE(2.E-2),#28);
#4248=PRESENTATION_STYLE_ASSIGNMENT((#4247));
#4249=STYLED_ITEM('',(#4248),#4246);
#4250=DIRECTION('',(7.819776572303E-11,1.E0,0.E0));
#4251=VECTOR('',#4250,3.5E-2);
#4252=CARTESIAN_POINT('',(1.2E0,0.E0,-8.E-2));
#4253=LINE('',#4252,#4251);
#4254=CURVE_STYLE('',#36,POSITIVE_LENGTH_MEASURE(2.E-2),#28);
#4255=PRESENTATION_STYLE_ASSIGNMENT((#4254));
#4256=STYLED_ITEM('',(#4255),#4253);
#4257=DIRECTION('',(-1.E0,0.E0,0.E0));
#4258=VECTOR('',#4257,5.E-2);
#4259=CARTESIAN_POINT('',(1.25E0,0.E0,-8.E-2));
#4260=LINE('',#4259,#4258);
#4261=CURVE_STYLE('',#36,POSITIVE_LENGTH_MEASURE(2.E-2),#28);
#4262=PRESENTATION_STYLE_ASSIGNMENT((#4261));
#4263=STYLED_ITEM('',(#4262),#4260);
#4264=DIRECTION('',(0.E0,0.E0,-1.E0));
#4265=VECTOR('',#4264,4.5E-2);
#4266=CARTESIAN_POINT('',(1.25E0,0.E0,-8.E-2));
#4267=LINE('',#4266,#4265);
#4268=CURVE_STYLE('',#36,POSITIVE_LENGTH_MEASURE(2.E-2),#28);
#4269=PRESENTATION_STYLE_ASSIGNMENT((#4268));
#4270=STYLED_ITEM('',(#4269),#4267);
#4271=DIRECTION('',(1.E0,0.E0,0.E0));
#4272=VECTOR('',#4271,2.76E-1);
#4273=CARTESIAN_POINT('',(9.74E-1,0.E0,-1.25E-1));
#4274=LINE('',#4273,#4272);
#4275=CURVE_STYLE('',#36,POSITIVE_LENGTH_MEASURE(2.E-2),#28);
#4276=PRESENTATION_STYLE_ASSIGNMENT((#4275));
#4277=STYLED_ITEM('',(#4276),#4274);
#4278=CARTESIAN_POINT('',(9.74E-1,0.E0,-1.E-3));
#4279=DIRECTION('',(0.E0,-1.E0,0.E0));
#4280=DIRECTION('',(-1.E0,0.E0,0.E0));
#4281=AXIS2_PLACEMENT_3D('',#4278,#4279,#4280);
#4283=CURVE_STYLE('',#36,POSITIVE_LENGTH_MEASURE(2.E-2),#28);
#4284=PRESENTATION_STYLE_ASSIGNMENT((#4283));
#4285=STYLED_ITEM('',(#4284),#4282);
#4286=DIRECTION('',(0.E0,0.E0,-1.E0));
#4287=VECTOR('',#4286,2.E-3);
#4288=CARTESIAN_POINT('',(8.5E-1,0.E0,1.E-3));
#4289=LINE('',#4288,#4287);
#4290=CURVE_STYLE('',#36,POSITIVE_LENGTH_MEASURE(2.E-2),#28);
#4291=PRESENTATION_STYLE_ASSIGNMENT((#4290));
#4292=STYLED_ITEM('',(#4291),#4289);
#4293=CARTESIAN_POINT('',(9.74E-1,0.E0,1.E-3));
#4294=DIRECTION('',(0.E0,-1.E0,0.E0));
#4295=DIRECTION('',(0.E0,0.E0,1.E0));
#4296=AXIS2_PLACEMENT_3D('',#4293,#4294,#4295);
#4298=CURVE_STYLE('',#36,POSITIVE_LENGTH_MEASURE(2.E-2),#28);
#4299=PRESENTATION_STYLE_ASSIGNMENT((#4298));
#4300=STYLED_ITEM('',(#4299),#4297);
#4301=DIRECTION('',(-1.E0,0.E0,0.E0));
#4302=VECTOR('',#4301,2.76E-1);
#4303=CARTESIAN_POINT('',(1.25E0,0.E0,1.25E-1));
#4304=LINE('',#4303,#4302);
#4305=CURVE_STYLE('',#36,POSITIVE_LENGTH_MEASURE(2.E-2),#28);
#4306=PRESENTATION_STYLE_ASSIGNMENT((#4305));
#4307=STYLED_ITEM('',(#4306),#4304);
#4308=DIRECTION('',(0.E0,0.E0,-1.E0));
#4309=VECTOR('',#4308,4.5E-2);
#4310=CARTESIAN_POINT('',(1.25E0,0.E0,1.25E-1));
#4311=LINE('',#4310,#4309);
#4312=CURVE_STYLE('',#36,POSITIVE_LENGTH_MEASURE(2.E-2),#28);
#4313=PRESENTATION_STYLE_ASSIGNMENT((#4312));
#4314=STYLED_ITEM('',(#4313),#4311);
#4315=DIRECTION('',(-1.E0,0.E0,0.E0));
#4316=VECTOR('',#4315,5.E-2);
#4317=CARTESIAN_POINT('',(1.25E0,0.E0,8.E-2));
#4318=LINE('',#4317,#4316);
#4319=CURVE_STYLE('',#36,POSITIVE_LENGTH_MEASURE(2.E-2),#28);
#4320=PRESENTATION_STYLE_ASSIGNMENT((#4319));
#4321=STYLED_ITEM('',(#4320),#4318);
#4322=CARTESIAN_POINT('',(1.2E0,0.E0,0.E0));
#4323=DIRECTION('',(0.E0,1.E0,0.E0));
#4324=DIRECTION('',(1.387778780781E-14,0.E0,-1.E0));
#4325=AXIS2_PLACEMENT_3D('',#4322,#4323,#4324);
#4327=CURVE_STYLE('',#36,POSITIVE_LENGTH_MEASURE(2.E-2),#28);
#4328=PRESENTATION_STYLE_ASSIGNMENT((#4327));
#4329=STYLED_ITEM('',(#4328),#4326);
#4330=DIRECTION('',(0.E0,1.E0,0.E0));
#4331=VECTOR('',#4330,2.E-1);
#4332=CARTESIAN_POINT('',(1.25E0,0.E0,-1.25E-1));
#4333=LINE('',#4332,#4331);
#4334=CURVE_STYLE('',#36,POSITIVE_LENGTH_MEASURE(2.E-2),#28);
#4335=PRESENTATION_STYLE_ASSIGNMENT((#4334));
#4336=STYLED_ITEM('',(#4335),#4333);
#4337=DIRECTION('',(0.E0,1.E0,0.E0));
#4338=VECTOR('',#4337,2.E-1);
#4339=CARTESIAN_POINT('',(9.74E-1,0.E0,-1.25E-1));
#4340=LINE('',#4339,#4338);
#4341=CURVE_STYLE('',#36,POSITIVE_LENGTH_MEASURE(2.E-2),#28);
#4342=PRESENTATION_STYLE_ASSIGNMENT((#4341));
#4343=STYLED_ITEM('',(#4342),#4340);
#4344=DIRECTION('',(0.E0,0.E0,-1.E0));
#4345=VECTOR('',#4344,2.5E-1);
#4346=CARTESIAN_POINT('',(1.25E0,2.E-1,1.25E-1));
#4347=LINE('',#4346,#4345);
#4348=CURVE_STYLE('',#36,POSITIVE_LENGTH_MEASURE(2.E-2),#28);
#4349=PRESENTATION_STYLE_ASSIGNMENT((#4348));
#4350=STYLED_ITEM('',(#4349),#4347);
#4351=DIRECTION('',(-1.E0,0.E0,0.E0));
#4352=VECTOR('',#4351,2.76E-1);
#4353=CARTESIAN_POINT('',(1.25E0,2.E-1,1.25E-1));
#4354=LINE('',#4353,#4352);
#4355=CURVE_STYLE('',#36,POSITIVE_LENGTH_MEASURE(2.E-2),#28);
#4356=PRESENTATION_STYLE_ASSIGNMENT((#4355));
#4357=STYLED_ITEM('',(#4356),#4354);
#4358=CARTESIAN_POINT('',(9.74E-1,2.E-1,1.E-3));
#4359=DIRECTION('',(0.E0,-1.E0,0.E0));
#4360=DIRECTION('',(0.E0,0.E0,1.E0));
#4361=AXIS2_PLACEMENT_3D('',#4358,#4359,#4360);
#4363=CURVE_STYLE('',#36,POSITIVE_LENGTH_MEASURE(2.E-2),#28);
#4364=PRESENTATION_STYLE_ASSIGNMENT((#4363));
#4365=STYLED_ITEM('',(#4364),#4362);
#4366=DIRECTION('',(0.E0,0.E0,-1.E0));
#4367=VECTOR('',#4366,2.E-3);
#4368=CARTESIAN_POINT('',(8.5E-1,2.E-1,1.E-3));
#4369=LINE('',#4368,#4367);
#4370=CURVE_STYLE('',#36,POSITIVE_LENGTH_MEASURE(2.E-2),#28);
#4371=PRESENTATION_STYLE_ASSIGNMENT((#4370));
#4372=STYLED_ITEM('',(#4371),#4369);
#4373=CARTESIAN_POINT('',(9.74E-1,2.E-1,-1.E-3));
#4374=DIRECTION('',(0.E0,-1.E0,0.E0));
#4375=DIRECTION('',(-1.E0,0.E0,0.E0));
#4376=AXIS2_PLACEMENT_3D('',#4373,#4374,#4375);
#4378=CURVE_STYLE('',#36,POSITIVE_LENGTH_MEASURE(2.E-2),#28);
#4379=PRESENTATION_STYLE_ASSIGNMENT((#4378));
#4380=STYLED_ITEM('',(#4379),#4377);
#4381=DIRECTION('',(1.E0,0.E0,0.E0));
#4382=VECTOR('',#4381,2.76E-1);
#4383=CARTESIAN_POINT('',(9.74E-1,2.E-1,-1.25E-1));
#4384=LINE('',#4383,#4382);
#4385=CURVE_STYLE('',#36,POSITIVE_LENGTH_MEASURE(2.E-2),#28);
#4386=PRESENTATION_STYLE_ASSIGNMENT((#4385));
#4387=STYLED_ITEM('',(#4386),#4384);
#4388=DIRECTION('',(0.E0,1.E0,0.E0));
#4389=VECTOR('',#4388,2.E-1);
#4390=CARTESIAN_POINT('',(1.25E0,0.E0,1.25E-1));
#4391=LINE('',#4390,#4389);
#4392=CURVE_STYLE('',#36,POSITIVE_LENGTH_MEASURE(2.E-2),#28);
#4393=PRESENTATION_STYLE_ASSIGNMENT((#4392));
#4394=STYLED_ITEM('',(#4393),#4391);
#4395=DIRECTION('',(0.E0,1.E0,0.E0));
#4396=VECTOR('',#4395,2.E-1);
#4397=CARTESIAN_POINT('',(9.74E-1,0.E0,1.25E-1));
#4398=LINE('',#4397,#4396);
#4399=CURVE_STYLE('',#36,POSITIVE_LENGTH_MEASURE(2.E-2),#28);
#4400=PRESENTATION_STYLE_ASSIGNMENT((#4399));
#4401=STYLED_ITEM('',(#4400),#4398);
#4402=DIRECTION('',(0.E0,1.E0,0.E0));
#4403=VECTOR('',#4402,2.E-1);
#4404=CARTESIAN_POINT('',(8.5E-1,0.E0,1.E-3));
#4405=LINE('',#4404,#4403);
#4406=CURVE_STYLE('',#36,POSITIVE_LENGTH_MEASURE(2.E-2),#28);
#4407=PRESENTATION_STYLE_ASSIGNMENT((#4406));
#4408=STYLED_ITEM('',(#4407),#4405);
#4409=DIRECTION('',(0.E0,1.E0,0.E0));
#4410=VECTOR('',#4409,2.E-1);
#4411=CARTESIAN_POINT('',(8.5E-1,0.E0,-1.E-3));
#4412=LINE('',#4411,#4410);
#4413=CURVE_STYLE('',#36,POSITIVE_LENGTH_MEASURE(2.E-2),#28);
#4414=PRESENTATION_STYLE_ASSIGNMENT((#4413));
#4415=STYLED_ITEM('',(#4414),#4412);
#4416=DIRECTION('',(1.E0,0.E0,0.E0));
#4417=VECTOR('',#4416,4.999999999071E-2);
#4418=CARTESIAN_POINT('',(1.200000000009E0,3.5E-2,8.E-2));
#4419=LINE('',#4418,#4417);
#4420=CURVE_STYLE('',#36,POSITIVE_LENGTH_MEASURE(2.E-2),#28);
#4421=PRESENTATION_STYLE_ASSIGNMENT((#4420));
#4422=STYLED_ITEM('',(#4421),#4419);
#4423=DIRECTION('',(2.653686794117E-10,1.E0,0.E0));
#4424=VECTOR('',#4423,3.5E-2);
#4425=CARTESIAN_POINT('',(1.2E0,0.E0,8.E-2));
#4426=LINE('',#4425,#4424);
#4427=CURVE_STYLE('',#36,POSITIVE_LENGTH_MEASURE(2.E-2),#28);
#4428=PRESENTATION_STYLE_ASSIGNMENT((#4427));
#4429=STYLED_ITEM('',(#4428),#4426);
#4430=CARTESIAN_POINT('',(9.74E-1,0.E0,1.25E-1));
#4431=CARTESIAN_POINT('',(8.5E-1,0.E0,1.E-3));
#4432=VERTEX_POINT('',#4430);
#4433=VERTEX_POINT('',#4431);
#4434=CARTESIAN_POINT('',(8.5E-1,0.E0,-1.E-3));
#4435=VERTEX_POINT('',#4434);
#4436=CARTESIAN_POINT('',(9.74E-1,0.E0,-1.25E-1));
#4437=VERTEX_POINT('',#4436);
#4438=CARTESIAN_POINT('',(9.74E-1,2.E-1,1.25E-1));
#4439=CARTESIAN_POINT('',(8.5E-1,2.E-1,1.E-3));
#4440=VERTEX_POINT('',#4438);
#4441=VERTEX_POINT('',#4439);
#4442=CARTESIAN_POINT('',(8.5E-1,2.E-1,-1.E-3));
#4443=VERTEX_POINT('',#4442);
#4444=CARTESIAN_POINT('',(9.74E-1,2.E-1,-1.25E-1));
#4445=VERTEX_POINT('',#4444);
#4446=CARTESIAN_POINT('',(1.25E0,2.E-1,1.25E-1));
#4447=CARTESIAN_POINT('',(1.25E0,2.E-1,-1.25E-1));
#4448=VERTEX_POINT('',#4446);
#4449=VERTEX_POINT('',#4447);
#4450=CARTESIAN_POINT('',(1.25E0,0.E0,1.25E-1));
#4451=VERTEX_POINT('',#4450);
#4452=CARTESIAN_POINT('',(1.25E0,0.E0,-1.25E-1));
#4453=VERTEX_POINT('',#4452);
#4454=CARTESIAN_POINT('',(1.25E0,0.E0,-8.E-2));
#4455=CARTESIAN_POINT('',(1.2E0,0.E0,-8.E-2));
#4456=VERTEX_POINT('',#4454);
#4457=VERTEX_POINT('',#4455);
#4458=CARTESIAN_POINT('',(1.2E0,0.E0,8.E-2));
#4459=VERTEX_POINT('',#4458);
#4460=CARTESIAN_POINT('',(1.25E0,0.E0,8.E-2));
#4461=VERTEX_POINT('',#4460);
#4462=CARTESIAN_POINT('',(1.2E0,1.E-1,1.5E-2));
#4463=CARTESIAN_POINT('',(1.25E0,1.E-1,1.5E-2));
#4464=VERTEX_POINT('',#4462);
#4465=VERTEX_POINT('',#4463);
#4466=CARTESIAN_POINT('',(1.200000000009E0,3.5E-2,8.E-2));
#4467=CARTESIAN_POINT('',(1.25E0,3.5E-2,8.E-2));
#4468=VERTEX_POINT('',#4466);
#4469=VERTEX_POINT('',#4467);
#4470=CARTESIAN_POINT('',(1.2E0,1.E-1,-1.5E-2));
#4471=VERTEX_POINT('',#4470);
#4472=CARTESIAN_POINT('',(1.2E0,3.5E-2,-8.E-2));
#4473=VERTEX_POINT('',#4472);
#4474=CARTESIAN_POINT('',(1.25E0,3.5E-2,-8.E-2));
#4475=VERTEX_POINT('',#4474);
#4476=CARTESIAN_POINT('',(1.25E0,1.E-1,-1.5E-2));
#4477=VERTEX_POINT('',#4476);
#4478=CARTESIAN_POINT('',(4.509E0,3.5E-2,-1.5E-2));
#4479=DIRECTION('',(-1.E0,0.E0,0.E0));
#4480=DIRECTION('',(0.E0,1.E0,0.E0));
#4481=AXIS2_PLACEMENT_3D('',#4478,#4479,#4480);
#4482=CYLINDRICAL_SURFACE('',#4481,6.5E-2);
#4484=ORIENTED_EDGE('',*,*,#4483,.T.);
#4486=ORIENTED_EDGE('',*,*,#4485,.F.);
#4488=ORIENTED_EDGE('',*,*,#4487,.F.);
#4490=ORIENTED_EDGE('',*,*,#4489,.T.);
#4491=EDGE_LOOP('',(#4484,#4486,#4488,#4490));
#4492=FACE_OUTER_BOUND('',#4491,.F.);
#4493=ADVANCED_FACE('',(#4492),#4482,.F.);
#4494=CARTESIAN_POINT('',(1.25E0,0.E0,-8.E-2));
#4495=DIRECTION('',(0.E0,0.E0,-1.E0));
#4496=DIRECTION('',(-1.E0,0.E0,0.E0));
#4497=AXIS2_PLACEMENT_3D('',#4494,#4495,#4496);
#4498=PLANE('',#4497);
#4499=ORIENTED_EDGE('',*,*,#4483,.F.);
#4501=ORIENTED_EDGE('',*,*,#4500,.F.);
#4503=ORIENTED_EDGE('',*,*,#4502,.T.);
#4505=ORIENTED_EDGE('',*,*,#4504,.T.);
#4506=EDGE_LOOP('',(#4499,#4501,#4503,#4505));
#4507=FACE_OUTER_BOUND('',#4506,.F.);
#4508=ADVANCED_FACE('',(#4507),#4498,.F.);
#4509=CARTESIAN_POINT('',(1.25E0,0.E0,-1.5E0));
#4510=DIRECTION('',(-1.E0,0.E0,0.E0));
#4511=DIRECTION('',(0.E0,0.E0,1.E0));
#4512=AXIS2_PLACEMENT_3D('',#4509,#4510,#4511);
#4513=PLANE('',#4512);
#4514=ORIENTED_EDGE('',*,*,#4500,.T.);
#4515=ORIENTED_EDGE('',*,*,#4489,.F.);
#4517=ORIENTED_EDGE('',*,*,#4516,.F.);
#4519=ORIENTED_EDGE('',*,*,#4518,.F.);
#4521=ORIENTED_EDGE('',*,*,#4520,.F.);
#4523=ORIENTED_EDGE('',*,*,#4522,.F.);
#4525=ORIENTED_EDGE('',*,*,#4524,.T.);
#4527=ORIENTED_EDGE('',*,*,#4526,.T.);
#4529=ORIENTED_EDGE('',*,*,#4528,.F.);
#4531=ORIENTED_EDGE('',*,*,#4530,.F.);
#4532=EDGE_LOOP('',(#4514,#4515,#4517,#4519,#4521,#4523,#4525,#4527,#4529,
#4531));
#4533=FACE_OUTER_BOUND('',#4532,.F.);
#4534=ADVANCED_FACE('',(#4533),#4513,.F.);
#4535=FILL_AREA_STYLE_COLOUR('',#29);
#4536=FILL_AREA_STYLE('',(#4535));
#4537=SURFACE_STYLE_FILL_AREA(#4536);
#4538=SURFACE_SIDE_STYLE('',(#4537));
#4539=SURFACE_STYLE_USAGE(.POSITIVE.,#4538);
#4540=PRESENTATION_STYLE_ASSIGNMENT((#4539));
#4541=OVER_RIDING_STYLED_ITEM('',(#4540),#4534,#4159);
#4542=CARTESIAN_POINT('',(0.E0,1.E-1,1.E0));
#4543=DIRECTION('',(0.E0,1.E0,0.E0));
#4544=DIRECTION('',(1.E0,0.E0,0.E0));
#4545=AXIS2_PLACEMENT_3D('',#4542,#4543,#4544);
#4546=PLANE('',#4545);
#4548=ORIENTED_EDGE('',*,*,#4547,.T.);
#4549=ORIENTED_EDGE('',*,*,#4516,.T.);
#4550=ORIENTED_EDGE('',*,*,#4487,.T.);
#4552=ORIENTED_EDGE('',*,*,#4551,.T.);
#4553=EDGE_LOOP('',(#4548,#4549,#4550,#4552));
#4554=FACE_OUTER_BOUND('',#4553,.F.);
#4555=ADVANCED_FACE('',(#4554),#4546,.F.);
#4556=CARTESIAN_POINT('',(1.197314511898E0,3.5E-2,1.5E-2));
#4557=DIRECTION('',(1.E0,0.E0,0.E0));
#4558=DIRECTION('',(0.E0,1.E0,0.E0));
#4559=AXIS2_PLACEMENT_3D('',#4556,#4557,#4558);
#4560=CYLINDRICAL_SURFACE('',#4559,6.5E-2);
#4561=ORIENTED_EDGE('',*,*,#4547,.F.);
#4563=ORIENTED_EDGE('',*,*,#4562,.T.);
#4565=ORIENTED_EDGE('',*,*,#4564,.T.);
#4566=ORIENTED_EDGE('',*,*,#4518,.T.);
#4567=EDGE_LOOP('',(#4561,#4563,#4565,#4566));
#4568=FACE_OUTER_BOUND('',#4567,.F.);
#4569=ADVANCED_FACE('',(#4568),#4560,.F.);
#4570=CARTESIAN_POINT('',(1.211136716841E0,3.290453394266E-2,
-7.918692438760E-2));
#4571=CARTESIAN_POINT('',(1.211316540298E0,7.293610489708E-2,
-8.046554776465E-2));
#4572=CARTESIAN_POINT('',(1.207372293598E0,1.012574209620E-1,
-5.242022976663E-2));
#4573=CARTESIAN_POINT('',(1.201797185742E0,9.996621446569E-2,
-1.277877614193E-2));
#4574=CARTESIAN_POINT('',(1.159437385280E0,3.290453394266E-2,
-8.645783206511E-2));
#4575=CARTESIAN_POINT('',(1.158782424782E0,7.293610489708E-2,
-8.785385806388E-2));
#4576=CARTESIAN_POINT('',(1.173148324676E0,1.012574209620E-1,
-5.723343161801E-2));
#4577=CARTESIAN_POINT('',(1.193454215109E0,9.996621446569E-2,
-1.395211760301E-2));
#4578=CARTESIAN_POINT('',(1.120033785532E0,3.290453394266E-2,
-5.220811222355E-2));
#4579=CARTESIAN_POINT('',(1.118742579035E0,7.293610489708E-2,
-5.305111140905E-2));
#4580=CARTESIAN_POINT('',(1.147063895101E0,1.012574209620E-1,
-3.456077199115E-2));
#4581=CARTESIAN_POINT('',(1.187095466057E0,9.996621446569E-2,
-8.425075024151E-3));
#4582=CARTESIAN_POINT('',(1.120033785534E0,3.290453394266E-2,
3.811994655388E-12));
#4583=CARTESIAN_POINT('',(1.118742579038E0,7.293610489708E-2,
3.873312012655E-12));
#4584=CARTESIAN_POINT('',(1.147063895103E0,1.012574209620E-1,
2.523210768742E-12));
#4585=CARTESIAN_POINT('',(1.187095466057E0,9.996621446569E-2,
6.150916769766E-13));
#4586=CARTESIAN_POINT('',(1.120033785537E0,3.290453394266E-2,
5.220811223117E-2));
#4587=CARTESIAN_POINT('',(1.118742579041E0,7.293610489708E-2,
5.305111141679E-2));
#4588=CARTESIAN_POINT('',(1.147063895105E0,1.012574209620E-1,
3.456077199620E-2));
#4589=CARTESIAN_POINT('',(1.187095466058E0,9.996621446569E-2,
8.425075025381E-3));
#4590=CARTESIAN_POINT('',(1.159437385288E0,3.290453394266E-2,
8.645783206898E-2));
#4591=CARTESIAN_POINT('',(1.158782424791E0,7.293610489708E-2,
8.785385806781E-2));
#4592=CARTESIAN_POINT('',(1.173148324682E0,1.012574209620E-1,
5.723343162057E-2));
#4593=CARTESIAN_POINT('',(1.193454215110E0,9.996621446569E-2,
1.395211760363E-2));
#4594=CARTESIAN_POINT('',(1.211136716849E0,3.290453394266E-2,
7.918692438654E-2));
#4595=CARTESIAN_POINT('',(1.211316540306E0,7.293610489708E-2,
8.046554776357E-2));
#4596=CARTESIAN_POINT('',(1.207372293603E0,1.012574209620E-1,
5.242022976593E-2));
#4597=CARTESIAN_POINT('',(1.201797185743E0,9.996621446569E-2,
1.277877614175E-2));
#4598=(BOUNDED_SURFACE()B_SPLINE_SURFACE(3,3,((#4570,#4571,#4572,#4573),(#4574,
#4575,#4576,#4577),(#4578,#4579,#4580,#4581),(#4582,#4583,#4584,#4585),(#4586,
#4587,#4588,#4589),(#4590,#4591,#4592,#4593),(#4594,#4595,#4596,#4597)),
.UNSPECIFIED.,.F.,.F.,.F.)B_SPLINE_SURFACE_WITH_KNOTS((4,3,4),(4,4),(0.E0,1.E0,
2.E0),(0.E0,1.E0),.UNSPECIFIED.)GEOMETRIC_REPRESENTATION_ITEM()RATIONAL_B_SPLINE_SURFACE(((1.434386219132E0,1.132154901202E0,1.132154901202E0,1.434386219132E0),(
1.105455593096E0,8.725313664418E-1,8.725313664418E-1,1.105455593096E0),(
1.105455593096E0,8.725313664418E-1,8.725313664418E-1,1.105455593096E0),(
1.434386219132E0,1.132154901202E0,1.132154901202E0,1.434386219132E0),(
1.105455593096E0,8.725313664418E-1,8.725313664418E-1,1.105455593096E0),(
1.105455593096E0,8.725313664418E-1,8.725313664418E-1,1.105455593096E0),(
1.434386219132E0,1.132154901202E0,1.132154901202E0,1.434386219132E0)))REPRESENTATION_ITEM('')SURFACE());
#4599=ORIENTED_EDGE('',*,*,#4551,.F.);
#4600=ORIENTED_EDGE('',*,*,#4485,.T.);
#4602=ORIENTED_EDGE('',*,*,#4601,.T.);
#4603=ORIENTED_EDGE('',*,*,#4562,.F.);
#4604=EDGE_LOOP('',(#4599,#4600,#4602,#4603));
#4605=FACE_OUTER_BOUND('',#4604,.F.);
#4606=ADVANCED_FACE('',(#4605),#4598,.F.);
#4607=CARTESIAN_POINT('',(1.2E0,0.E0,0.E0));
#4608=DIRECTION('',(0.E0,1.E0,0.E0));
#4609=DIRECTION('',(1.E0,0.E0,0.E0));
#4610=AXIS2_PLACEMENT_3D('',#4607,#4608,#4609);
#4611=CYLINDRICAL_SURFACE('',#4610,8.E-2);
#4612=ORIENTED_EDGE('',*,*,#4601,.F.);
#4613=ORIENTED_EDGE('',*,*,#4504,.F.);
#4615=ORIENTED_EDGE('',*,*,#4614,.T.);
#4617=ORIENTED_EDGE('',*,*,#4616,.T.);
#4618=EDGE_LOOP('',(#4612,#4613,#4615,#4617));
#4619=FACE_OUTER_BOUND('',#4618,.F.);
#4620=ADVANCED_FACE('',(#4619),#4611,.F.);
#4621=CARTESIAN_POINT('',(0.E0,0.E0,0.E0));
#4622=DIRECTION('',(0.E0,-1.E0,0.E0));
#4623=DIRECTION('',(-1.E0,0.E0,0.E0));
#4624=AXIS2_PLACEMENT_3D('',#4621,#4622,#4623);
#4625=PLANE('',#4624);
#4626=ORIENTED_EDGE('',*,*,#4502,.F.);
#4627=ORIENTED_EDGE('',*,*,#4530,.T.);
#4629=ORIENTED_EDGE('',*,*,#4628,.F.);
#4631=ORIENTED_EDGE('',*,*,#4630,.F.);
#4633=ORIENTED_EDGE('',*,*,#4632,.F.);
#4635=ORIENTED_EDGE('',*,*,#4634,.F.);
#4637=ORIENTED_EDGE('',*,*,#4636,.F.);
#4638=ORIENTED_EDGE('',*,*,#4522,.T.);
#4640=ORIENTED_EDGE('',*,*,#4639,.T.);
#4641=ORIENTED_EDGE('',*,*,#4614,.F.);
#4642=EDGE_LOOP('',(#4626,#4627,#4629,#4631,#4633,#4635,#4637,#4638,#4640,
#4641));
#4643=FACE_OUTER_BOUND('',#4642,.F.);
#4644=ADVANCED_FACE('',(#4643),#4625,.T.);
#4645=CARTESIAN_POINT('',(9.74E-1,0.E0,-1.25E-1));
#4646=DIRECTION('',(0.E0,0.E0,1.E0));
#4647=DIRECTION('',(1.E0,0.E0,0.E0));
#4648=AXIS2_PLACEMENT_3D('',#4645,#4646,#4647);
#4649=PLANE('',#4648);
#4650=ORIENTED_EDGE('',*,*,#4528,.T.);
#4652=ORIENTED_EDGE('',*,*,#4651,.F.);
#4654=ORIENTED_EDGE('',*,*,#4653,.F.);
#4655=ORIENTED_EDGE('',*,*,#4628,.T.);
#4656=EDGE_LOOP('',(#4650,#4652,#4654,#4655));
#4657=FACE_OUTER_BOUND('',#4656,.F.);
#4658=ADVANCED_FACE('',(#4657),#4649,.F.);
#4659=CARTESIAN_POINT('',(0.E0,2.E-1,0.E0));
#4660=DIRECTION('',(0.E0,-1.E0,0.E0));
#4661=DIRECTION('',(-1.E0,0.E0,0.E0));
#4662=AXIS2_PLACEMENT_3D('',#4659,#4660,#4661);
#4663=PLANE('',#4662);
#4664=ORIENTED_EDGE('',*,*,#4526,.F.);
#4666=ORIENTED_EDGE('',*,*,#4665,.T.);
#4668=ORIENTED_EDGE('',*,*,#4667,.T.);
#4670=ORIENTED_EDGE('',*,*,#4669,.T.);
#4672=ORIENTED_EDGE('',*,*,#4671,.T.);
#4673=ORIENTED_EDGE('',*,*,#4651,.T.);
#4674=EDGE_LOOP('',(#4664,#4666,#4668,#4670,#4672,#4673));
#4675=FACE_OUTER_BOUND('',#4674,.F.);
#4676=ADVANCED_FACE('',(#4675),#4663,.F.);
#4677=CARTESIAN_POINT('',(1.35E0,0.E0,1.25E-1));
#4678=DIRECTION('',(0.E0,0.E0,-1.E0));
#4679=DIRECTION('',(-1.E0,0.E0,0.E0));
#4680=AXIS2_PLACEMENT_3D('',#4677,#4678,#4679);
#4681=PLANE('',#4680);
#4682=ORIENTED_EDGE('',*,*,#4524,.F.);
#4683=ORIENTED_EDGE('',*,*,#4636,.T.);
#4685=ORIENTED_EDGE('',*,*,#4684,.T.);
#4686=ORIENTED_EDGE('',*,*,#4665,.F.);
#4687=EDGE_LOOP('',(#4682,#4683,#4685,#4686));
#4688=FACE_OUTER_BOUND('',#4687,.F.);
#4689=ADVANCED_FACE('',(#4688),#4681,.F.);
#4690=CARTESIAN_POINT('',(9.74E-1,0.E0,1.E-3));
#4691=DIRECTION('',(0.E0,-1.E0,0.E0));
#4692=DIRECTION('',(-1.E0,0.E0,0.E0));
#4693=AXIS2_PLACEMENT_3D('',#4690,#4691,#4692);
#4694=CYLINDRICAL_SURFACE('',#4693,1.24E-1);
#4695=ORIENTED_EDGE('',*,*,#4634,.T.);
#4697=ORIENTED_EDGE('',*,*,#4696,.T.);
#4698=ORIENTED_EDGE('',*,*,#4667,.F.);
#4699=ORIENTED_EDGE('',*,*,#4684,.F.);
#4700=EDGE_LOOP('',(#4695,#4697,#4698,#4699));
#4701=FACE_OUTER_BOUND('',#4700,.F.);
#4702=ADVANCED_FACE('',(#4701),#4694,.T.);
#4703=CARTESIAN_POINT('',(8.5E-1,0.E0,1.E-3));
#4704=DIRECTION('',(1.E0,0.E0,0.E0));
#4705=DIRECTION('',(0.E0,0.E0,-1.E0));
#4706=AXIS2_PLACEMENT_3D('',#4703,#4704,#4705);
#4707=PLANE('',#4706);
#4708=ORIENTED_EDGE('',*,*,#4632,.T.);
#4710=ORIENTED_EDGE('',*,*,#4709,.T.);
#4711=ORIENTED_EDGE('',*,*,#4669,.F.);
#4712=ORIENTED_EDGE('',*,*,#4696,.F.);
#4713=EDGE_LOOP('',(#4708,#4710,#4711,#4712));
#4714=FACE_OUTER_BOUND('',#4713,.F.);
#4715=ADVANCED_FACE('',(#4714),#4707,.F.);
#4716=CARTESIAN_POINT('',(9.74E-1,0.E0,-1.E-3));
#4717=DIRECTION('',(0.E0,-1.E0,0.E0));
#4718=DIRECTION('',(-1.E0,0.E0,0.E0));
#4719=AXIS2_PLACEMENT_3D('',#4716,#4717,#4718);
#4720=CYLINDRICAL_SURFACE('',#4719,1.24E-1);
#4721=ORIENTED_EDGE('',*,*,#4630,.T.);
#4722=ORIENTED_EDGE('',*,*,#4653,.T.);
#4723=ORIENTED_EDGE('',*,*,#4671,.F.);
#4724=ORIENTED_EDGE('',*,*,#4709,.F.);
#4725=EDGE_LOOP('',(#4721,#4722,#4723,#4724));
#4726=FACE_OUTER_BOUND('',#4725,.F.);
#4727=ADVANCED_FACE('',(#4726),#4720,.T.);
#4728=CARTESIAN_POINT('',(1.2E0,0.E0,8.E-2));
#4729=DIRECTION('',(0.E0,0.E0,1.E0));
#4730=DIRECTION('',(1.E0,0.E0,0.E0));
#4731=AXIS2_PLACEMENT_3D('',#4728,#4729,#4730);
#4732=PLANE('',#4731);
#4733=ORIENTED_EDGE('',*,*,#4564,.F.);
#4734=ORIENTED_EDGE('',*,*,#4616,.F.);
#4735=ORIENTED_EDGE('',*,*,#4639,.F.);
#4736=ORIENTED_EDGE('',*,*,#4520,.T.);
#4737=EDGE_LOOP('',(#4733,#4734,#4735,#4736));
#4738=FACE_OUTER_BOUND('',#4737,.F.);
#4739=ADVANCED_FACE('',(#4738),#4732,.F.);
#4740=CLOSED_SHELL('',(#4493,#4508,#4534,#4555,#4569,#4606,#4620,#4644,#4658,
#4676,#4689,#4702,#4715,#4727,#4739));
#4741=MANIFOLD_SOLID_BREP('',#4740);
#4742=FILL_AREA_STYLE_COLOUR('',#28);
#4743=FILL_AREA_STYLE('',(#4742));
#4744=SURFACE_STYLE_FILL_AREA(#4743);
#4745=SURFACE_SIDE_STYLE('',(#4744));
#4746=SURFACE_STYLE_USAGE(.POSITIVE.,#4745);
#4747=PRESENTATION_STYLE_ASSIGNMENT((#4746));
#4159=STYLED_ITEM('',(#4747),#4741);
#4749=CARTESIAN_POINT('',(1.25E0,3.5E-2,4.85E-1));
#4750=DIRECTION('',(-1.E0,0.E0,0.E0));
#4751=DIRECTION('',(0.E0,1.E0,0.E0));
#4752=AXIS2_PLACEMENT_3D('',#4749,#4750,#4751);
#4754=CURVE_STYLE('',#36,POSITIVE_LENGTH_MEASURE(2.E-2),#28);
#4755=PRESENTATION_STYLE_ASSIGNMENT((#4754));
#4756=STYLED_ITEM('',(#4755),#4753);
#4757=DIRECTION('',(-1.E0,0.E0,0.E0));
#4758=VECTOR('',#4757,4.999999999726E-2);
#4759=CARTESIAN_POINT('',(1.25E0,3.5E-2,4.2E-1));
#4760=LINE('',#4759,#4758);
#4761=CURVE_STYLE('',#36,POSITIVE_LENGTH_MEASURE(2.E-2),#28);
#4762=PRESENTATION_STYLE_ASSIGNMENT((#4761));
#4763=STYLED_ITEM('',(#4762),#4760);
#4764=DIRECTION('',(1.268826313857E-14,1.E0,0.E0));
#4765=VECTOR('',#4764,3.5E-2);
#4766=CARTESIAN_POINT('',(1.25E0,0.E0,4.2E-1));
#4767=LINE('',#4766,#4765);
#4768=CURVE_STYLE('',#36,POSITIVE_LENGTH_MEASURE(2.E-2),#28);
#4769=PRESENTATION_STYLE_ASSIGNMENT((#4768));
#4770=STYLED_ITEM('',(#4769),#4767);
#4771=DIRECTION('',(0.E0,0.E0,-1.E0));
#4772=VECTOR('',#4771,3.E-2);
#4773=CARTESIAN_POINT('',(1.25E0,1.E-1,5.15E-1));
#4774=LINE('',#4773,#4772);
#4775=CURVE_STYLE('',#36,POSITIVE_LENGTH_MEASURE(2.E-2),#28);
#4776=PRESENTATION_STYLE_ASSIGNMENT((#4775));
#4777=STYLED_ITEM('',(#4776),#4774);
#4778=DIRECTION('',(0.E0,1.E0,0.E0));
#4779=VECTOR('',#4778,3.5E-2);
#4780=CARTESIAN_POINT('',(1.25E0,0.E0,5.8E-1));
#4781=LINE('',#4780,#4779);
#4782=CURVE_STYLE('',#36,POSITIVE_LENGTH_MEASURE(2.E-2),#28);
#4783=PRESENTATION_STYLE_ASSIGNMENT((#4782));
#4784=STYLED_ITEM('',(#4783),#4781);
#4785=DIRECTION('',(1.E0,0.E0,0.E0));
#4786=VECTOR('',#4785,5.E-2);
#4787=CARTESIAN_POINT('',(1.2E0,1.E-1,5.15E-1));
#4788=LINE('',#4787,#4786);
#4789=CURVE_STYLE('',#36,POSITIVE_LENGTH_MEASURE(2.E-2),#28);
#4790=PRESENTATION_STYLE_ASSIGNMENT((#4789));
#4791=STYLED_ITEM('',(#4790),#4788);
#4792=DIRECTION('',(-1.E0,0.E0,0.E0));
#4793=VECTOR('',#4792,5.E-2);
#4794=CARTESIAN_POINT('',(1.25E0,1.E-1,4.85E-1));
#4795=LINE('',#4794,#4793);
#4796=CURVE_STYLE('',#36,POSITIVE_LENGTH_MEASURE(2.E-2),#28);
#4797=PRESENTATION_STYLE_ASSIGNMENT((#4796));
#4798=STYLED_ITEM('',(#4797),#4795);
#4799=CARTESIAN_POINT('',(1.2E0,1.E-1,5.E-1));
#4800=DIRECTION('',(0.E0,1.E0,0.E0));
#4801=DIRECTION('',(0.E0,0.E0,-1.E0));
#4802=AXIS2_PLACEMENT_3D('',#4799,#4800,#4801);
#4804=CURVE_STYLE('',#36,POSITIVE_LENGTH_MEASURE(2.E-2),#28);
#4805=PRESENTATION_STYLE_ASSIGNMENT((#4804));
#4806=STYLED_ITEM('',(#4805),#4803);
#4807=CARTESIAN_POINT('',(1.2E0,3.5E-2,5.15E-1));
#4808=DIRECTION('',(1.E0,0.E0,0.E0));
#4809=DIRECTION('',(0.E0,1.E0,0.E0));
#4810=AXIS2_PLACEMENT_3D('',#4807,#4808,#4809);
#4812=CURVE_STYLE('',#36,POSITIVE_LENGTH_MEASURE(2.E-2),#28);
#4813=PRESENTATION_STYLE_ASSIGNMENT((#4812));
#4814=STYLED_ITEM('',(#4813),#4811);
#4815=CARTESIAN_POINT('',(1.25E0,3.5E-2,5.15E-1));
#4816=DIRECTION('',(-1.E0,0.E0,0.E0));
#4817=DIRECTION('',(0.E0,0.E0,1.E0));
#4818=AXIS2_PLACEMENT_3D('',#4815,#4816,#4817);
#4820=CURVE_STYLE('',#36,POSITIVE_LENGTH_MEASURE(2.E-2),#28);
#4821=PRESENTATION_STYLE_ASSIGNMENT((#4820));
#4822=STYLED_ITEM('',(#4821),#4819);
#4823=CARTESIAN_POINT('',(1.2E0,3.5E-2,4.85E-1));
#4824=DIRECTION('',(-1.E0,0.E0,0.E0));
#4825=DIRECTION('',(0.E0,1.E0,0.E0));
#4826=AXIS2_PLACEMENT_3D('',#4823,#4824,#4825);
#4828=CURVE_STYLE('',#36,POSITIVE_LENGTH_MEASURE(2.E-2),#28);
#4829=PRESENTATION_STYLE_ASSIGNMENT((#4828));
#4830=STYLED_ITEM('',(#4829),#4827);
#4831=CARTESIAN_POINT('',(1.2E0,3.5E-2,5.E-1));
#4832=DIRECTION('',(0.E0,1.E0,0.E0));
#4833=DIRECTION('',(0.E0,0.E0,-1.E0));
#4834=AXIS2_PLACEMENT_3D('',#4831,#4832,#4833);
#4836=CURVE_STYLE('',#36,POSITIVE_LENGTH_MEASURE(2.E-2),#28);
#4837=PRESENTATION_STYLE_ASSIGNMENT((#4836));
#4838=STYLED_ITEM('',(#4837),#4835);
#4839=DIRECTION('',(7.819776572303E-11,1.E0,0.E0));
#4840=VECTOR('',#4839,3.5E-2);
#4841=CARTESIAN_POINT('',(1.2E0,0.E0,4.2E-1));
#4842=LINE('',#4841,#4840);
#4843=CURVE_STYLE('',#36,POSITIVE_LENGTH_MEASURE(2.E-2),#28);
#4844=PRESENTATION_STYLE_ASSIGNMENT((#4843));
#4845=STYLED_ITEM('',(#4844),#4842);
#4846=DIRECTION('',(-1.E0,0.E0,0.E0));
#4847=VECTOR('',#4846,5.E-2);
#4848=CARTESIAN_POINT('',(1.25E0,0.E0,4.2E-1));
#4849=LINE('',#4848,#4847);
#4850=CURVE_STYLE('',#36,POSITIVE_LENGTH_MEASURE(2.E-2),#28);
#4851=PRESENTATION_STYLE_ASSIGNMENT((#4850));
#4852=STYLED_ITEM('',(#4851),#4849);
#4853=DIRECTION('',(0.E0,0.E0,-1.E0));
#4854=VECTOR('',#4853,4.5E-2);
#4855=CARTESIAN_POINT('',(1.25E0,0.E0,4.2E-1));
#4856=LINE('',#4855,#4854);
#4857=CURVE_STYLE('',#36,POSITIVE_LENGTH_MEASURE(2.E-2),#28);
#4858=PRESENTATION_STYLE_ASSIGNMENT((#4857));
#4859=STYLED_ITEM('',(#4858),#4856);
#4860=DIRECTION('',(1.E0,0.E0,0.E0));
#4861=VECTOR('',#4860,2.76E-1);
#4862=CARTESIAN_POINT('',(9.74E-1,0.E0,3.75E-1));
#4863=LINE('',#4862,#4861);
#4864=CURVE_STYLE('',#36,POSITIVE_LENGTH_MEASURE(2.E-2),#28);
#4865=PRESENTATION_STYLE_ASSIGNMENT((#4864));
#4866=STYLED_ITEM('',(#4865),#4863);
#4867=CARTESIAN_POINT('',(9.74E-1,0.E0,4.99E-1));
#4868=DIRECTION('',(0.E0,-1.E0,0.E0));
#4869=DIRECTION('',(-1.E0,0.E0,0.E0));
#4870=AXIS2_PLACEMENT_3D('',#4867,#4868,#4869);
#4872=CURVE_STYLE('',#36,POSITIVE_LENGTH_MEASURE(2.E-2),#28);
#4873=PRESENTATION_STYLE_ASSIGNMENT((#4872));
#4874=STYLED_ITEM('',(#4873),#4871);
#4875=DIRECTION('',(0.E0,0.E0,-1.E0));
#4876=VECTOR('',#4875,2.E-3);
#4877=CARTESIAN_POINT('',(8.5E-1,0.E0,5.01E-1));
#4878=LINE('',#4877,#4876);
#4879=CURVE_STYLE('',#36,POSITIVE_LENGTH_MEASURE(2.E-2),#28);
#4880=PRESENTATION_STYLE_ASSIGNMENT((#4879));
#4881=STYLED_ITEM('',(#4880),#4878);
#4882=CARTESIAN_POINT('',(9.74E-1,0.E0,5.01E-1));
#4883=DIRECTION('',(0.E0,-1.E0,0.E0));
#4884=DIRECTION('',(0.E0,0.E0,1.E0));
#4885=AXIS2_PLACEMENT_3D('',#4882,#4883,#4884);
#4887=CURVE_STYLE('',#36,POSITIVE_LENGTH_MEASURE(2.E-2),#28);
#4888=PRESENTATION_STYLE_ASSIGNMENT((#4887));
#4889=STYLED_ITEM('',(#4888),#4886);
#4890=DIRECTION('',(-1.E0,0.E0,0.E0));
#4891=VECTOR('',#4890,2.76E-1);
#4892=CARTESIAN_POINT('',(1.25E0,0.E0,6.25E-1));
#4893=LINE('',#4892,#4891);
#4894=CURVE_STYLE('',#36,POSITIVE_LENGTH_MEASURE(2.E-2),#28);
#4895=PRESENTATION_STYLE_ASSIGNMENT((#4894));
#4896=STYLED_ITEM('',(#4895),#4893);
#4897=DIRECTION('',(0.E0,0.E0,-1.E0));
#4898=VECTOR('',#4897,4.5E-2);
#4899=CARTESIAN_POINT('',(1.25E0,0.E0,6.25E-1));
#4900=LINE('',#4899,#4898);
#4901=CURVE_STYLE('',#36,POSITIVE_LENGTH_MEASURE(2.E-2),#28);
#4902=PRESENTATION_STYLE_ASSIGNMENT((#4901));
#4903=STYLED_ITEM('',(#4902),#4900);
#4904=DIRECTION('',(-1.E0,0.E0,0.E0));
#4905=VECTOR('',#4904,5.E-2);
#4906=CARTESIAN_POINT('',(1.25E0,0.E0,5.8E-1));
#4907=LINE('',#4906,#4905);
#4908=CURVE_STYLE('',#36,POSITIVE_LENGTH_MEASURE(2.E-2),#28);
#4909=PRESENTATION_STYLE_ASSIGNMENT((#4908));
#4910=STYLED_ITEM('',(#4909),#4907);
#4911=CARTESIAN_POINT('',(1.2E0,0.E0,5.E-1));
#4912=DIRECTION('',(0.E0,1.E0,0.E0));
#4913=DIRECTION('',(1.387778780781E-14,0.E0,-1.E0));
#4914=AXIS2_PLACEMENT_3D('',#4911,#4912,#4913);
#4916=CURVE_STYLE('',#36,POSITIVE_LENGTH_MEASURE(2.E-2),#28);
#4917=PRESENTATION_STYLE_ASSIGNMENT((#4916));
#4918=STYLED_ITEM('',(#4917),#4915);
#4919=DIRECTION('',(0.E0,1.E0,0.E0));
#4920=VECTOR('',#4919,2.E-1);
#4921=CARTESIAN_POINT('',(1.25E0,0.E0,3.75E-1));
#4922=LINE('',#4921,#4920);
#4923=CURVE_STYLE('',#36,POSITIVE_LENGTH_MEASURE(2.E-2),#28);
#4924=PRESENTATION_STYLE_ASSIGNMENT((#4923));
#4925=STYLED_ITEM('',(#4924),#4922);
#4926=DIRECTION('',(0.E0,1.E0,0.E0));
#4927=VECTOR('',#4926,2.E-1);
#4928=CARTESIAN_POINT('',(9.74E-1,0.E0,3.75E-1));
#4929=LINE('',#4928,#4927);
#4930=CURVE_STYLE('',#36,POSITIVE_LENGTH_MEASURE(2.E-2),#28);
#4931=PRESENTATION_STYLE_ASSIGNMENT((#4930));
#4932=STYLED_ITEM('',(#4931),#4929);
#4933=DIRECTION('',(0.E0,0.E0,-1.E0));
#4934=VECTOR('',#4933,2.5E-1);
#4935=CARTESIAN_POINT('',(1.25E0,2.E-1,6.25E-1));
#4936=LINE('',#4935,#4934);
#4937=CURVE_STYLE('',#36,POSITIVE_LENGTH_MEASURE(2.E-2),#28);
#4938=PRESENTATION_STYLE_ASSIGNMENT((#4937));
#4939=STYLED_ITEM('',(#4938),#4936);
#4940=DIRECTION('',(-1.E0,0.E0,0.E0));
#4941=VECTOR('',#4940,2.76E-1);
#4942=CARTESIAN_POINT('',(1.25E0,2.E-1,6.25E-1));
#4943=LINE('',#4942,#4941);
#4944=CURVE_STYLE('',#36,POSITIVE_LENGTH_MEASURE(2.E-2),#28);
#4945=PRESENTATION_STYLE_ASSIGNMENT((#4944));
#4946=STYLED_ITEM('',(#4945),#4943);
#4947=CARTESIAN_POINT('',(9.74E-1,2.E-1,5.01E-1));
#4948=DIRECTION('',(0.E0,-1.E0,0.E0));
#4949=DIRECTION('',(0.E0,0.E0,1.E0));
#4950=AXIS2_PLACEMENT_3D('',#4947,#4948,#4949);
#4952=CURVE_STYLE('',#36,POSITIVE_LENGTH_MEASURE(2.E-2),#28);
#4953=PRESENTATION_STYLE_ASSIGNMENT((#4952));
#4954=STYLED_ITEM('',(#4953),#4951);
#4955=DIRECTION('',(0.E0,0.E0,-1.E0));
#4956=VECTOR('',#4955,2.E-3);
#4957=CARTESIAN_POINT('',(8.5E-1,2.E-1,5.01E-1));
#4958=LINE('',#4957,#4956);
#4959=CURVE_STYLE('',#36,POSITIVE_LENGTH_MEASURE(2.E-2),#28);
#4960=PRESENTATION_STYLE_ASSIGNMENT((#4959));
#4961=STYLED_ITEM('',(#4960),#4958);
#4962=CARTESIAN_POINT('',(9.74E-1,2.E-1,4.99E-1));
#4963=DIRECTION('',(0.E0,-1.E0,0.E0));
#4964=DIRECTION('',(-1.E0,0.E0,0.E0));
#4965=AXIS2_PLACEMENT_3D('',#4962,#4963,#4964);
#4967=CURVE_STYLE('',#36,POSITIVE_LENGTH_MEASURE(2.E-2),#28);
#4968=PRESENTATION_STYLE_ASSIGNMENT((#4967));
#4969=STYLED_ITEM('',(#4968),#4966);
#4970=DIRECTION('',(1.E0,0.E0,0.E0));
#4971=VECTOR('',#4970,2.76E-1);
#4972=CARTESIAN_POINT('',(9.74E-1,2.E-1,3.75E-1));
#4973=LINE('',#4972,#4971);
#4974=CURVE_STYLE('',#36,POSITIVE_LENGTH_MEASURE(2.E-2),#28);
#4975=PRESENTATION_STYLE_ASSIGNMENT((#4974));
#4976=STYLED_ITEM('',(#4975),#4973);
#4977=DIRECTION('',(0.E0,1.E0,0.E0));
#4978=VECTOR('',#4977,2.E-1);
#4979=CARTESIAN_POINT('',(1.25E0,0.E0,6.25E-1));
#4980=LINE('',#4979,#4978);
#4981=CURVE_STYLE('',#36,POSITIVE_LENGTH_MEASURE(2.E-2),#28);
#4982=PRESENTATION_STYLE_ASSIGNMENT((#4981));
#4983=STYLED_ITEM('',(#4982),#4980);
#4984=DIRECTION('',(0.E0,1.E0,0.E0));
#4985=VECTOR('',#4984,2.E-1);
#4986=CARTESIAN_POINT('',(9.74E-1,0.E0,6.25E-1));
#4987=LINE('',#4986,#4985);
#4988=CURVE_STYLE('',#36,POSITIVE_LENGTH_MEASURE(2.E-2),#28);
#4989=PRESENTATION_STYLE_ASSIGNMENT((#4988));
#4990=STYLED_ITEM('',(#4989),#4987);
#4991=DIRECTION('',(0.E0,1.E0,0.E0));
#4992=VECTOR('',#4991,2.E-1);
#4993=CARTESIAN_POINT('',(8.5E-1,0.E0,5.01E-1));
#4994=LINE('',#4993,#4992);
#4995=CURVE_STYLE('',#36,POSITIVE_LENGTH_MEASURE(2.E-2),#28);
#4996=PRESENTATION_STYLE_ASSIGNMENT((#4995));
#4997=STYLED_ITEM('',(#4996),#4994);
#4998=DIRECTION('',(0.E0,1.E0,0.E0));
#4999=VECTOR('',#4998,2.E-1);
#5000=CARTESIAN_POINT('',(8.5E-1,0.E0,4.99E-1));
#5001=LINE('',#5000,#4999);
#5002=CURVE_STYLE('',#36,POSITIVE_LENGTH_MEASURE(2.E-2),#28);
#5003=PRESENTATION_STYLE_ASSIGNMENT((#5002));
#5004=STYLED_ITEM('',(#5003),#5001);
#5005=DIRECTION('',(1.E0,0.E0,0.E0));
#5006=VECTOR('',#5005,4.999999999071E-2);
#5007=CARTESIAN_POINT('',(1.200000000009E0,3.5E-2,5.8E-1));
#5008=LINE('',#5007,#5006);
#5009=CURVE_STYLE('',#36,POSITIVE_LENGTH_MEASURE(2.E-2),#28);
#5010=PRESENTATION_STYLE_ASSIGNMENT((#5009));
#5011=STYLED_ITEM('',(#5010),#5008);
#5012=DIRECTION('',(2.653750235433E-10,1.E0,0.E0));
#5013=VECTOR('',#5012,3.5E-2);
#5014=CARTESIAN_POINT('',(1.2E0,0.E0,5.8E-1));
#5015=LINE('',#5014,#5013);
#5016=CURVE_STYLE('',#36,POSITIVE_LENGTH_MEASURE(2.E-2),#28);
#5017=PRESENTATION_STYLE_ASSIGNMENT((#5016));
#5018=STYLED_ITEM('',(#5017),#5015);
#5019=CARTESIAN_POINT('',(9.74E-1,0.E0,6.25E-1));
#5020=CARTESIAN_POINT('',(8.5E-1,0.E0,5.01E-1));
#5021=VERTEX_POINT('',#5019);
#5022=VERTEX_POINT('',#5020);
#5023=CARTESIAN_POINT('',(8.5E-1,0.E0,4.99E-1));
#5024=VERTEX_POINT('',#5023);
#5025=CARTESIAN_POINT('',(9.74E-1,0.E0,3.75E-1));
#5026=VERTEX_POINT('',#5025);
#5027=CARTESIAN_POINT('',(9.74E-1,2.E-1,6.25E-1));
#5028=CARTESIAN_POINT('',(8.5E-1,2.E-1,5.01E-1));
#5029=VERTEX_POINT('',#5027);
#5030=VERTEX_POINT('',#5028);
#5031=CARTESIAN_POINT('',(8.5E-1,2.E-1,4.99E-1));
#5032=VERTEX_POINT('',#5031);
#5033=CARTESIAN_POINT('',(9.74E-1,2.E-1,3.75E-1));
#5034=VERTEX_POINT('',#5033);
#5035=CARTESIAN_POINT('',(1.25E0,2.E-1,6.25E-1));
#5036=CARTESIAN_POINT('',(1.25E0,2.E-1,3.75E-1));
#5037=VERTEX_POINT('',#5035);
#5038=VERTEX_POINT('',#5036);
#5039=CARTESIAN_POINT('',(1.25E0,0.E0,6.25E-1));
#5040=VERTEX_POINT('',#5039);
#5041=CARTESIAN_POINT('',(1.25E0,0.E0,3.75E-1));
#5042=VERTEX_POINT('',#5041);
#5043=CARTESIAN_POINT('',(1.25E0,0.E0,4.2E-1));
#5044=CARTESIAN_POINT('',(1.2E0,0.E0,4.2E-1));
#5045=VERTEX_POINT('',#5043);
#5046=VERTEX_POINT('',#5044);
#5047=CARTESIAN_POINT('',(1.2E0,0.E0,5.8E-1));
#5048=VERTEX_POINT('',#5047);
#5049=CARTESIAN_POINT('',(1.25E0,0.E0,5.8E-1));
#5050=VERTEX_POINT('',#5049);
#5051=CARTESIAN_POINT('',(1.2E0,1.E-1,5.15E-1));
#5052=CARTESIAN_POINT('',(1.25E0,1.E-1,5.15E-1));
#5053=VERTEX_POINT('',#5051);
#5054=VERTEX_POINT('',#5052);
#5055=CARTESIAN_POINT('',(1.200000000009E0,3.5E-2,5.8E-1));
#5056=CARTESIAN_POINT('',(1.25E0,3.5E-2,5.8E-1));
#5057=VERTEX_POINT('',#5055);
#5058=VERTEX_POINT('',#5056);
#5059=CARTESIAN_POINT('',(1.2E0,1.E-1,4.85E-1));
#5060=VERTEX_POINT('',#5059);
#5061=CARTESIAN_POINT('',(1.2E0,3.5E-2,4.2E-1));
#5062=VERTEX_POINT('',#5061);
#5063=CARTESIAN_POINT('',(1.25E0,3.5E-2,4.2E-1));
#5064=VERTEX_POINT('',#5063);
#5065=CARTESIAN_POINT('',(1.25E0,1.E-1,4.85E-1));
#5066=VERTEX_POINT('',#5065);
#5067=CARTESIAN_POINT('',(4.509E0,3.5E-2,4.85E-1));
#5068=DIRECTION('',(-1.E0,0.E0,0.E0));
#5069=DIRECTION('',(0.E0,1.E0,0.E0));
#5070=AXIS2_PLACEMENT_3D('',#5067,#5068,#5069);
#5071=CYLINDRICAL_SURFACE('',#5070,6.5E-2);
#5073=ORIENTED_EDGE('',*,*,#5072,.T.);
#5075=ORIENTED_EDGE('',*,*,#5074,.F.);
#5077=ORIENTED_EDGE('',*,*,#5076,.F.);
#5079=ORIENTED_EDGE('',*,*,#5078,.T.);
#5080=EDGE_LOOP('',(#5073,#5075,#5077,#5079));
#5081=FACE_OUTER_BOUND('',#5080,.F.);
#5082=ADVANCED_FACE('',(#5081),#5071,.F.);
#5083=CARTESIAN_POINT('',(1.25E0,0.E0,4.2E-1));
#5084=DIRECTION('',(0.E0,0.E0,-1.E0));
#5085=DIRECTION('',(-1.E0,0.E0,0.E0));
#5086=AXIS2_PLACEMENT_3D('',#5083,#5084,#5085);
#5087=PLANE('',#5086);
#5088=ORIENTED_EDGE('',*,*,#5072,.F.);
#5090=ORIENTED_EDGE('',*,*,#5089,.F.);
#5092=ORIENTED_EDGE('',*,*,#5091,.T.);
#5094=ORIENTED_EDGE('',*,*,#5093,.T.);
#5095=EDGE_LOOP('',(#5088,#5090,#5092,#5094));
#5096=FACE_OUTER_BOUND('',#5095,.F.);
#5097=ADVANCED_FACE('',(#5096),#5087,.F.);
#5098=CARTESIAN_POINT('',(1.25E0,0.E0,-1.5E0));
#5099=DIRECTION('',(-1.E0,0.E0,0.E0));
#5100=DIRECTION('',(0.E0,0.E0,1.E0));
#5101=AXIS2_PLACEMENT_3D('',#5098,#5099,#5100);
#5102=PLANE('',#5101);
#5103=ORIENTED_EDGE('',*,*,#5089,.T.);
#5104=ORIENTED_EDGE('',*,*,#5078,.F.);
#5106=ORIENTED_EDGE('',*,*,#5105,.F.);
#5108=ORIENTED_EDGE('',*,*,#5107,.F.);
#5110=ORIENTED_EDGE('',*,*,#5109,.F.);
#5112=ORIENTED_EDGE('',*,*,#5111,.F.);
#5114=ORIENTED_EDGE('',*,*,#5113,.T.);
#5116=ORIENTED_EDGE('',*,*,#5115,.T.);
#5118=ORIENTED_EDGE('',*,*,#5117,.F.);
#5120=ORIENTED_EDGE('',*,*,#5119,.F.);
#5121=EDGE_LOOP('',(#5103,#5104,#5106,#5108,#5110,#5112,#5114,#5116,#5118,
#5120));
#5122=FACE_OUTER_BOUND('',#5121,.F.);
#5123=ADVANCED_FACE('',(#5122),#5102,.F.);
#5124=FILL_AREA_STYLE_COLOUR('',#29);
#5125=FILL_AREA_STYLE('',(#5124));
#5126=SURFACE_STYLE_FILL_AREA(#5125);
#5127=SURFACE_SIDE_STYLE('',(#5126));
#5128=SURFACE_STYLE_USAGE(.POSITIVE.,#5127);
#5129=PRESENTATION_STYLE_ASSIGNMENT((#5128));
#5130=OVER_RIDING_STYLED_ITEM('',(#5129),#5123,#4748);
#5131=CARTESIAN_POINT('',(0.E0,1.E-1,1.5E0));
#5132=DIRECTION('',(0.E0,1.E0,0.E0));
#5133=DIRECTION('',(1.E0,0.E0,0.E0));
#5134=AXIS2_PLACEMENT_3D('',#5131,#5132,#5133);
#5135=PLANE('',#5134);
#5137=ORIENTED_EDGE('',*,*,#5136,.T.);
#5138=ORIENTED_EDGE('',*,*,#5105,.T.);
#5139=ORIENTED_EDGE('',*,*,#5076,.T.);
#5141=ORIENTED_EDGE('',*,*,#5140,.T.);
#5142=EDGE_LOOP('',(#5137,#5138,#5139,#5141));
#5143=FACE_OUTER_BOUND('',#5142,.F.);
#5144=ADVANCED_FACE('',(#5143),#5135,.F.);
#5145=CARTESIAN_POINT('',(1.197314511898E0,3.5E-2,5.15E-1));
#5146=DIRECTION('',(1.E0,0.E0,0.E0));
#5147=DIRECTION('',(0.E0,1.E0,0.E0));
#5148=AXIS2_PLACEMENT_3D('',#5145,#5146,#5147);
#5149=CYLINDRICAL_SURFACE('',#5148,6.5E-2);
#5150=ORIENTED_EDGE('',*,*,#5136,.F.);
#5152=ORIENTED_EDGE('',*,*,#5151,.T.);
#5154=ORIENTED_EDGE('',*,*,#5153,.T.);
#5155=ORIENTED_EDGE('',*,*,#5107,.T.);
#5156=EDGE_LOOP('',(#5150,#5152,#5154,#5155));
#5157=FACE_OUTER_BOUND('',#5156,.F.);
#5158=ADVANCED_FACE('',(#5157),#5149,.F.);
#5159=CARTESIAN_POINT('',(1.211136716841E0,3.290453394266E-2,
4.208130756124E-1));
#5160=CARTESIAN_POINT('',(1.211316540298E0,7.293610489708E-2,
4.195344522353E-1));
#5161=CARTESIAN_POINT('',(1.207372293598E0,1.012574209620E-1,
4.475797702334E-1));
#5162=CARTESIAN_POINT('',(1.201797185742E0,9.996621446569E-2,
4.872212238581E-1));
#5163=CARTESIAN_POINT('',(1.159437385280E0,3.290453394266E-2,
4.135421679349E-1));
#5164=CARTESIAN_POINT('',(1.158782424782E0,7.293610489708E-2,
4.121461419361E-1));
#5165=CARTESIAN_POINT('',(1.173148324676E0,1.012574209620E-1,
4.427665683820E-1));
#5166=CARTESIAN_POINT('',(1.193454215109E0,9.996621446569E-2,
4.860478823970E-1));
#5167=CARTESIAN_POINT('',(1.120033785532E0,3.290453394266E-2,
4.477918877765E-1));
#5168=CARTESIAN_POINT('',(1.118742579035E0,7.293610489708E-2,
4.469488885910E-1));
#5169=CARTESIAN_POINT('',(1.147063895101E0,1.012574209620E-1,
4.654392280088E-1));
#5170=CARTESIAN_POINT('',(1.187095466057E0,9.996621446569E-2,
4.915749249758E-1));
#5171=CARTESIAN_POINT('',(1.120033785534E0,3.290453394266E-2,
5.000000000038E-1));
#5172=CARTESIAN_POINT('',(1.118742579038E0,7.293610489708E-2,
5.000000000039E-1));
#5173=CARTESIAN_POINT('',(1.147063895103E0,1.012574209620E-1,
5.000000000025E-1));
#5174=CARTESIAN_POINT('',(1.187095466057E0,9.996621446569E-2,
5.000000000006E-1));
#5175=CARTESIAN_POINT('',(1.120033785537E0,3.290453394266E-2,
5.522081122312E-1));
#5176=CARTESIAN_POINT('',(1.118742579041E0,7.293610489708E-2,
5.530511114168E-1));
#5177=CARTESIAN_POINT('',(1.147063895105E0,1.012574209620E-1,
5.345607719962E-1));
#5178=CARTESIAN_POINT('',(1.187095466058E0,9.996621446569E-2,
5.084250750254E-1));
#5179=CARTESIAN_POINT('',(1.159437385288E0,3.290453394266E-2,
5.864578320690E-1));
#5180=CARTESIAN_POINT('',(1.158782424791E0,7.293610489708E-2,
5.878538580678E-1));
#5181=CARTESIAN_POINT('',(1.173148324682E0,1.012574209620E-1,
5.572334316206E-1));
#5182=CARTESIAN_POINT('',(1.193454215110E0,9.996621446569E-2,
5.139521176036E-1));
#5183=CARTESIAN_POINT('',(1.211136716849E0,3.290453394266E-2,
5.791869243865E-1));
#5184=CARTESIAN_POINT('',(1.211316540306E0,7.293610489708E-2,
5.804655477636E-1));
#5185=CARTESIAN_POINT('',(1.207372293603E0,1.012574209620E-1,
5.524202297659E-1));
#5186=CARTESIAN_POINT('',(1.201797185743E0,9.996621446569E-2,
5.127787761418E-1));
#5187=(BOUNDED_SURFACE()B_SPLINE_SURFACE(3,3,((#5159,#5160,#5161,#5162),(#5163,
#5164,#5165,#5166),(#5167,#5168,#5169,#5170),(#5171,#5172,#5173,#5174),(#5175,
#5176,#5177,#5178),(#5179,#5180,#5181,#5182),(#5183,#5184,#5185,#5186)),
.UNSPECIFIED.,.F.,.F.,.F.)B_SPLINE_SURFACE_WITH_KNOTS((4,3,4),(4,4),(0.E0,1.E0,
2.E0),(0.E0,1.E0),.UNSPECIFIED.)GEOMETRIC_REPRESENTATION_ITEM()RATIONAL_B_SPLINE_SURFACE(((1.434386219132E0,1.132154901202E0,1.132154901202E0,1.434386219132E0),(
1.105455593096E0,8.725313664418E-1,8.725313664418E-1,1.105455593096E0),(
1.105455593096E0,8.725313664418E-1,8.725313664418E-1,1.105455593096E0),(
1.434386219132E0,1.132154901202E0,1.132154901202E0,1.434386219132E0),(
1.105455593096E0,8.725313664418E-1,8.725313664418E-1,1.105455593096E0),(
1.105455593096E0,8.725313664418E-1,8.725313664418E-1,1.105455593096E0),(
1.434386219132E0,1.132154901202E0,1.132154901202E0,1.434386219132E0)))REPRESENTATION_ITEM('')SURFACE());
#5188=ORIENTED_EDGE('',*,*,#5140,.F.);
#5189=ORIENTED_EDGE('',*,*,#5074,.T.);
#5191=ORIENTED_EDGE('',*,*,#5190,.T.);
#5192=ORIENTED_EDGE('',*,*,#5151,.F.);
#5193=EDGE_LOOP('',(#5188,#5189,#5191,#5192));
#5194=FACE_OUTER_BOUND('',#5193,.F.);
#5195=ADVANCED_FACE('',(#5194),#5187,.F.);
#5196=CARTESIAN_POINT('',(1.2E0,0.E0,5.E-1));
#5197=DIRECTION('',(0.E0,1.E0,0.E0));
#5198=DIRECTION('',(1.E0,0.E0,0.E0));
#5199=AXIS2_PLACEMENT_3D('',#5196,#5197,#5198);
#5200=CYLINDRICAL_SURFACE('',#5199,8.E-2);
#5201=ORIENTED_EDGE('',*,*,#5190,.F.);
#5202=ORIENTED_EDGE('',*,*,#5093,.F.);
#5204=ORIENTED_EDGE('',*,*,#5203,.T.);
#5206=ORIENTED_EDGE('',*,*,#5205,.T.);
#5207=EDGE_LOOP('',(#5201,#5202,#5204,#5206));
#5208=FACE_OUTER_BOUND('',#5207,.F.);
#5209=ADVANCED_FACE('',(#5208),#5200,.F.);
#5210=CARTESIAN_POINT('',(0.E0,0.E0,0.E0));
#5211=DIRECTION('',(0.E0,-1.E0,0.E0));
#5212=DIRECTION('',(-1.E0,0.E0,0.E0));
#5213=AXIS2_PLACEMENT_3D('',#5210,#5211,#5212);
#5214=PLANE('',#5213);
#5215=ORIENTED_EDGE('',*,*,#5091,.F.);
#5216=ORIENTED_EDGE('',*,*,#5119,.T.);
#5218=ORIENTED_EDGE('',*,*,#5217,.F.);
#5220=ORIENTED_EDGE('',*,*,#5219,.F.);
#5222=ORIENTED_EDGE('',*,*,#5221,.F.);
#5224=ORIENTED_EDGE('',*,*,#5223,.F.);
#5226=ORIENTED_EDGE('',*,*,#5225,.F.);
#5227=ORIENTED_EDGE('',*,*,#5111,.T.);
#5229=ORIENTED_EDGE('',*,*,#5228,.T.);
#5230=ORIENTED_EDGE('',*,*,#5203,.F.);
#5231=EDGE_LOOP('',(#5215,#5216,#5218,#5220,#5222,#5224,#5226,#5227,#5229,
#5230));
#5232=FACE_OUTER_BOUND('',#5231,.F.);
#5233=ADVANCED_FACE('',(#5232),#5214,.T.);
#5234=CARTESIAN_POINT('',(9.74E-1,0.E0,3.75E-1));
#5235=DIRECTION('',(0.E0,0.E0,1.E0));
#5236=DIRECTION('',(1.E0,0.E0,0.E0));
#5237=AXIS2_PLACEMENT_3D('',#5234,#5235,#5236);
#5238=PLANE('',#5237);
#5239=ORIENTED_EDGE('',*,*,#5117,.T.);
#5241=ORIENTED_EDGE('',*,*,#5240,.F.);
#5243=ORIENTED_EDGE('',*,*,#5242,.F.);
#5244=ORIENTED_EDGE('',*,*,#5217,.T.);
#5245=EDGE_LOOP('',(#5239,#5241,#5243,#5244));
#5246=FACE_OUTER_BOUND('',#5245,.F.);
#5247=ADVANCED_FACE('',(#5246),#5238,.F.);
#5248=CARTESIAN_POINT('',(0.E0,2.E-1,0.E0));
#5249=DIRECTION('',(0.E0,-1.E0,0.E0));
#5250=DIRECTION('',(-1.E0,0.E0,0.E0));
#5251=AXIS2_PLACEMENT_3D('',#5248,#5249,#5250);
#5252=PLANE('',#5251);
#5253=ORIENTED_EDGE('',*,*,#5115,.F.);
#5255=ORIENTED_EDGE('',*,*,#5254,.T.);
#5257=ORIENTED_EDGE('',*,*,#5256,.T.);
#5259=ORIENTED_EDGE('',*,*,#5258,.T.);
#5261=ORIENTED_EDGE('',*,*,#5260,.T.);
#5262=ORIENTED_EDGE('',*,*,#5240,.T.);
#5263=EDGE_LOOP('',(#5253,#5255,#5257,#5259,#5261,#5262));
#5264=FACE_OUTER_BOUND('',#5263,.F.);
#5265=ADVANCED_FACE('',(#5264),#5252,.F.);
#5266=CARTESIAN_POINT('',(1.35E0,0.E0,6.25E-1));
#5267=DIRECTION('',(0.E0,0.E0,-1.E0));
#5268=DIRECTION('',(-1.E0,0.E0,0.E0));
#5269=AXIS2_PLACEMENT_3D('',#5266,#5267,#5268);
#5270=PLANE('',#5269);
#5271=ORIENTED_EDGE('',*,*,#5113,.F.);
#5272=ORIENTED_EDGE('',*,*,#5225,.T.);
#5274=ORIENTED_EDGE('',*,*,#5273,.T.);
#5275=ORIENTED_EDGE('',*,*,#5254,.F.);
#5276=EDGE_LOOP('',(#5271,#5272,#5274,#5275));
#5277=FACE_OUTER_BOUND('',#5276,.F.);
#5278=ADVANCED_FACE('',(#5277),#5270,.F.);
#5279=CARTESIAN_POINT('',(9.74E-1,0.E0,5.01E-1));
#5280=DIRECTION('',(0.E0,-1.E0,0.E0));
#5281=DIRECTION('',(-1.E0,0.E0,0.E0));
#5282=AXIS2_PLACEMENT_3D('',#5279,#5280,#5281);
#5283=CYLINDRICAL_SURFACE('',#5282,1.24E-1);
#5284=ORIENTED_EDGE('',*,*,#5223,.T.);
#5286=ORIENTED_EDGE('',*,*,#5285,.T.);
#5287=ORIENTED_EDGE('',*,*,#5256,.F.);
#5288=ORIENTED_EDGE('',*,*,#5273,.F.);
#5289=EDGE_LOOP('',(#5284,#5286,#5287,#5288));
#5290=FACE_OUTER_BOUND('',#5289,.F.);
#5291=ADVANCED_FACE('',(#5290),#5283,.T.);
#5292=CARTESIAN_POINT('',(8.5E-1,0.E0,5.01E-1));
#5293=DIRECTION('',(1.E0,0.E0,0.E0));
#5294=DIRECTION('',(0.E0,0.E0,-1.E0));
#5295=AXIS2_PLACEMENT_3D('',#5292,#5293,#5294);
#5296=PLANE('',#5295);
#5297=ORIENTED_EDGE('',*,*,#5221,.T.);
#5299=ORIENTED_EDGE('',*,*,#5298,.T.);
#5300=ORIENTED_EDGE('',*,*,#5258,.F.);
#5301=ORIENTED_EDGE('',*,*,#5285,.F.);
#5302=EDGE_LOOP('',(#5297,#5299,#5300,#5301));
#5303=FACE_OUTER_BOUND('',#5302,.F.);
#5304=ADVANCED_FACE('',(#5303),#5296,.F.);
#5305=CARTESIAN_POINT('',(9.74E-1,0.E0,4.99E-1));
#5306=DIRECTION('',(0.E0,-1.E0,0.E0));
#5307=DIRECTION('',(-1.E0,0.E0,0.E0));
#5308=AXIS2_PLACEMENT_3D('',#5305,#5306,#5307);
#5309=CYLINDRICAL_SURFACE('',#5308,1.24E-1);
#5310=ORIENTED_EDGE('',*,*,#5219,.T.);
#5311=ORIENTED_EDGE('',*,*,#5242,.T.);
#5312=ORIENTED_EDGE('',*,*,#5260,.F.);
#5313=ORIENTED_EDGE('',*,*,#5298,.F.);
#5314=EDGE_LOOP('',(#5310,#5311,#5312,#5313));
#5315=FACE_OUTER_BOUND('',#5314,.F.);
#5316=ADVANCED_FACE('',(#5315),#5309,.T.);
#5317=CARTESIAN_POINT('',(1.2E0,0.E0,5.8E-1));
#5318=DIRECTION('',(0.E0,0.E0,1.E0));
#5319=DIRECTION('',(1.E0,0.E0,0.E0));
#5320=AXIS2_PLACEMENT_3D('',#5317,#5318,#5319);
#5321=PLANE('',#5320);
#5322=ORIENTED_EDGE('',*,*,#5153,.F.);
#5323=ORIENTED_EDGE('',*,*,#5205,.F.);
#5324=ORIENTED_EDGE('',*,*,#5228,.F.);
#5325=ORIENTED_EDGE('',*,*,#5109,.T.);
#5326=EDGE_LOOP('',(#5322,#5323,#5324,#5325));
#5327=FACE_OUTER_BOUND('',#5326,.F.);
#5328=ADVANCED_FACE('',(#5327),#5321,.F.);
#5329=CLOSED_SHELL('',(#5082,#5097,#5123,#5144,#5158,#5195,#5209,#5233,#5247,
#5265,#5278,#5291,#5304,#5316,#5328));
#5330=MANIFOLD_SOLID_BREP('',#5329);
#5331=FILL_AREA_STYLE_COLOUR('',#28);
#5332=FILL_AREA_STYLE('',(#5331));
#5333=SURFACE_STYLE_FILL_AREA(#5332);
#5334=SURFACE_SIDE_STYLE('',(#5333));
#5335=SURFACE_STYLE_USAGE(.POSITIVE.,#5334);
#5336=PRESENTATION_STYLE_ASSIGNMENT((#5335));
#4748=STYLED_ITEM('',(#5336),#5330);
#5338=CARTESIAN_POINT('',(1.25E0,3.5E-2,9.85E-1));
#5339=DIRECTION('',(-1.E0,0.E0,0.E0));
#5340=DIRECTION('',(0.E0,1.E0,0.E0));
#5341=AXIS2_PLACEMENT_3D('',#5338,#5339,#5340);
#5343=CURVE_STYLE('',#36,POSITIVE_LENGTH_MEASURE(2.E-2),#28);
#5344=PRESENTATION_STYLE_ASSIGNMENT((#5343));
#5345=STYLED_ITEM('',(#5344),#5342);
#5346=DIRECTION('',(-1.E0,0.E0,0.E0));
#5347=VECTOR('',#5346,4.999999999726E-2);
#5348=CARTESIAN_POINT('',(1.25E0,3.5E-2,9.2E-1));
#5349=LINE('',#5348,#5347);
#5350=CURVE_STYLE('',#36,POSITIVE_LENGTH_MEASURE(2.E-2),#28);
#5351=PRESENTATION_STYLE_ASSIGNMENT((#5350));
#5352=STYLED_ITEM('',(#5351),#5349);
#5353=DIRECTION('',(1.268826313857E-14,1.E0,0.E0));
#5354=VECTOR('',#5353,3.5E-2);
#5355=CARTESIAN_POINT('',(1.25E0,0.E0,9.2E-1));
#5356=LINE('',#5355,#5354);
#5357=CURVE_STYLE('',#36,POSITIVE_LENGTH_MEASURE(2.E-2),#28);
#5358=PRESENTATION_STYLE_ASSIGNMENT((#5357));
#5359=STYLED_ITEM('',(#5358),#5356);
#5360=DIRECTION('',(0.E0,0.E0,-1.E0));
#5361=VECTOR('',#5360,3.E-2);
#5362=CARTESIAN_POINT('',(1.25E0,1.E-1,1.015E0));
#5363=LINE('',#5362,#5361);
#5364=CURVE_STYLE('',#36,POSITIVE_LENGTH_MEASURE(2.E-2),#28);
#5365=PRESENTATION_STYLE_ASSIGNMENT((#5364));
#5366=STYLED_ITEM('',(#5365),#5363);
#5367=DIRECTION('',(0.E0,1.E0,0.E0));
#5368=VECTOR('',#5367,3.5E-2);
#5369=CARTESIAN_POINT('',(1.25E0,0.E0,1.08E0));
#5370=LINE('',#5369,#5368);
#5371=CURVE_STYLE('',#36,POSITIVE_LENGTH_MEASURE(2.E-2),#28);
#5372=PRESENTATION_STYLE_ASSIGNMENT((#5371));
#5373=STYLED_ITEM('',(#5372),#5370);
#5374=DIRECTION('',(1.E0,0.E0,0.E0));
#5375=VECTOR('',#5374,5.E-2);
#5376=CARTESIAN_POINT('',(1.2E0,1.E-1,1.015E0));
#5377=LINE('',#5376,#5375);
#5378=CURVE_STYLE('',#36,POSITIVE_LENGTH_MEASURE(2.E-2),#28);
#5379=PRESENTATION_STYLE_ASSIGNMENT((#5378));
#5380=STYLED_ITEM('',(#5379),#5377);
#5381=DIRECTION('',(-1.E0,0.E0,0.E0));
#5382=VECTOR('',#5381,5.E-2);
#5383=CARTESIAN_POINT('',(1.25E0,1.E-1,9.85E-1));
#5384=LINE('',#5383,#5382);
#5385=CURVE_STYLE('',#36,POSITIVE_LENGTH_MEASURE(2.E-2),#28);
#5386=PRESENTATION_STYLE_ASSIGNMENT((#5385));
#5387=STYLED_ITEM('',(#5386),#5384);
#5388=CARTESIAN_POINT('',(1.2E0,1.E-1,1.E0));
#5389=DIRECTION('',(0.E0,1.E0,0.E0));
#5390=DIRECTION('',(0.E0,0.E0,-1.E0));
#5391=AXIS2_PLACEMENT_3D('',#5388,#5389,#5390);
#5393=CURVE_STYLE('',#36,POSITIVE_LENGTH_MEASURE(2.E-2),#28);
#5394=PRESENTATION_STYLE_ASSIGNMENT((#5393));
#5395=STYLED_ITEM('',(#5394),#5392);
#5396=CARTESIAN_POINT('',(1.2E0,3.5E-2,1.015E0));
#5397=DIRECTION('',(1.E0,0.E0,0.E0));
#5398=DIRECTION('',(0.E0,1.E0,0.E0));
#5399=AXIS2_PLACEMENT_3D('',#5396,#5397,#5398);
#5401=CURVE_STYLE('',#36,POSITIVE_LENGTH_MEASURE(2.E-2),#28);
#5402=PRESENTATION_STYLE_ASSIGNMENT((#5401));
#5403=STYLED_ITEM('',(#5402),#5400);
#5404=CARTESIAN_POINT('',(1.25E0,3.5E-2,1.015E0));
#5405=DIRECTION('',(-1.E0,0.E0,0.E0));
#5406=DIRECTION('',(0.E0,0.E0,1.E0));
#5407=AXIS2_PLACEMENT_3D('',#5404,#5405,#5406);
#5409=CURVE_STYLE('',#36,POSITIVE_LENGTH_MEASURE(2.E-2),#28);
#5410=PRESENTATION_STYLE_ASSIGNMENT((#5409));
#5411=STYLED_ITEM('',(#5410),#5408);
#5412=CARTESIAN_POINT('',(1.2E0,3.5E-2,9.85E-1));
#5413=DIRECTION('',(-1.E0,0.E0,0.E0));
#5414=DIRECTION('',(0.E0,1.E0,0.E0));
#5415=AXIS2_PLACEMENT_3D('',#5412,#5413,#5414);
#5417=CURVE_STYLE('',#36,POSITIVE_LENGTH_MEASURE(2.E-2),#28);
#5418=PRESENTATION_STYLE_ASSIGNMENT((#5417));
#5419=STYLED_ITEM('',(#5418),#5416);
#5420=CARTESIAN_POINT('',(1.2E0,3.5E-2,1.E0));
#5421=DIRECTION('',(0.E0,1.E0,0.E0));
#5422=DIRECTION('',(0.E0,0.E0,-1.E0));
#5423=AXIS2_PLACEMENT_3D('',#5420,#5421,#5422);
#5425=CURVE_STYLE('',#36,POSITIVE_LENGTH_MEASURE(2.E-2),#28);
#5426=PRESENTATION_STYLE_ASSIGNMENT((#5425));
#5427=STYLED_ITEM('',(#5426),#5424);
#5428=DIRECTION('',(7.821679811773E-11,1.E0,0.E0));
#5429=VECTOR('',#5428,3.5E-2);
#5430=CARTESIAN_POINT('',(1.2E0,0.E0,9.2E-1));
#5431=LINE('',#5430,#5429);
#5432=CURVE_STYLE('',#36,POSITIVE_LENGTH_MEASURE(2.E-2),#28);
#5433=PRESENTATION_STYLE_ASSIGNMENT((#5432));
#5434=STYLED_ITEM('',(#5433),#5431);
#5435=DIRECTION('',(-1.E0,0.E0,0.E0));
#5436=VECTOR('',#5435,5.E-2);
#5437=CARTESIAN_POINT('',(1.25E0,0.E0,9.2E-1));
#5438=LINE('',#5437,#5436);
#5439=CURVE_STYLE('',#36,POSITIVE_LENGTH_MEASURE(2.E-2),#28);
#5440=PRESENTATION_STYLE_ASSIGNMENT((#5439));
#5441=STYLED_ITEM('',(#5440),#5438);
#5442=DIRECTION('',(0.E0,0.E0,-1.E0));
#5443=VECTOR('',#5442,4.5E-2);
#5444=CARTESIAN_POINT('',(1.25E0,0.E0,9.2E-1));
#5445=LINE('',#5444,#5443);
#5446=CURVE_STYLE('',#36,POSITIVE_LENGTH_MEASURE(2.E-2),#28);
#5447=PRESENTATION_STYLE_ASSIGNMENT((#5446));
#5448=STYLED_ITEM('',(#5447),#5445);
#5449=DIRECTION('',(1.E0,0.E0,0.E0));
#5450=VECTOR('',#5449,2.76E-1);
#5451=CARTESIAN_POINT('',(9.74E-1,0.E0,8.75E-1));
#5452=LINE('',#5451,#5450);
#5453=CURVE_STYLE('',#36,POSITIVE_LENGTH_MEASURE(2.E-2),#28);
#5454=PRESENTATION_STYLE_ASSIGNMENT((#5453));
#5455=STYLED_ITEM('',(#5454),#5452);
#5456=CARTESIAN_POINT('',(9.74E-1,0.E0,9.99E-1));
#5457=DIRECTION('',(0.E0,-1.E0,0.E0));
#5458=DIRECTION('',(-1.E0,0.E0,0.E0));
#5459=AXIS2_PLACEMENT_3D('',#5456,#5457,#5458);
#5461=CURVE_STYLE('',#36,POSITIVE_LENGTH_MEASURE(2.E-2),#28);
#5462=PRESENTATION_STYLE_ASSIGNMENT((#5461));
#5463=STYLED_ITEM('',(#5462),#5460);
#5464=DIRECTION('',(0.E0,0.E0,-1.E0));
#5465=VECTOR('',#5464,2.E-3);
#5466=CARTESIAN_POINT('',(8.5E-1,0.E0,1.001E0));
#5467=LINE('',#5466,#5465);
#5468=CURVE_STYLE('',#36,POSITIVE_LENGTH_MEASURE(2.E-2),#28);
#5469=PRESENTATION_STYLE_ASSIGNMENT((#5468));
#5470=STYLED_ITEM('',(#5469),#5467);
#5471=CARTESIAN_POINT('',(9.74E-1,0.E0,1.001E0));
#5472=DIRECTION('',(0.E0,-1.E0,0.E0));
#5473=DIRECTION('',(0.E0,0.E0,1.E0));
#5474=AXIS2_PLACEMENT_3D('',#5471,#5472,#5473);
#5476=CURVE_STYLE('',#36,POSITIVE_LENGTH_MEASURE(2.E-2),#28);
#5477=PRESENTATION_STYLE_ASSIGNMENT((#5476));
#5478=STYLED_ITEM('',(#5477),#5475);
#5479=DIRECTION('',(-1.E0,0.E0,0.E0));
#5480=VECTOR('',#5479,2.76E-1);
#5481=CARTESIAN_POINT('',(1.25E0,0.E0,1.125E0));
#5482=LINE('',#5481,#5480);
#5483=CURVE_STYLE('',#36,POSITIVE_LENGTH_MEASURE(2.E-2),#28);
#5484=PRESENTATION_STYLE_ASSIGNMENT((#5483));
#5485=STYLED_ITEM('',(#5484),#5482);
#5486=DIRECTION('',(0.E0,0.E0,-1.E0));
#5487=VECTOR('',#5486,4.5E-2);
#5488=CARTESIAN_POINT('',(1.25E0,0.E0,1.125E0));
#5489=LINE('',#5488,#5487);
#5490=CURVE_STYLE('',#36,POSITIVE_LENGTH_MEASURE(2.E-2),#28);
#5491=PRESENTATION_STYLE_ASSIGNMENT((#5490));
#5492=STYLED_ITEM('',(#5491),#5489);
#5493=DIRECTION('',(-1.E0,0.E0,0.E0));
#5494=VECTOR('',#5493,5.E-2);
#5495=CARTESIAN_POINT('',(1.25E0,0.E0,1.08E0));
#5496=LINE('',#5495,#5494);
#5497=CURVE_STYLE('',#36,POSITIVE_LENGTH_MEASURE(2.E-2),#28);
#5498=PRESENTATION_STYLE_ASSIGNMENT((#5497));
#5499=STYLED_ITEM('',(#5498),#5496);
#5500=CARTESIAN_POINT('',(1.2E0,0.E0,1.E0));
#5501=DIRECTION('',(0.E0,1.E0,0.E0));
#5502=DIRECTION('',(0.E0,0.E0,-1.E0));
#5503=AXIS2_PLACEMENT_3D('',#5500,#5501,#5502);
#5505=CURVE_STYLE('',#36,POSITIVE_LENGTH_MEASURE(2.E-2),#28);
#5506=PRESENTATION_STYLE_ASSIGNMENT((#5505));
#5507=STYLED_ITEM('',(#5506),#5504);
#5508=DIRECTION('',(0.E0,1.E0,0.E0));
#5509=VECTOR('',#5508,2.E-1);
#5510=CARTESIAN_POINT('',(1.25E0,0.E0,8.75E-1));
#5511=LINE('',#5510,#5509);
#5512=CURVE_STYLE('',#36,POSITIVE_LENGTH_MEASURE(2.E-2),#28);
#5513=PRESENTATION_STYLE_ASSIGNMENT((#5512));
#5514=STYLED_ITEM('',(#5513),#5511);
#5515=DIRECTION('',(0.E0,1.E0,0.E0));
#5516=VECTOR('',#5515,2.E-1);
#5517=CARTESIAN_POINT('',(9.74E-1,0.E0,8.75E-1));
#5518=LINE('',#5517,#5516);
#5519=CURVE_STYLE('',#36,POSITIVE_LENGTH_MEASURE(2.E-2),#28);
#5520=PRESENTATION_STYLE_ASSIGNMENT((#5519));
#5521=STYLED_ITEM('',(#5520),#5518);
#5522=DIRECTION('',(0.E0,0.E0,-1.E0));
#5523=VECTOR('',#5522,2.5E-1);
#5524=CARTESIAN_POINT('',(1.25E0,2.E-1,1.125E0));
#5525=LINE('',#5524,#5523);
#5526=CURVE_STYLE('',#36,POSITIVE_LENGTH_MEASURE(2.E-2),#28);
#5527=PRESENTATION_STYLE_ASSIGNMENT((#5526));
#5528=STYLED_ITEM('',(#5527),#5525);
#5529=DIRECTION('',(-1.E0,0.E0,0.E0));
#5530=VECTOR('',#5529,2.76E-1);
#5531=CARTESIAN_POINT('',(1.25E0,2.E-1,1.125E0));
#5532=LINE('',#5531,#5530);
#5533=CURVE_STYLE('',#36,POSITIVE_LENGTH_MEASURE(2.E-2),#28);
#5534=PRESENTATION_STYLE_ASSIGNMENT((#5533));
#5535=STYLED_ITEM('',(#5534),#5532);
#5536=CARTESIAN_POINT('',(9.74E-1,2.E-1,1.001E0));
#5537=DIRECTION('',(0.E0,-1.E0,0.E0));
#5538=DIRECTION('',(0.E0,0.E0,1.E0));
#5539=AXIS2_PLACEMENT_3D('',#5536,#5537,#5538);
#5541=CURVE_STYLE('',#36,POSITIVE_LENGTH_MEASURE(2.E-2),#28);
#5542=PRESENTATION_STYLE_ASSIGNMENT((#5541));
#5543=STYLED_ITEM('',(#5542),#5540);
#5544=DIRECTION('',(0.E0,0.E0,-1.E0));
#5545=VECTOR('',#5544,2.E-3);
#5546=CARTESIAN_POINT('',(8.5E-1,2.E-1,1.001E0));
#5547=LINE('',#5546,#5545);
#5548=CURVE_STYLE('',#36,POSITIVE_LENGTH_MEASURE(2.E-2),#28);
#5549=PRESENTATION_STYLE_ASSIGNMENT((#5548));
#5550=STYLED_ITEM('',(#5549),#5547);
#5551=CARTESIAN_POINT('',(9.74E-1,2.E-1,9.99E-1));
#5552=DIRECTION('',(0.E0,-1.E0,0.E0));
#5553=DIRECTION('',(-1.E0,0.E0,0.E0));
#5554=AXIS2_PLACEMENT_3D('',#5551,#5552,#5553);
#5556=CURVE_STYLE('',#36,POSITIVE_LENGTH_MEASURE(2.E-2),#28);
#5557=PRESENTATION_STYLE_ASSIGNMENT((#5556));
#5558=STYLED_ITEM('',(#5557),#5555);
#5559=DIRECTION('',(1.E0,0.E0,0.E0));
#5560=VECTOR('',#5559,2.76E-1);
#5561=CARTESIAN_POINT('',(9.74E-1,2.E-1,8.75E-1));
#5562=LINE('',#5561,#5560);
#5563=CURVE_STYLE('',#36,POSITIVE_LENGTH_MEASURE(2.E-2),#28);
#5564=PRESENTATION_STYLE_ASSIGNMENT((#5563));
#5565=STYLED_ITEM('',(#5564),#5562);
#5566=DIRECTION('',(0.E0,1.E0,0.E0));
#5567=VECTOR('',#5566,2.E-1);
#5568=CARTESIAN_POINT('',(1.25E0,0.E0,1.125E0));
#5569=LINE('',#5568,#5567);
#5570=CURVE_STYLE('',#36,POSITIVE_LENGTH_MEASURE(2.E-2),#28);
#5571=PRESENTATION_STYLE_ASSIGNMENT((#5570));
#5572=STYLED_ITEM('',(#5571),#5569);
#5573=DIRECTION('',(0.E0,1.E0,0.E0));
#5574=VECTOR('',#5573,2.E-1);
#5575=CARTESIAN_POINT('',(9.74E-1,0.E0,1.125E0));
#5576=LINE('',#5575,#5574);
#5577=CURVE_STYLE('',#36,POSITIVE_LENGTH_MEASURE(2.E-2),#28);
#5578=PRESENTATION_STYLE_ASSIGNMENT((#5577));
#5579=STYLED_ITEM('',(#5578),#5576);
#5580=DIRECTION('',(0.E0,1.E0,0.E0));
#5581=VECTOR('',#5580,2.E-1);
#5582=CARTESIAN_POINT('',(8.5E-1,0.E0,1.001E0));
#5583=LINE('',#5582,#5581);
#5584=CURVE_STYLE('',#36,POSITIVE_LENGTH_MEASURE(2.E-2),#28);
#5585=PRESENTATION_STYLE_ASSIGNMENT((#5584));
#5586=STYLED_ITEM('',(#5585),#5583);
#5587=DIRECTION('',(0.E0,1.E0,0.E0));
#5588=VECTOR('',#5587,2.E-1);
#5589=CARTESIAN_POINT('',(8.5E-1,0.E0,9.99E-1));
#5590=LINE('',#5589,#5588);
#5591=CURVE_STYLE('',#36,POSITIVE_LENGTH_MEASURE(2.E-2),#28);
#5592=PRESENTATION_STYLE_ASSIGNMENT((#5591));
#5593=STYLED_ITEM('',(#5592),#5590);
#5594=DIRECTION('',(1.E0,0.E0,0.E0));
#5595=VECTOR('',#5594,4.999999999071E-2);
#5596=CARTESIAN_POINT('',(1.200000000009E0,3.5E-2,1.08E0));
#5597=LINE('',#5596,#5595);
#5598=CURVE_STYLE('',#36,POSITIVE_LENGTH_MEASURE(2.E-2),#28);
#5599=PRESENTATION_STYLE_ASSIGNMENT((#5598));
#5600=STYLED_ITEM('',(#5599),#5597);
#5601=DIRECTION('',(2.653496470170E-10,1.E0,0.E0));
#5602=VECTOR('',#5601,3.5E-2);
#5603=CARTESIAN_POINT('',(1.2E0,0.E0,1.08E0));
#5604=LINE('',#5603,#5602);
#5605=CURVE_STYLE('',#36,POSITIVE_LENGTH_MEASURE(2.E-2),#28);
#5606=PRESENTATION_STYLE_ASSIGNMENT((#5605));
#5607=STYLED_ITEM('',(#5606),#5604);
#5608=CARTESIAN_POINT('',(9.74E-1,0.E0,1.125E0));
#5609=CARTESIAN_POINT('',(8.5E-1,0.E0,1.001E0));
#5610=VERTEX_POINT('',#5608);
#5611=VERTEX_POINT('',#5609);
#5612=CARTESIAN_POINT('',(8.5E-1,0.E0,9.99E-1));
#5613=VERTEX_POINT('',#5612);
#5614=CARTESIAN_POINT('',(9.74E-1,0.E0,8.75E-1));
#5615=VERTEX_POINT('',#5614);
#5616=CARTESIAN_POINT('',(9.74E-1,2.E-1,1.125E0));
#5617=CARTESIAN_POINT('',(8.5E-1,2.E-1,1.001E0));
#5618=VERTEX_POINT('',#5616);
#5619=VERTEX_POINT('',#5617);
#5620=CARTESIAN_POINT('',(8.5E-1,2.E-1,9.99E-1));
#5621=VERTEX_POINT('',#5620);
#5622=CARTESIAN_POINT('',(9.74E-1,2.E-1,8.75E-1));
#5623=VERTEX_POINT('',#5622);
#5624=CARTESIAN_POINT('',(1.25E0,2.E-1,1.125E0));
#5625=CARTESIAN_POINT('',(1.25E0,2.E-1,8.75E-1));
#5626=VERTEX_POINT('',#5624);
#5627=VERTEX_POINT('',#5625);
#5628=CARTESIAN_POINT('',(1.25E0,0.E0,1.125E0));
#5629=VERTEX_POINT('',#5628);
#5630=CARTESIAN_POINT('',(1.25E0,0.E0,8.75E-1));
#5631=VERTEX_POINT('',#5630);
#5632=CARTESIAN_POINT('',(1.25E0,0.E0,9.2E-1));
#5633=CARTESIAN_POINT('',(1.2E0,0.E0,9.2E-1));
#5634=VERTEX_POINT('',#5632);
#5635=VERTEX_POINT('',#5633);
#5636=CARTESIAN_POINT('',(1.2E0,0.E0,1.08E0));
#5637=VERTEX_POINT('',#5636);
#5638=CARTESIAN_POINT('',(1.25E0,0.E0,1.08E0));
#5639=VERTEX_POINT('',#5638);
#5640=CARTESIAN_POINT('',(1.2E0,1.E-1,1.015E0));
#5641=CARTESIAN_POINT('',(1.25E0,1.E-1,1.015E0));
#5642=VERTEX_POINT('',#5640);
#5643=VERTEX_POINT('',#5641);
#5644=CARTESIAN_POINT('',(1.200000000009E0,3.5E-2,1.08E0));
#5645=CARTESIAN_POINT('',(1.25E0,3.5E-2,1.08E0));
#5646=VERTEX_POINT('',#5644);
#5647=VERTEX_POINT('',#5645);
#5648=CARTESIAN_POINT('',(1.2E0,1.E-1,9.85E-1));
#5649=VERTEX_POINT('',#5648);
#5650=CARTESIAN_POINT('',(1.2E0,3.5E-2,9.2E-1));
#5651=VERTEX_POINT('',#5650);
#5652=CARTESIAN_POINT('',(1.25E0,3.5E-2,9.2E-1));
#5653=VERTEX_POINT('',#5652);
#5654=CARTESIAN_POINT('',(1.25E0,1.E-1,9.85E-1));
#5655=VERTEX_POINT('',#5654);
#5656=CARTESIAN_POINT('',(4.509E0,3.5E-2,9.85E-1));
#5657=DIRECTION('',(-1.E0,0.E0,0.E0));
#5658=DIRECTION('',(0.E0,1.E0,0.E0));
#5659=AXIS2_PLACEMENT_3D('',#5656,#5657,#5658);
#5660=CYLINDRICAL_SURFACE('',#5659,6.5E-2);
#5662=ORIENTED_EDGE('',*,*,#5661,.T.);
#5664=ORIENTED_EDGE('',*,*,#5663,.F.);
#5666=ORIENTED_EDGE('',*,*,#5665,.F.);
#5668=ORIENTED_EDGE('',*,*,#5667,.T.);
#5669=EDGE_LOOP('',(#5662,#5664,#5666,#5668));
#5670=FACE_OUTER_BOUND('',#5669,.F.);
#5671=ADVANCED_FACE('',(#5670),#5660,.F.);
#5672=CARTESIAN_POINT('',(1.25E0,0.E0,9.2E-1));
#5673=DIRECTION('',(0.E0,0.E0,-1.E0));
#5674=DIRECTION('',(-1.E0,0.E0,0.E0));
#5675=AXIS2_PLACEMENT_3D('',#5672,#5673,#5674);
#5676=PLANE('',#5675);
#5677=ORIENTED_EDGE('',*,*,#5661,.F.);
#5679=ORIENTED_EDGE('',*,*,#5678,.F.);
#5681=ORIENTED_EDGE('',*,*,#5680,.T.);
#5683=ORIENTED_EDGE('',*,*,#5682,.T.);
#5684=EDGE_LOOP('',(#5677,#5679,#5681,#5683));
#5685=FACE_OUTER_BOUND('',#5684,.F.);
#5686=ADVANCED_FACE('',(#5685),#5676,.F.);
#5687=CARTESIAN_POINT('',(1.25E0,0.E0,-1.5E0));
#5688=DIRECTION('',(-1.E0,0.E0,0.E0));
#5689=DIRECTION('',(0.E0,0.E0,1.E0));
#5690=AXIS2_PLACEMENT_3D('',#5687,#5688,#5689);
#5691=PLANE('',#5690);
#5692=ORIENTED_EDGE('',*,*,#5678,.T.);
#5693=ORIENTED_EDGE('',*,*,#5667,.F.);
#5695=ORIENTED_EDGE('',*,*,#5694,.F.);
#5697=ORIENTED_EDGE('',*,*,#5696,.F.);
#5699=ORIENTED_EDGE('',*,*,#5698,.F.);
#5701=ORIENTED_EDGE('',*,*,#5700,.F.);
#5703=ORIENTED_EDGE('',*,*,#5702,.T.);
#5705=ORIENTED_EDGE('',*,*,#5704,.T.);
#5707=ORIENTED_EDGE('',*,*,#5706,.F.);
#5709=ORIENTED_EDGE('',*,*,#5708,.F.);
#5710=EDGE_LOOP('',(#5692,#5693,#5695,#5697,#5699,#5701,#5703,#5705,#5707,
#5709));
#5711=FACE_OUTER_BOUND('',#5710,.F.);
#5712=ADVANCED_FACE('',(#5711),#5691,.F.);
#5713=FILL_AREA_STYLE_COLOUR('',#29);
#5714=FILL_AREA_STYLE('',(#5713));
#5715=SURFACE_STYLE_FILL_AREA(#5714);
#5716=SURFACE_SIDE_STYLE('',(#5715));
#5717=SURFACE_STYLE_USAGE(.POSITIVE.,#5716);
#5718=PRESENTATION_STYLE_ASSIGNMENT((#5717));
#5719=OVER_RIDING_STYLED_ITEM('',(#5718),#5712,#5337);
#5720=CARTESIAN_POINT('',(0.E0,1.E-1,2.E0));
#5721=DIRECTION('',(0.E0,1.E0,0.E0));
#5722=DIRECTION('',(1.E0,0.E0,0.E0));
#5723=AXIS2_PLACEMENT_3D('',#5720,#5721,#5722);
#5724=PLANE('',#5723);
#5726=ORIENTED_EDGE('',*,*,#5725,.T.);
#5727=ORIENTED_EDGE('',*,*,#5694,.T.);
#5728=ORIENTED_EDGE('',*,*,#5665,.T.);
#5730=ORIENTED_EDGE('',*,*,#5729,.T.);
#5731=EDGE_LOOP('',(#5726,#5727,#5728,#5730));
#5732=FACE_OUTER_BOUND('',#5731,.F.);
#5733=ADVANCED_FACE('',(#5732),#5724,.F.);
#5734=CARTESIAN_POINT('',(1.197314511898E0,3.5E-2,1.015E0));
#5735=DIRECTION('',(1.E0,0.E0,0.E0));
#5736=DIRECTION('',(0.E0,1.E0,0.E0));
#5737=AXIS2_PLACEMENT_3D('',#5734,#5735,#5736);
#5738=CYLINDRICAL_SURFACE('',#5737,6.5E-2);
#5739=ORIENTED_EDGE('',*,*,#5725,.F.);
#5741=ORIENTED_EDGE('',*,*,#5740,.T.);
#5743=ORIENTED_EDGE('',*,*,#5742,.T.);
#5744=ORIENTED_EDGE('',*,*,#5696,.T.);
#5745=EDGE_LOOP('',(#5739,#5741,#5743,#5744));
#5746=FACE_OUTER_BOUND('',#5745,.F.);
#5747=ADVANCED_FACE('',(#5746),#5738,.F.);
#5748=CARTESIAN_POINT('',(1.211136716841E0,3.290453394266E-2,
9.208130756124E-1));
#5749=CARTESIAN_POINT('',(1.211316540298E0,7.293610489708E-2,
9.195344522353E-1));
#5750=CARTESIAN_POINT('',(1.207372293598E0,1.012574209620E-1,
9.475797702334E-1));
#5751=CARTESIAN_POINT('',(1.201797185742E0,9.996621446569E-2,
9.872212238581E-1));
#5752=CARTESIAN_POINT('',(1.159437385280E0,3.290453394266E-2,
9.135421679349E-1));
#5753=CARTESIAN_POINT('',(1.158782424782E0,7.293610489708E-2,
9.121461419361E-1));
#5754=CARTESIAN_POINT('',(1.173148324676E0,1.012574209620E-1,
9.427665683820E-1));
#5755=CARTESIAN_POINT('',(1.193454215109E0,9.996621446569E-2,
9.860478823970E-1));
#5756=CARTESIAN_POINT('',(1.120033785532E0,3.290453394266E-2,
9.477918877765E-1));
#5757=CARTESIAN_POINT('',(1.118742579035E0,7.293610489708E-2,
9.469488885910E-1));
#5758=CARTESIAN_POINT('',(1.147063895101E0,1.012574209620E-1,
9.654392280088E-1));
#5759=CARTESIAN_POINT('',(1.187095466057E0,9.996621446569E-2,
9.915749249759E-1));
#5760=CARTESIAN_POINT('',(1.120033785534E0,3.290453394266E-2,1.000000000004E0));
#5761=CARTESIAN_POINT('',(1.118742579038E0,7.293610489708E-2,1.000000000004E0));
#5762=CARTESIAN_POINT('',(1.147063895103E0,1.012574209620E-1,1.000000000003E0));
#5763=CARTESIAN_POINT('',(1.187095466057E0,9.996621446569E-2,1.000000000001E0));
#5764=CARTESIAN_POINT('',(1.120033785537E0,3.290453394266E-2,1.052208112231E0));
#5765=CARTESIAN_POINT('',(1.118742579041E0,7.293610489708E-2,1.053051111417E0));
#5766=CARTESIAN_POINT('',(1.147063895105E0,1.012574209620E-1,1.034560771996E0));
#5767=CARTESIAN_POINT('',(1.187095466058E0,9.996621446569E-2,1.008425075025E0));
#5768=CARTESIAN_POINT('',(1.159437385288E0,3.290453394266E-2,1.086457832069E0));
#5769=CARTESIAN_POINT('',(1.158782424791E0,7.293610489708E-2,1.087853858068E0));
#5770=CARTESIAN_POINT('',(1.173148324682E0,1.012574209620E-1,1.057233431621E0));
#5771=CARTESIAN_POINT('',(1.193454215110E0,9.996621446569E-2,1.013952117604E0));
#5772=CARTESIAN_POINT('',(1.211136716849E0,3.290453394266E-2,1.079186924387E0));
#5773=CARTESIAN_POINT('',(1.211316540306E0,7.293610489708E-2,1.080465547764E0));
#5774=CARTESIAN_POINT('',(1.207372293603E0,1.012574209620E-1,1.052420229766E0));
#5775=CARTESIAN_POINT('',(1.201797185743E0,9.996621446569E-2,1.012778776142E0));
#5776=(BOUNDED_SURFACE()B_SPLINE_SURFACE(3,3,((#5748,#5749,#5750,#5751),(#5752,
#5753,#5754,#5755),(#5756,#5757,#5758,#5759),(#5760,#5761,#5762,#5763),(#5764,
#5765,#5766,#5767),(#5768,#5769,#5770,#5771),(#5772,#5773,#5774,#5775)),
.UNSPECIFIED.,.F.,.F.,.F.)B_SPLINE_SURFACE_WITH_KNOTS((4,3,4),(4,4),(0.E0,1.E0,
2.E0),(0.E0,1.E0),.UNSPECIFIED.)GEOMETRIC_REPRESENTATION_ITEM()RATIONAL_B_SPLINE_SURFACE(((1.434386219132E0,1.132154901202E0,1.132154901202E0,1.434386219132E0),(
1.105455593096E0,8.725313664418E-1,8.725313664418E-1,1.105455593096E0),(
1.105455593096E0,8.725313664418E-1,8.725313664418E-1,1.105455593096E0),(
1.434386219132E0,1.132154901202E0,1.132154901202E0,1.434386219132E0),(
1.105455593096E0,8.725313664418E-1,8.725313664418E-1,1.105455593096E0),(
1.105455593096E0,8.725313664418E-1,8.725313664418E-1,1.105455593096E0),(
1.434386219132E0,1.132154901202E0,1.132154901202E0,1.434386219132E0)))REPRESENTATION_ITEM('')SURFACE());
#5777=ORIENTED_EDGE('',*,*,#5729,.F.);
#5778=ORIENTED_EDGE('',*,*,#5663,.T.);
#5780=ORIENTED_EDGE('',*,*,#5779,.T.);
#5781=ORIENTED_EDGE('',*,*,#5740,.F.);
#5782=EDGE_LOOP('',(#5777,#5778,#5780,#5781));
#5783=FACE_OUTER_BOUND('',#5782,.F.);
#5784=ADVANCED_FACE('',(#5783),#5776,.F.);
#5785=CARTESIAN_POINT('',(1.2E0,0.E0,1.E0));
#5786=DIRECTION('',(0.E0,1.E0,0.E0));
#5787=DIRECTION('',(1.E0,0.E0,0.E0));
#5788=AXIS2_PLACEMENT_3D('',#5785,#5786,#5787);
#5789=CYLINDRICAL_SURFACE('',#5788,8.E-2);
#5790=ORIENTED_EDGE('',*,*,#5779,.F.);
#5791=ORIENTED_EDGE('',*,*,#5682,.F.);
#5793=ORIENTED_EDGE('',*,*,#5792,.T.);
#5795=ORIENTED_EDGE('',*,*,#5794,.T.);
#5796=EDGE_LOOP('',(#5790,#5791,#5793,#5795));
#5797=FACE_OUTER_BOUND('',#5796,.F.);
#5798=ADVANCED_FACE('',(#5797),#5789,.F.);
#5799=CARTESIAN_POINT('',(0.E0,0.E0,0.E0));
#5800=DIRECTION('',(0.E0,-1.E0,0.E0));
#5801=DIRECTION('',(-1.E0,0.E0,0.E0));
#5802=AXIS2_PLACEMENT_3D('',#5799,#5800,#5801);
#5803=PLANE('',#5802);
#5804=ORIENTED_EDGE('',*,*,#5680,.F.);
#5805=ORIENTED_EDGE('',*,*,#5708,.T.);
#5807=ORIENTED_EDGE('',*,*,#5806,.F.);
#5809=ORIENTED_EDGE('',*,*,#5808,.F.);
#5811=ORIENTED_EDGE('',*,*,#5810,.F.);
#5813=ORIENTED_EDGE('',*,*,#5812,.F.);
#5815=ORIENTED_EDGE('',*,*,#5814,.F.);
#5816=ORIENTED_EDGE('',*,*,#5700,.T.);
#5818=ORIENTED_EDGE('',*,*,#5817,.T.);
#5819=ORIENTED_EDGE('',*,*,#5792,.F.);
#5820=EDGE_LOOP('',(#5804,#5805,#5807,#5809,#5811,#5813,#5815,#5816,#5818,
#5819));
#5821=FACE_OUTER_BOUND('',#5820,.F.);
#5822=ADVANCED_FACE('',(#5821),#5803,.T.);
#5823=CARTESIAN_POINT('',(9.74E-1,0.E0,8.75E-1));
#5824=DIRECTION('',(0.E0,0.E0,1.E0));
#5825=DIRECTION('',(1.E0,0.E0,0.E0));
#5826=AXIS2_PLACEMENT_3D('',#5823,#5824,#5825);
#5827=PLANE('',#5826);
#5828=ORIENTED_EDGE('',*,*,#5706,.T.);
#5830=ORIENTED_EDGE('',*,*,#5829,.F.);
#5832=ORIENTED_EDGE('',*,*,#5831,.F.);
#5833=ORIENTED_EDGE('',*,*,#5806,.T.);
#5834=EDGE_LOOP('',(#5828,#5830,#5832,#5833));
#5835=FACE_OUTER_BOUND('',#5834,.F.);
#5836=ADVANCED_FACE('',(#5835),#5827,.F.);
#5837=CARTESIAN_POINT('',(0.E0,2.E-1,0.E0));
#5838=DIRECTION('',(0.E0,-1.E0,0.E0));
#5839=DIRECTION('',(-1.E0,0.E0,0.E0));
#5840=AXIS2_PLACEMENT_3D('',#5837,#5838,#5839);
#5841=PLANE('',#5840);
#5842=ORIENTED_EDGE('',*,*,#5704,.F.);
#5844=ORIENTED_EDGE('',*,*,#5843,.T.);
#5846=ORIENTED_EDGE('',*,*,#5845,.T.);
#5848=ORIENTED_EDGE('',*,*,#5847,.T.);
#5850=ORIENTED_EDGE('',*,*,#5849,.T.);
#5851=ORIENTED_EDGE('',*,*,#5829,.T.);
#5852=EDGE_LOOP('',(#5842,#5844,#5846,#5848,#5850,#5851));
#5853=FACE_OUTER_BOUND('',#5852,.F.);
#5854=ADVANCED_FACE('',(#5853),#5841,.F.);
#5855=CARTESIAN_POINT('',(1.35E0,0.E0,1.125E0));
#5856=DIRECTION('',(0.E0,0.E0,-1.E0));
#5857=DIRECTION('',(-1.E0,0.E0,0.E0));
#5858=AXIS2_PLACEMENT_3D('',#5855,#5856,#5857);
#5859=PLANE('',#5858);
#5860=ORIENTED_EDGE('',*,*,#5702,.F.);
#5861=ORIENTED_EDGE('',*,*,#5814,.T.);
#5863=ORIENTED_EDGE('',*,*,#5862,.T.);
#5864=ORIENTED_EDGE('',*,*,#5843,.F.);
#5865=EDGE_LOOP('',(#5860,#5861,#5863,#5864));
#5866=FACE_OUTER_BOUND('',#5865,.F.);
#5867=ADVANCED_FACE('',(#5866),#5859,.F.);
#5868=CARTESIAN_POINT('',(9.74E-1,0.E0,1.001E0));
#5869=DIRECTION('',(0.E0,-1.E0,0.E0));
#5870=DIRECTION('',(-1.E0,0.E0,0.E0));
#5871=AXIS2_PLACEMENT_3D('',#5868,#5869,#5870);
#5872=CYLINDRICAL_SURFACE('',#5871,1.24E-1);
#5873=ORIENTED_EDGE('',*,*,#5812,.T.);
#5875=ORIENTED_EDGE('',*,*,#5874,.T.);
#5876=ORIENTED_EDGE('',*,*,#5845,.F.);
#5877=ORIENTED_EDGE('',*,*,#5862,.F.);
#5878=EDGE_LOOP('',(#5873,#5875,#5876,#5877));
#5879=FACE_OUTER_BOUND('',#5878,.F.);
#5880=ADVANCED_FACE('',(#5879),#5872,.T.);
#5881=CARTESIAN_POINT('',(8.5E-1,0.E0,1.001E0));
#5882=DIRECTION('',(1.E0,0.E0,0.E0));
#5883=DIRECTION('',(0.E0,0.E0,-1.E0));
#5884=AXIS2_PLACEMENT_3D('',#5881,#5882,#5883);
#5885=PLANE('',#5884);
#5886=ORIENTED_EDGE('',*,*,#5810,.T.);
#5888=ORIENTED_EDGE('',*,*,#5887,.T.);
#5889=ORIENTED_EDGE('',*,*,#5847,.F.);
#5890=ORIENTED_EDGE('',*,*,#5874,.F.);
#5891=EDGE_LOOP('',(#5886,#5888,#5889,#5890));
#5892=FACE_OUTER_BOUND('',#5891,.F.);
#5893=ADVANCED_FACE('',(#5892),#5885,.F.);
#5894=CARTESIAN_POINT('',(9.74E-1,0.E0,9.99E-1));
#5895=DIRECTION('',(0.E0,-1.E0,0.E0));
#5896=DIRECTION('',(-1.E0,0.E0,0.E0));
#5897=AXIS2_PLACEMENT_3D('',#5894,#5895,#5896);
#5898=CYLINDRICAL_SURFACE('',#5897,1.24E-1);
#5899=ORIENTED_EDGE('',*,*,#5808,.T.);
#5900=ORIENTED_EDGE('',*,*,#5831,.T.);
#5901=ORIENTED_EDGE('',*,*,#5849,.F.);
#5902=ORIENTED_EDGE('',*,*,#5887,.F.);
#5903=EDGE_LOOP('',(#5899,#5900,#5901,#5902));
#5904=FACE_OUTER_BOUND('',#5903,.F.);
#5905=ADVANCED_FACE('',(#5904),#5898,.T.);
#5906=CARTESIAN_POINT('',(1.2E0,0.E0,1.08E0));
#5907=DIRECTION('',(0.E0,0.E0,1.E0));
#5908=DIRECTION('',(1.E0,0.E0,0.E0));
#5909=AXIS2_PLACEMENT_3D('',#5906,#5907,#5908);
#5910=PLANE('',#5909);
#5911=ORIENTED_EDGE('',*,*,#5742,.F.);
#5912=ORIENTED_EDGE('',*,*,#5794,.F.);
#5913=ORIENTED_EDGE('',*,*,#5817,.F.);
#5914=ORIENTED_EDGE('',*,*,#5698,.T.);
#5915=EDGE_LOOP('',(#5911,#5912,#5913,#5914));
#5916=FACE_OUTER_BOUND('',#5915,.F.);
#5917=ADVANCED_FACE('',(#5916),#5910,.F.);
#5918=CLOSED_SHELL('',(#5671,#5686,#5712,#5733,#5747,#5784,#5798,#5822,#5836,
#5854,#5867,#5880,#5893,#5905,#5917));
#5919=MANIFOLD_SOLID_BREP('',#5918);
#5920=FILL_AREA_STYLE_COLOUR('',#28);
#5921=FILL_AREA_STYLE('',(#5920));
#5922=SURFACE_STYLE_FILL_AREA(#5921);
#5923=SURFACE_SIDE_STYLE('',(#5922));
#5924=SURFACE_STYLE_USAGE(.POSITIVE.,#5923);
#5925=PRESENTATION_STYLE_ASSIGNMENT((#5924));
#5337=STYLED_ITEM('',(#5925),#5919);
#5927=DIRECTION('',(1.E0,0.E0,0.E0));
#5928=VECTOR('',#5927,3.E-2);
#5929=CARTESIAN_POINT('',(-2.65E-1,1.E-1,-1.5E0));
#5930=LINE('',#5929,#5928);
#5931=CURVE_STYLE('',#36,POSITIVE_LENGTH_MEASURE(2.E-2),#28);
#5932=PRESENTATION_STYLE_ASSIGNMENT((#5931));
#5933=STYLED_ITEM('',(#5932),#5930);
#5934=DIRECTION('',(0.E0,1.E0,0.E0));
#5935=VECTOR('',#5934,3.5E-2);
#5936=CARTESIAN_POINT('',(-1.7E-1,0.E0,-1.5E0));
#5937=LINE('',#5936,#5935);
#5938=CURVE_STYLE('',#36,POSITIVE_LENGTH_MEASURE(2.E-2),#28);
#5939=PRESENTATION_STYLE_ASSIGNMENT((#5938));
#5940=STYLED_ITEM('',(#5939),#5937);
#5941=DIRECTION('',(0.E0,1.E0,0.E0));
#5942=VECTOR('',#5941,3.5E-2);
#5943=CARTESIAN_POINT('',(-3.3E-1,0.E0,-1.5E0));
#5944=LINE('',#5943,#5942);
#5945=CURVE_STYLE('',#36,POSITIVE_LENGTH_MEASURE(2.E-2),#28);
#5946=PRESENTATION_STYLE_ASSIGNMENT((#5945));
#5947=STYLED_ITEM('',(#5946),#5944);
#5948=DIRECTION('',(0.E0,0.E0,-1.E0));
#5949=VECTOR('',#5948,5.E-2);
#5950=CARTESIAN_POINT('',(-2.35E-1,1.E-1,-1.45E0));
#5951=LINE('',#5950,#5949);
#5952=CURVE_STYLE('',#36,POSITIVE_LENGTH_MEASURE(2.E-2),#28);
#5953=PRESENTATION_STYLE_ASSIGNMENT((#5952));
#5954=STYLED_ITEM('',(#5953),#5951);
#5955=DIRECTION('',(0.E0,0.E0,1.E0));
#5956=VECTOR('',#5955,5.E-2);
#5957=CARTESIAN_POINT('',(-2.65E-1,1.E-1,-1.5E0));
#5958=LINE('',#5957,#5956);
#5959=CURVE_STYLE('',#36,POSITIVE_LENGTH_MEASURE(2.E-2),#28);
#5960=PRESENTATION_STYLE_ASSIGNMENT((#5959));
#5961=STYLED_ITEM('',(#5960),#5958);
#5962=CARTESIAN_POINT('',(-2.5E-1,1.E-1,-1.45E0));
#5963=DIRECTION('',(0.E0,1.E0,0.E0));
#5964=DIRECTION('',(-1.E0,0.E0,0.E0));
#5965=AXIS2_PLACEMENT_3D('',#5962,#5963,#5964);
#5967=CURVE_STYLE('',#36,POSITIVE_LENGTH_MEASURE(2.E-2),#28);
#5968=PRESENTATION_STYLE_ASSIGNMENT((#5967));
#5969=STYLED_ITEM('',(#5968),#5966);
#5970=CARTESIAN_POINT('',(-2.35E-1,3.5E-2,-1.45E0));
#5971=DIRECTION('',(0.E0,0.E0,-1.E0));
#5972=DIRECTION('',(0.E0,1.E0,0.E0));
#5973=AXIS2_PLACEMENT_3D('',#5970,#5971,#5972);
#5975=CURVE_STYLE('',#36,POSITIVE_LENGTH_MEASURE(2.E-2),#28);
#5976=PRESENTATION_STYLE_ASSIGNMENT((#5975));
#5977=STYLED_ITEM('',(#5976),#5974);
#5978=CARTESIAN_POINT('',(-2.35E-1,3.5E-2,-1.5E0));
#5979=DIRECTION('',(0.E0,0.E0,1.E0));
#5980=DIRECTION('',(1.E0,0.E0,0.E0));
#5981=AXIS2_PLACEMENT_3D('',#5978,#5979,#5980);
#5983=CURVE_STYLE('',#36,POSITIVE_LENGTH_MEASURE(2.E-2),#28);
#5984=PRESENTATION_STYLE_ASSIGNMENT((#5983));
#5985=STYLED_ITEM('',(#5984),#5982);
#5986=CARTESIAN_POINT('',(-2.65E-1,3.5E-2,-1.45E0));
#5987=DIRECTION('',(0.E0,0.E0,1.E0));
#5988=DIRECTION('',(0.E0,1.E0,0.E0));
#5989=AXIS2_PLACEMENT_3D('',#5986,#5987,#5988);
#5991=CURVE_STYLE('',#36,POSITIVE_LENGTH_MEASURE(2.E-2),#28);
#5992=PRESENTATION_STYLE_ASSIGNMENT((#5991));
#5993=STYLED_ITEM('',(#5992),#5990);
#5994=CARTESIAN_POINT('',(-2.65E-1,3.5E-2,-1.5E0));
#5995=DIRECTION('',(0.E0,0.E0,1.E0));
#5996=DIRECTION('',(-1.110223024625E-14,1.E0,0.E0));
#5997=AXIS2_PLACEMENT_3D('',#5994,#5995,#5996);
#5999=CURVE_STYLE('',#36,POSITIVE_LENGTH_MEASURE(2.E-2),#28);
#6000=PRESENTATION_STYLE_ASSIGNMENT((#5999));
#6001=STYLED_ITEM('',(#6000),#5998);
#6002=DIRECTION('',(0.E0,0.E0,1.E0));
#6003=VECTOR('',#6002,4.999999999726E-2);
#6004=CARTESIAN_POINT('',(-3.3E-1,3.5E-2,-1.5E0));
#6005=LINE('',#6004,#6003);
#6006=CURVE_STYLE('',#36,POSITIVE_LENGTH_MEASURE(2.E-2),#28);
#6007=PRESENTATION_STYLE_ASSIGNMENT((#6006));
#6008=STYLED_ITEM('',(#6007),#6005);
#6009=DIRECTION('',(0.E0,0.E0,1.E0));
#6010=VECTOR('',#6009,5.E-2);
#6011=CARTESIAN_POINT('',(-3.3E-1,0.E0,-1.5E0));
#6012=LINE('',#6011,#6010);
#6013=CURVE_STYLE('',#36,POSITIVE_LENGTH_MEASURE(2.E-2),#28);
#6014=PRESENTATION_STYLE_ASSIGNMENT((#6013));
#6015=STYLED_ITEM('',(#6014),#6012);
#6016=DIRECTION('',(1.E0,0.E0,0.E0));
#6017=VECTOR('',#6016,4.5E-2);
#6018=CARTESIAN_POINT('',(-3.75E-1,0.E0,-1.5E0));
#6019=LINE('',#6018,#6017);
#6020=CURVE_STYLE('',#36,POSITIVE_LENGTH_MEASURE(2.E-2),#28);
#6021=PRESENTATION_STYLE_ASSIGNMENT((#6020));
#6022=STYLED_ITEM('',(#6021),#6019);
#6023=DIRECTION('',(0.E0,0.E0,1.E0));
#6024=VECTOR('',#6023,2.76E-1);
#6025=CARTESIAN_POINT('',(-3.75E-1,0.E0,-1.5E0));
#6026=LINE('',#6025,#6024);
#6027=CURVE_STYLE('',#36,POSITIVE_LENGTH_MEASURE(2.E-2),#28);
#6028=PRESENTATION_STYLE_ASSIGNMENT((#6027));
#6029=STYLED_ITEM('',(#6028),#6026);
#6030=CARTESIAN_POINT('',(-2.51E-1,0.E0,-1.224E0));
#6031=DIRECTION('',(0.E0,1.E0,0.E0));
#6032=DIRECTION('',(-1.E0,0.E0,0.E0));
#6033=AXIS2_PLACEMENT_3D('',#6030,#6031,#6032);
#6035=CURVE_STYLE('',#36,POSITIVE_LENGTH_MEASURE(2.E-2),#28);
#6036=PRESENTATION_STYLE_ASSIGNMENT((#6035));
#6037=STYLED_ITEM('',(#6036),#6034);
#6038=DIRECTION('',(1.E0,0.E0,0.E0));
#6039=VECTOR('',#6038,2.E-3);
#6040=CARTESIAN_POINT('',(-2.51E-1,0.E0,-1.1E0));
#6041=LINE('',#6040,#6039);
#6042=CURVE_STYLE('',#36,POSITIVE_LENGTH_MEASURE(2.E-2),#28);
#6043=PRESENTATION_STYLE_ASSIGNMENT((#6042));
#6044=STYLED_ITEM('',(#6043),#6041);
#6045=CARTESIAN_POINT('',(-2.49E-1,0.E0,-1.224E0));
#6046=DIRECTION('',(0.E0,1.E0,0.E0));
#6047=DIRECTION('',(0.E0,0.E0,1.E0));
#6048=AXIS2_PLACEMENT_3D('',#6045,#6046,#6047);
#6050=CURVE_STYLE('',#36,POSITIVE_LENGTH_MEASURE(2.E-2),#28);
#6051=PRESENTATION_STYLE_ASSIGNMENT((#6050));
#6052=STYLED_ITEM('',(#6051),#6049);
#6053=DIRECTION('',(0.E0,0.E0,-1.E0));
#6054=VECTOR('',#6053,2.76E-1);
#6055=CARTESIAN_POINT('',(-1.25E-1,0.E0,-1.224E0));
#6056=LINE('',#6055,#6054);
#6057=CURVE_STYLE('',#36,POSITIVE_LENGTH_MEASURE(2.E-2),#28);
#6058=PRESENTATION_STYLE_ASSIGNMENT((#6057));
#6059=STYLED_ITEM('',(#6058),#6056);
#6060=DIRECTION('',(1.E0,0.E0,0.E0));
#6061=VECTOR('',#6060,4.5E-2);
#6062=CARTESIAN_POINT('',(-1.7E-1,0.E0,-1.5E0));
#6063=LINE('',#6062,#6061);
#6064=CURVE_STYLE('',#36,POSITIVE_LENGTH_MEASURE(2.E-2),#28);
#6065=PRESENTATION_STYLE_ASSIGNMENT((#6064));
#6066=STYLED_ITEM('',(#6065),#6063);
#6067=DIRECTION('',(0.E0,0.E0,1.E0));
#6068=VECTOR('',#6067,5.E-2);
#6069=CARTESIAN_POINT('',(-1.7E-1,0.E0,-1.5E0));
#6070=LINE('',#6069,#6068);
#6071=CURVE_STYLE('',#36,POSITIVE_LENGTH_MEASURE(2.E-2),#28);
#6072=PRESENTATION_STYLE_ASSIGNMENT((#6071));
#6073=STYLED_ITEM('',(#6072),#6070);
#6074=CARTESIAN_POINT('',(-2.5E-1,0.E0,-1.45E0));
#6075=DIRECTION('',(0.E0,1.E0,0.E0));
#6076=DIRECTION('',(-1.E0,0.E0,0.E0));
#6077=AXIS2_PLACEMENT_3D('',#6074,#6075,#6076);
#6079=CURVE_STYLE('',#36,POSITIVE_LENGTH_MEASURE(2.E-2),#28);
#6080=PRESENTATION_STYLE_ASSIGNMENT((#6079));
#6081=STYLED_ITEM('',(#6080),#6078);
#6082=DIRECTION('',(0.E0,1.E0,0.E0));
#6083=VECTOR('',#6082,2.E-1);
#6084=CARTESIAN_POINT('',(-3.75E-1,0.E0,-1.5E0));
#6085=LINE('',#6084,#6083);
#6086=CURVE_STYLE('',#36,POSITIVE_LENGTH_MEASURE(2.E-2),#28);
#6087=PRESENTATION_STYLE_ASSIGNMENT((#6086));
#6088=STYLED_ITEM('',(#6087),#6085);
#6089=DIRECTION('',(1.E0,0.E0,0.E0));
#6090=VECTOR('',#6089,2.5E-1);
#6091=CARTESIAN_POINT('',(-3.75E-1,2.E-1,-1.5E0));
#6092=LINE('',#6091,#6090);
#6093=CURVE_STYLE('',#36,POSITIVE_LENGTH_MEASURE(2.E-2),#28);
#6094=PRESENTATION_STYLE_ASSIGNMENT((#6093));
#6095=STYLED_ITEM('',(#6094),#6092);
#6096=DIRECTION('',(0.E0,0.E0,-1.E0));
#6097=VECTOR('',#6096,2.76E-1);
#6098=CARTESIAN_POINT('',(-1.25E-1,2.E-1,-1.224E0));
#6099=LINE('',#6098,#6097);
#6100=CURVE_STYLE('',#36,POSITIVE_LENGTH_MEASURE(2.E-2),#28);
#6101=PRESENTATION_STYLE_ASSIGNMENT((#6100));
#6102=STYLED_ITEM('',(#6101),#6099);
#6103=CARTESIAN_POINT('',(-2.49E-1,2.E-1,-1.224E0));
#6104=DIRECTION('',(0.E0,1.E0,0.E0));
#6105=DIRECTION('',(0.E0,0.E0,1.E0));
#6106=AXIS2_PLACEMENT_3D('',#6103,#6104,#6105);
#6108=CURVE_STYLE('',#36,POSITIVE_LENGTH_MEASURE(2.E-2),#28);
#6109=PRESENTATION_STYLE_ASSIGNMENT((#6108));
#6110=STYLED_ITEM('',(#6109),#6107);
#6111=DIRECTION('',(1.E0,0.E0,0.E0));
#6112=VECTOR('',#6111,2.E-3);
#6113=CARTESIAN_POINT('',(-2.51E-1,2.E-1,-1.1E0));
#6114=LINE('',#6113,#6112);
#6115=CURVE_STYLE('',#36,POSITIVE_LENGTH_MEASURE(2.E-2),#28);
#6116=PRESENTATION_STYLE_ASSIGNMENT((#6115));
#6117=STYLED_ITEM('',(#6116),#6114);
#6118=CARTESIAN_POINT('',(-2.51E-1,2.E-1,-1.224E0));
#6119=DIRECTION('',(0.E0,1.E0,0.E0));
#6120=DIRECTION('',(-1.E0,0.E0,0.E0));
#6121=AXIS2_PLACEMENT_3D('',#6118,#6119,#6120);
#6123=CURVE_STYLE('',#36,POSITIVE_LENGTH_MEASURE(2.E-2),#28);
#6124=PRESENTATION_STYLE_ASSIGNMENT((#6123));
#6125=STYLED_ITEM('',(#6124),#6122);
#6126=DIRECTION('',(0.E0,0.E0,1.E0));
#6127=VECTOR('',#6126,2.76E-1);
#6128=CARTESIAN_POINT('',(-3.75E-1,2.E-1,-1.5E0));
#6129=LINE('',#6128,#6127);
#6130=CURVE_STYLE('',#36,POSITIVE_LENGTH_MEASURE(2.E-2),#28);
#6131=PRESENTATION_STYLE_ASSIGNMENT((#6130));
#6132=STYLED_ITEM('',(#6131),#6129);
#6133=DIRECTION('',(0.E0,1.E0,0.E0));
#6134=VECTOR('',#6133,2.E-1);
#6135=CARTESIAN_POINT('',(-1.25E-1,0.E0,-1.5E0));
#6136=LINE('',#6135,#6134);
#6137=CURVE_STYLE('',#36,POSITIVE_LENGTH_MEASURE(2.E-2),#28);
#6138=PRESENTATION_STYLE_ASSIGNMENT((#6137));
#6139=STYLED_ITEM('',(#6138),#6136);
#6140=DIRECTION('',(0.E0,1.E0,0.E0));
#6141=VECTOR('',#6140,2.E-1);
#6142=CARTESIAN_POINT('',(-1.25E-1,0.E0,-1.224E0));
#6143=LINE('',#6142,#6141);
#6144=CURVE_STYLE('',#36,POSITIVE_LENGTH_MEASURE(2.E-2),#28);
#6145=PRESENTATION_STYLE_ASSIGNMENT((#6144));
#6146=STYLED_ITEM('',(#6145),#6143);
#6147=DIRECTION('',(0.E0,1.E0,0.E0));
#6148=VECTOR('',#6147,2.E-1);
#6149=CARTESIAN_POINT('',(-2.49E-1,0.E0,-1.1E0));
#6150=LINE('',#6149,#6148);
#6151=CURVE_STYLE('',#36,POSITIVE_LENGTH_MEASURE(2.E-2),#28);
#6152=PRESENTATION_STYLE_ASSIGNMENT((#6151));
#6153=STYLED_ITEM('',(#6152),#6150);
#6154=DIRECTION('',(0.E0,1.E0,0.E0));
#6155=VECTOR('',#6154,2.E-1);
#6156=CARTESIAN_POINT('',(-2.51E-1,0.E0,-1.1E0));
#6157=LINE('',#6156,#6155);
#6158=CURVE_STYLE('',#36,POSITIVE_LENGTH_MEASURE(2.E-2),#28);
#6159=PRESENTATION_STYLE_ASSIGNMENT((#6158));
#6160=STYLED_ITEM('',(#6159),#6157);
#6161=DIRECTION('',(0.E0,1.E0,0.E0));
#6162=VECTOR('',#6161,2.E-1);
#6163=CARTESIAN_POINT('',(-3.75E-1,0.E0,-1.224E0));
#6164=LINE('',#6163,#6162);
#6165=CURVE_STYLE('',#36,POSITIVE_LENGTH_MEASURE(2.E-2),#28);
#6166=PRESENTATION_STYLE_ASSIGNMENT((#6165));
#6167=STYLED_ITEM('',(#6166),#6164);
#6168=DIRECTION('',(0.E0,0.E0,-1.E0));
#6169=VECTOR('',#6168,4.999999999071E-2);
#6170=CARTESIAN_POINT('',(-1.7E-1,3.5E-2,-1.450000000009E0));
#6171=LINE('',#6170,#6169);
#6172=CURVE_STYLE('',#36,POSITIVE_LENGTH_MEASURE(2.E-2),#28);
#6173=PRESENTATION_STYLE_ASSIGNMENT((#6172));
#6174=STYLED_ITEM('',(#6173),#6171);
#6175=DIRECTION('',(0.E0,1.E0,-2.653559911486E-10));
#6176=VECTOR('',#6175,3.5E-2);
#6177=CARTESIAN_POINT('',(-1.7E-1,0.E0,-1.45E0));
#6178=LINE('',#6177,#6176);
#6179=CURVE_STYLE('',#36,POSITIVE_LENGTH_MEASURE(2.E-2),#28);
#6180=PRESENTATION_STYLE_ASSIGNMENT((#6179));
#6181=STYLED_ITEM('',(#6180),#6178);
#6182=CARTESIAN_POINT('',(-2.5E-1,3.5E-2,-1.45E0));
#6183=DIRECTION('',(0.E0,1.E0,0.E0));
#6184=DIRECTION('',(-1.E0,0.E0,0.E0));
#6185=AXIS2_PLACEMENT_3D('',#6182,#6183,#6184);
#6187=CURVE_STYLE('',#36,POSITIVE_LENGTH_MEASURE(2.E-2),#28);
#6188=PRESENTATION_STYLE_ASSIGNMENT((#6187));
#6189=STYLED_ITEM('',(#6188),#6186);
#6190=DIRECTION('',(0.E0,1.E0,-7.820410985460E-11));
#6191=VECTOR('',#6190,3.5E-2);
#6192=CARTESIAN_POINT('',(-3.3E-1,0.E0,-1.45E0));
#6193=LINE('',#6192,#6191);
#6194=CURVE_STYLE('',#36,POSITIVE_LENGTH_MEASURE(2.E-2),#28);
#6195=PRESENTATION_STYLE_ASSIGNMENT((#6194));
#6196=STYLED_ITEM('',(#6195),#6193);
#6197=CARTESIAN_POINT('',(-3.75E-1,0.E0,-1.224E0));
#6198=CARTESIAN_POINT('',(-2.51E-1,0.E0,-1.1E0));
#6199=VERTEX_POINT('',#6197);
#6200=VERTEX_POINT('',#6198);
#6201=CARTESIAN_POINT('',(-2.49E-1,0.E0,-1.1E0));
#6202=VERTEX_POINT('',#6201);
#6203=CARTESIAN_POINT('',(-1.25E-1,0.E0,-1.224E0));
#6204=VERTEX_POINT('',#6203);
#6205=CARTESIAN_POINT('',(-3.75E-1,2.E-1,-1.224E0));
#6206=CARTESIAN_POINT('',(-2.51E-1,2.E-1,-1.1E0));
#6207=VERTEX_POINT('',#6205);
#6208=VERTEX_POINT('',#6206);
#6209=CARTESIAN_POINT('',(-2.49E-1,2.E-1,-1.1E0));
#6210=VERTEX_POINT('',#6209);
#6211=CARTESIAN_POINT('',(-1.25E-1,2.E-1,-1.224E0));
#6212=VERTEX_POINT('',#6211);
#6213=CARTESIAN_POINT('',(-3.75E-1,0.E0,-1.5E0));
#6214=CARTESIAN_POINT('',(-3.75E-1,2.E-1,-1.5E0));
#6215=VERTEX_POINT('',#6213);
#6216=VERTEX_POINT('',#6214);
#6217=CARTESIAN_POINT('',(-1.25E-1,0.E0,-1.5E0));
#6218=CARTESIAN_POINT('',(-1.25E-1,2.E-1,-1.5E0));
#6219=VERTEX_POINT('',#6217);
#6220=VERTEX_POINT('',#6218);
#6221=CARTESIAN_POINT('',(-3.3E-1,0.E0,-1.5E0));
#6222=CARTESIAN_POINT('',(-3.3E-1,0.E0,-1.45E0));
#6223=VERTEX_POINT('',#6221);
#6224=VERTEX_POINT('',#6222);
#6225=CARTESIAN_POINT('',(-1.7E-1,0.E0,-1.45E0));
#6226=VERTEX_POINT('',#6225);
#6227=CARTESIAN_POINT('',(-1.7E-1,0.E0,-1.5E0));
#6228=VERTEX_POINT('',#6227);
#6229=CARTESIAN_POINT('',(-2.35E-1,1.E-1,-1.45E0));
#6230=CARTESIAN_POINT('',(-2.35E-1,1.E-1,-1.5E0));
#6231=VERTEX_POINT('',#6229);
#6232=VERTEX_POINT('',#6230);
#6233=CARTESIAN_POINT('',(-1.7E-1,3.5E-2,-1.450000000009E0));
#6234=CARTESIAN_POINT('',(-1.7E-1,3.5E-2,-1.5E0));
#6235=VERTEX_POINT('',#6233);
#6236=VERTEX_POINT('',#6234);
#6237=CARTESIAN_POINT('',(-2.65E-1,1.E-1,-1.45E0));
#6238=VERTEX_POINT('',#6237);
#6239=CARTESIAN_POINT('',(-3.3E-1,3.5E-2,-1.45E0));
#6240=VERTEX_POINT('',#6239);
#6241=CARTESIAN_POINT('',(-3.3E-1,3.5E-2,-1.5E0));
#6242=VERTEX_POINT('',#6241);
#6243=CARTESIAN_POINT('',(-2.65E-1,1.E-1,-1.5E0));
#6244=VERTEX_POINT('',#6243);
#6245=CARTESIAN_POINT('',(-1.25E0,0.E0,-1.5E0));
#6246=DIRECTION('',(0.E0,0.E0,1.E0));
#6247=DIRECTION('',(1.E0,0.E0,0.E0));
#6248=AXIS2_PLACEMENT_3D('',#6245,#6246,#6247);
#6249=PLANE('',#6248);
#6251=ORIENTED_EDGE('',*,*,#6250,.T.);
#6253=ORIENTED_EDGE('',*,*,#6252,.F.);
#6255=ORIENTED_EDGE('',*,*,#6254,.F.);
#6257=ORIENTED_EDGE('',*,*,#6256,.T.);
#6259=ORIENTED_EDGE('',*,*,#6258,.T.);
#6261=ORIENTED_EDGE('',*,*,#6260,.F.);
#6263=ORIENTED_EDGE('',*,*,#6262,.F.);
#6265=ORIENTED_EDGE('',*,*,#6264,.T.);
#6267=ORIENTED_EDGE('',*,*,#6266,.T.);
#6269=ORIENTED_EDGE('',*,*,#6268,.F.);
#6270=EDGE_LOOP('',(#6251,#6253,#6255,#6257,#6259,#6261,#6263,#6265,#6267,
#6269));
#6271=FACE_OUTER_BOUND('',#6270,.F.);
#6272=ADVANCED_FACE('',(#6271),#6249,.F.);
#6273=FILL_AREA_STYLE_COLOUR('',#29);
#6274=FILL_AREA_STYLE('',(#6273));
#6275=SURFACE_STYLE_FILL_AREA(#6274);
#6276=SURFACE_SIDE_STYLE('',(#6275));
#6277=SURFACE_STYLE_USAGE(.POSITIVE.,#6276);
#6278=PRESENTATION_STYLE_ASSIGNMENT((#6277));
#6279=OVER_RIDING_STYLED_ITEM('',(#6278),#6272,#5926);
#6280=CARTESIAN_POINT('',(0.E0,1.E-1,0.E0));
#6281=DIRECTION('',(0.E0,1.E0,0.E0));
#6282=DIRECTION('',(1.E0,0.E0,0.E0));
#6283=AXIS2_PLACEMENT_3D('',#6280,#6281,#6282);
#6284=PLANE('',#6283);
#6286=ORIENTED_EDGE('',*,*,#6285,.T.);
#6287=ORIENTED_EDGE('',*,*,#6250,.F.);
#6289=ORIENTED_EDGE('',*,*,#6288,.T.);
#6291=ORIENTED_EDGE('',*,*,#6290,.T.);
#6292=EDGE_LOOP('',(#6286,#6287,#6289,#6291));
#6293=FACE_OUTER_BOUND('',#6292,.F.);
#6294=ADVANCED_FACE('',(#6293),#6284,.F.);
#6295=CARTESIAN_POINT('',(-2.35E-1,3.5E-2,-1.447314511898E0));
#6296=DIRECTION('',(0.E0,0.E0,-1.E0));
#6297=DIRECTION('',(0.E0,1.E0,0.E0));
#6298=AXIS2_PLACEMENT_3D('',#6295,#6296,#6297);
#6299=CYLINDRICAL_SURFACE('',#6298,6.5E-2);
#6300=ORIENTED_EDGE('',*,*,#6285,.F.);
#6302=ORIENTED_EDGE('',*,*,#6301,.T.);
#6304=ORIENTED_EDGE('',*,*,#6303,.T.);
#6305=ORIENTED_EDGE('',*,*,#6252,.T.);
#6306=EDGE_LOOP('',(#6300,#6302,#6304,#6305));
#6307=FACE_OUTER_BOUND('',#6306,.F.);
#6308=ADVANCED_FACE('',(#6307),#6299,.F.);
#6309=CARTESIAN_POINT('',(-3.291869243876E-1,3.290453394266E-2,
-1.461136716841E0));
#6310=CARTESIAN_POINT('',(-3.304655477647E-1,7.293610489708E-2,
-1.461316540298E0));
#6311=CARTESIAN_POINT('',(-3.024202297666E-1,1.012574209620E-1,
-1.457372293598E0));
#6312=CARTESIAN_POINT('',(-2.627787761419E-1,9.996621446569E-2,
-1.451797185742E0));
#6313=CARTESIAN_POINT('',(-3.364578320651E-1,3.290453394266E-2,
-1.409437385280E0));
#6314=CARTESIAN_POINT('',(-3.378538580639E-1,7.293610489708E-2,
-1.408782424782E0));
#6315=CARTESIAN_POINT('',(-3.072334316180E-1,1.012574209620E-1,
-1.423148324676E0));
#6316=CARTESIAN_POINT('',(-2.639521176030E-1,9.996621446569E-2,
-1.443454215109E0));
#6317=CARTESIAN_POINT('',(-3.022081122236E-1,3.290453394266E-2,
-1.370033785532E0));
#6318=CARTESIAN_POINT('',(-3.030511114090E-1,7.293610489708E-2,
-1.368742579035E0));
#6319=CARTESIAN_POINT('',(-2.845607719912E-1,1.012574209620E-1,
-1.397063895101E0));
#6320=CARTESIAN_POINT('',(-2.584250750242E-1,9.996621446569E-2,
-1.437095466057E0));
#6321=CARTESIAN_POINT('',(-2.499999999962E-1,3.290453394266E-2,
-1.370033785534E0));
#6322=CARTESIAN_POINT('',(-2.499999999961E-1,7.293610489708E-2,
-1.368742579038E0));
#6323=CARTESIAN_POINT('',(-2.499999999975E-1,1.012574209620E-1,
-1.397063895103E0));
#6324=CARTESIAN_POINT('',(-2.499999999994E-1,9.996621446569E-2,
-1.437095466057E0));
#6325=CARTESIAN_POINT('',(-1.977918877688E-1,3.290453394266E-2,
-1.370033785537E0));
#6326=CARTESIAN_POINT('',(-1.969488885832E-1,7.293610489708E-2,
-1.368742579041E0));
#6327=CARTESIAN_POINT('',(-2.154392280038E-1,1.012574209620E-1,
-1.397063895105E0));
#6328=CARTESIAN_POINT('',(-2.415749249746E-1,9.996621446569E-2,
-1.437095466058E0));
#6329=CARTESIAN_POINT('',(-1.635421679310E-1,3.290453394266E-2,
-1.409437385288E0));
#6330=CARTESIAN_POINT('',(-1.621461419322E-1,7.293610489708E-2,
-1.408782424791E0));
#6331=CARTESIAN_POINT('',(-1.927665683794E-1,1.012574209620E-1,
-1.423148324682E0));
#6332=CARTESIAN_POINT('',(-2.360478823964E-1,9.996621446569E-2,
-1.443454215110E0));
#6333=CARTESIAN_POINT('',(-1.708130756135E-1,3.290453394266E-2,
-1.461136716849E0));
#6334=CARTESIAN_POINT('',(-1.695344522364E-1,7.293610489708E-2,
-1.461316540306E0));
#6335=CARTESIAN_POINT('',(-1.975797702341E-1,1.012574209620E-1,
-1.457372293603E0));
#6336=CARTESIAN_POINT('',(-2.372212238582E-1,9.996621446569E-2,
-1.451797185743E0));
#6337=(BOUNDED_SURFACE()B_SPLINE_SURFACE(3,3,((#6309,#6310,#6311,#6312),(#6313,
#6314,#6315,#6316),(#6317,#6318,#6319,#6320),(#6321,#6322,#6323,#6324),(#6325,
#6326,#6327,#6328),(#6329,#6330,#6331,#6332),(#6333,#6334,#6335,#6336)),
.UNSPECIFIED.,.F.,.F.,.F.)B_SPLINE_SURFACE_WITH_KNOTS((4,3,4),(4,4),(0.E0,1.E0,
2.E0),(0.E0,1.E0),.UNSPECIFIED.)GEOMETRIC_REPRESENTATION_ITEM()RATIONAL_B_SPLINE_SURFACE(((1.434386219132E0,1.132154901202E0,1.132154901202E0,1.434386219132E0),(
1.105455593096E0,8.725313664418E-1,8.725313664418E-1,1.105455593096E0),(
1.105455593096E0,8.725313664418E-1,8.725313664418E-1,1.105455593096E0),(
1.434386219132E0,1.132154901202E0,1.132154901202E0,1.434386219132E0),(
1.105455593096E0,8.725313664418E-1,8.725313664418E-1,1.105455593096E0),(
1.105455593096E0,8.725313664418E-1,8.725313664418E-1,1.105455593096E0),(
1.434386219132E0,1.132154901202E0,1.132154901202E0,1.434386219132E0)))REPRESENTATION_ITEM('')SURFACE());
#6338=ORIENTED_EDGE('',*,*,#6290,.F.);
#6340=ORIENTED_EDGE('',*,*,#6339,.T.);
#6342=ORIENTED_EDGE('',*,*,#6341,.T.);
#6343=ORIENTED_EDGE('',*,*,#6301,.F.);
#6344=EDGE_LOOP('',(#6338,#6340,#6342,#6343));
#6345=FACE_OUTER_BOUND('',#6344,.F.);
#6346=ADVANCED_FACE('',(#6345),#6337,.F.);
#6347=CARTESIAN_POINT('',(-2.65E-1,3.5E-2,-5.4108E0));
#6348=DIRECTION('',(0.E0,0.E0,1.E0));
#6349=DIRECTION('',(0.E0,1.E0,0.E0));
#6350=AXIS2_PLACEMENT_3D('',#6347,#6348,#6349);
#6351=CYLINDRICAL_SURFACE('',#6350,6.5E-2);
#6353=ORIENTED_EDGE('',*,*,#6352,.T.);
#6354=ORIENTED_EDGE('',*,*,#6339,.F.);
#6355=ORIENTED_EDGE('',*,*,#6288,.F.);
#6356=ORIENTED_EDGE('',*,*,#6268,.T.);
#6357=EDGE_LOOP('',(#6353,#6354,#6355,#6356));
#6358=FACE_OUTER_BOUND('',#6357,.F.);
#6359=ADVANCED_FACE('',(#6358),#6351,.F.);
#6360=CARTESIAN_POINT('',(-3.3E-1,0.E0,-1.5E0));
#6361=DIRECTION('',(-1.E0,0.E0,0.E0));
#6362=DIRECTION('',(0.E0,0.E0,1.E0));
#6363=AXIS2_PLACEMENT_3D('',#6360,#6361,#6362);
#6364=PLANE('',#6363);
#6365=ORIENTED_EDGE('',*,*,#6352,.F.);
#6366=ORIENTED_EDGE('',*,*,#6266,.F.);
#6368=ORIENTED_EDGE('',*,*,#6367,.T.);
#6370=ORIENTED_EDGE('',*,*,#6369,.T.);
#6371=EDGE_LOOP('',(#6365,#6366,#6368,#6370));
#6372=FACE_OUTER_BOUND('',#6371,.F.);
#6373=ADVANCED_FACE('',(#6372),#6364,.F.);
#6374=CARTESIAN_POINT('',(0.E0,0.E0,0.E0));
#6375=DIRECTION('',(0.E0,1.E0,0.E0));
#6376=DIRECTION('',(1.E0,0.E0,0.E0));
#6377=AXIS2_PLACEMENT_3D('',#6374,#6375,#6376);
#6378=PLANE('',#6377);
#6379=ORIENTED_EDGE('',*,*,#6367,.F.);
#6380=ORIENTED_EDGE('',*,*,#6264,.F.);
#6382=ORIENTED_EDGE('',*,*,#6381,.T.);
#6384=ORIENTED_EDGE('',*,*,#6383,.T.);
#6386=ORIENTED_EDGE('',*,*,#6385,.T.);
#6388=ORIENTED_EDGE('',*,*,#6387,.T.);
#6390=ORIENTED_EDGE('',*,*,#6389,.T.);
#6391=ORIENTED_EDGE('',*,*,#6256,.F.);
#6393=ORIENTED_EDGE('',*,*,#6392,.T.);
#6395=ORIENTED_EDGE('',*,*,#6394,.F.);
#6396=EDGE_LOOP('',(#6379,#6380,#6382,#6384,#6386,#6388,#6390,#6391,#6393,
#6395));
#6397=FACE_OUTER_BOUND('',#6396,.F.);
#6398=ADVANCED_FACE('',(#6397),#6378,.F.);
#6399=CARTESIAN_POINT('',(-3.75E-1,0.E0,-1.6E0));
#6400=DIRECTION('',(-1.E0,0.E0,0.E0));
#6401=DIRECTION('',(0.E0,0.E0,1.E0));
#6402=AXIS2_PLACEMENT_3D('',#6399,#6400,#6401);
#6403=PLANE('',#6402);
#6404=ORIENTED_EDGE('',*,*,#6262,.T.);
#6406=ORIENTED_EDGE('',*,*,#6405,.T.);
#6408=ORIENTED_EDGE('',*,*,#6407,.F.);
#6409=ORIENTED_EDGE('',*,*,#6381,.F.);
#6410=EDGE_LOOP('',(#6404,#6406,#6408,#6409));
#6411=FACE_OUTER_BOUND('',#6410,.F.);
#6412=ADVANCED_FACE('',(#6411),#6403,.T.);
#6413=CARTESIAN_POINT('',(0.E0,2.E-1,0.E0));
#6414=DIRECTION('',(0.E0,1.E0,0.E0));
#6415=DIRECTION('',(1.E0,0.E0,0.E0));
#6416=AXIS2_PLACEMENT_3D('',#6413,#6414,#6415);
#6417=PLANE('',#6416);
#6418=ORIENTED_EDGE('',*,*,#6260,.T.);
#6420=ORIENTED_EDGE('',*,*,#6419,.F.);
#6422=ORIENTED_EDGE('',*,*,#6421,.F.);
#6424=ORIENTED_EDGE('',*,*,#6423,.F.);
#6426=ORIENTED_EDGE('',*,*,#6425,.F.);
#6427=ORIENTED_EDGE('',*,*,#6405,.F.);
#6428=EDGE_LOOP('',(#6418,#6420,#6422,#6424,#6426,#6427));
#6429=FACE_OUTER_BOUND('',#6428,.F.);
#6430=ADVANCED_FACE('',(#6429),#6417,.T.);
#6431=CARTESIAN_POINT('',(-1.25E-1,0.E0,-1.224E0));
#6432=DIRECTION('',(1.E0,0.E0,0.E0));
#6433=DIRECTION('',(0.E0,0.E0,-1.E0));
#6434=AXIS2_PLACEMENT_3D('',#6431,#6432,#6433);
#6435=PLANE('',#6434);
#6436=ORIENTED_EDGE('',*,*,#6258,.F.);
#6437=ORIENTED_EDGE('',*,*,#6389,.F.);
#6439=ORIENTED_EDGE('',*,*,#6438,.T.);
#6440=ORIENTED_EDGE('',*,*,#6419,.T.);
#6441=EDGE_LOOP('',(#6436,#6437,#6439,#6440));
#6442=FACE_OUTER_BOUND('',#6441,.F.);
#6443=ADVANCED_FACE('',(#6442),#6435,.T.);
#6444=CARTESIAN_POINT('',(-2.49E-1,0.E0,-1.224E0));
#6445=DIRECTION('',(0.E0,1.E0,0.E0));
#6446=DIRECTION('',(1.E0,0.E0,0.E0));
#6447=AXIS2_PLACEMENT_3D('',#6444,#6445,#6446);
#6448=CYLINDRICAL_SURFACE('',#6447,1.24E-1);
#6449=ORIENTED_EDGE('',*,*,#6387,.F.);
#6451=ORIENTED_EDGE('',*,*,#6450,.T.);
#6452=ORIENTED_EDGE('',*,*,#6421,.T.);
#6453=ORIENTED_EDGE('',*,*,#6438,.F.);
#6454=EDGE_LOOP('',(#6449,#6451,#6452,#6453));
#6455=FACE_OUTER_BOUND('',#6454,.F.);
#6456=ADVANCED_FACE('',(#6455),#6448,.T.);
#6457=CARTESIAN_POINT('',(-2.51E-1,0.E0,-1.1E0));
#6458=DIRECTION('',(0.E0,0.E0,1.E0));
#6459=DIRECTION('',(1.E0,0.E0,0.E0));
#6460=AXIS2_PLACEMENT_3D('',#6457,#6458,#6459);
#6461=PLANE('',#6460);
#6462=ORIENTED_EDGE('',*,*,#6385,.F.);
#6464=ORIENTED_EDGE('',*,*,#6463,.T.);
#6465=ORIENTED_EDGE('',*,*,#6423,.T.);
#6466=ORIENTED_EDGE('',*,*,#6450,.F.);
#6467=EDGE_LOOP('',(#6462,#6464,#6465,#6466));
#6468=FACE_OUTER_BOUND('',#6467,.F.);
#6469=ADVANCED_FACE('',(#6468),#6461,.T.);
#6470=CARTESIAN_POINT('',(-2.51E-1,0.E0,-1.224E0));
#6471=DIRECTION('',(0.E0,1.E0,0.E0));
#6472=DIRECTION('',(1.E0,0.E0,0.E0));
#6473=AXIS2_PLACEMENT_3D('',#6470,#6471,#6472);
#6474=CYLINDRICAL_SURFACE('',#6473,1.24E-1);
#6475=ORIENTED_EDGE('',*,*,#6383,.F.);
#6476=ORIENTED_EDGE('',*,*,#6407,.T.);
#6477=ORIENTED_EDGE('',*,*,#6425,.T.);
#6478=ORIENTED_EDGE('',*,*,#6463,.F.);
#6479=EDGE_LOOP('',(#6475,#6476,#6477,#6478));
#6480=FACE_OUTER_BOUND('',#6479,.F.);
#6481=ADVANCED_FACE('',(#6480),#6474,.T.);
#6482=CARTESIAN_POINT('',(-1.7E-1,0.E0,-1.45E0));
#6483=DIRECTION('',(1.E0,0.E0,0.E0));
#6484=DIRECTION('',(0.E0,0.E0,-1.E0));
#6485=AXIS2_PLACEMENT_3D('',#6482,#6483,#6484);
#6486=PLANE('',#6485);
#6487=ORIENTED_EDGE('',*,*,#6303,.F.);
#6489=ORIENTED_EDGE('',*,*,#6488,.F.);
#6490=ORIENTED_EDGE('',*,*,#6392,.F.);
#6491=ORIENTED_EDGE('',*,*,#6254,.T.);
#6492=EDGE_LOOP('',(#6487,#6489,#6490,#6491));
#6493=FACE_OUTER_BOUND('',#6492,.F.);
#6494=ADVANCED_FACE('',(#6493),#6486,.F.);
#6495=CARTESIAN_POINT('',(-2.5E-1,0.E0,-1.45E0));
#6496=DIRECTION('',(0.E0,1.E0,0.E0));
#6497=DIRECTION('',(1.E0,0.E0,0.E0));
#6498=AXIS2_PLACEMENT_3D('',#6495,#6496,#6497);
#6499=CYLINDRICAL_SURFACE('',#6498,8.E-2);
#6500=ORIENTED_EDGE('',*,*,#6341,.F.);
#6501=ORIENTED_EDGE('',*,*,#6369,.F.);
#6502=ORIENTED_EDGE('',*,*,#6394,.T.);
#6503=ORIENTED_EDGE('',*,*,#6488,.T.);
#6504=EDGE_LOOP('',(#6500,#6501,#6502,#6503));
#6505=FACE_OUTER_BOUND('',#6504,.F.);
#6506=ADVANCED_FACE('',(#6505),#6499,.F.);
#6507=CLOSED_SHELL('',(#6272,#6294,#6308,#6346,#6359,#6373,#6398,#6412,#6430,
#6443,#6456,#6469,#6481,#6494,#6506));
#6508=MANIFOLD_SOLID_BREP('',#6507);
#6509=FILL_AREA_STYLE_COLOUR('',#28);
#6510=FILL_AREA_STYLE('',(#6509));
#6511=SURFACE_STYLE_FILL_AREA(#6510);
#6512=SURFACE_SIDE_STYLE('',(#6511));
#6513=SURFACE_STYLE_USAGE(.POSITIVE.,#6512);
#6514=PRESENTATION_STYLE_ASSIGNMENT((#6513));
#5926=STYLED_ITEM('',(#6514),#6508);
#6516=DIRECTION('',(0.E0,1.E0,0.E0));
#6517=VECTOR('',#6516,3.5E-2);
#6518=CARTESIAN_POINT('',(1.7E-1,0.E0,-1.5E0));
#6519=LINE('',#6518,#6517);
#6520=CURVE_STYLE('',#36,POSITIVE_LENGTH_MEASURE(2.E-2),#28);
#6521=PRESENTATION_STYLE_ASSIGNMENT((#6520));
#6522=STYLED_ITEM('',(#6521),#6519);
#6523=DIRECTION('',(1.E0,0.E0,0.E0));
#6524=VECTOR('',#6523,3.E-2);
#6525=CARTESIAN_POINT('',(2.35E-1,1.E-1,-1.5E0));
#6526=LINE('',#6525,#6524);
#6527=CURVE_STYLE('',#36,POSITIVE_LENGTH_MEASURE(2.E-2),#28);
#6528=PRESENTATION_STYLE_ASSIGNMENT((#6527));
#6529=STYLED_ITEM('',(#6528),#6526);
#6530=DIRECTION('',(0.E0,1.E0,0.E0));
#6531=VECTOR('',#6530,3.5E-2);
#6532=CARTESIAN_POINT('',(3.3E-1,0.E0,-1.5E0));
#6533=LINE('',#6532,#6531);
#6534=CURVE_STYLE('',#36,POSITIVE_LENGTH_MEASURE(2.E-2),#28);
#6535=PRESENTATION_STYLE_ASSIGNMENT((#6534));
#6536=STYLED_ITEM('',(#6535),#6533);
#6537=DIRECTION('',(0.E0,0.E0,1.E0));
#6538=VECTOR('',#6537,4.999999999726E-2);
#6539=CARTESIAN_POINT('',(1.7E-1,3.5E-2,-1.5E0));
#6540=LINE('',#6539,#6538);
#6541=CURVE_STYLE('',#36,POSITIVE_LENGTH_MEASURE(2.E-2),#28);
#6542=PRESENTATION_STYLE_ASSIGNMENT((#6541));
#6543=STYLED_ITEM('',(#6542),#6540);
#6544=CARTESIAN_POINT('',(2.35E-1,3.5E-2,-1.5E0));
#6545=DIRECTION('',(0.E0,0.E0,1.E0));
#6546=DIRECTION('',(0.E0,1.E0,0.E0));
#6547=AXIS2_PLACEMENT_3D('',#6544,#6545,#6546);
#6549=CURVE_STYLE('',#36,POSITIVE_LENGTH_MEASURE(2.E-2),#28);
#6550=PRESENTATION_STYLE_ASSIGNMENT((#6549));
#6551=STYLED_ITEM('',(#6550),#6548);
#6552=CARTESIAN_POINT('',(2.35E-1,3.5E-2,-1.45E0));
#6553=DIRECTION('',(0.E0,0.E0,1.E0));
#6554=DIRECTION('',(0.E0,1.E0,0.E0));
#6555=AXIS2_PLACEMENT_3D('',#6552,#6553,#6554);
#6557=CURVE_STYLE('',#36,POSITIVE_LENGTH_MEASURE(2.E-2),#28);
#6558=PRESENTATION_STYLE_ASSIGNMENT((#6557));
#6559=STYLED_ITEM('',(#6558),#6556);
#6560=DIRECTION('',(0.E0,0.E0,-1.E0));
#6561=VECTOR('',#6560,5.E-2);
#6562=CARTESIAN_POINT('',(2.65E-1,1.E-1,-1.45E0));
#6563=LINE('',#6562,#6561);
#6564=CURVE_STYLE('',#36,POSITIVE_LENGTH_MEASURE(2.E-2),#28);
#6565=PRESENTATION_STYLE_ASSIGNMENT((#6564));
#6566=STYLED_ITEM('',(#6565),#6563);
#6567=DIRECTION('',(0.E0,0.E0,1.E0));
#6568=VECTOR('',#6567,5.E-2);
#6569=CARTESIAN_POINT('',(2.35E-1,1.E-1,-1.5E0));
#6570=LINE('',#6569,#6568);
#6571=CURVE_STYLE('',#36,POSITIVE_LENGTH_MEASURE(2.E-2),#28);
#6572=PRESENTATION_STYLE_ASSIGNMENT((#6571));
#6573=STYLED_ITEM('',(#6572),#6570);
#6574=CARTESIAN_POINT('',(2.5E-1,1.E-1,-1.45E0));
#6575=DIRECTION('',(0.E0,1.E0,0.E0));
#6576=DIRECTION('',(-1.E0,0.E0,0.E0));
#6577=AXIS2_PLACEMENT_3D('',#6574,#6575,#6576);
#6579=CURVE_STYLE('',#36,POSITIVE_LENGTH_MEASURE(2.E-2),#28);
#6580=PRESENTATION_STYLE_ASSIGNMENT((#6579));
#6581=STYLED_ITEM('',(#6580),#6578);
#6582=CARTESIAN_POINT('',(2.65E-1,3.5E-2,-1.45E0));
#6583=DIRECTION('',(0.E0,0.E0,-1.E0));
#6584=DIRECTION('',(0.E0,1.E0,0.E0));
#6585=AXIS2_PLACEMENT_3D('',#6582,#6583,#6584);
#6587=CURVE_STYLE('',#36,POSITIVE_LENGTH_MEASURE(2.E-2),#28);
#6588=PRESENTATION_STYLE_ASSIGNMENT((#6587));
#6589=STYLED_ITEM('',(#6588),#6586);
#6590=CARTESIAN_POINT('',(2.65E-1,3.5E-2,-1.5E0));
#6591=DIRECTION('',(0.E0,0.E0,1.E0));
#6592=DIRECTION('',(1.E0,0.E0,0.E0));
#6593=AXIS2_PLACEMENT_3D('',#6590,#6591,#6592);
#6595=CURVE_STYLE('',#36,POSITIVE_LENGTH_MEASURE(2.E-2),#28);
#6596=PRESENTATION_STYLE_ASSIGNMENT((#6595));
#6597=STYLED_ITEM('',(#6596),#6594);
#6598=DIRECTION('',(0.E0,0.E0,-1.E0));
#6599=VECTOR('',#6598,4.999999999071E-2);
#6600=CARTESIAN_POINT('',(3.3E-1,3.5E-2,-1.450000000009E0));
#6601=LINE('',#6600,#6599);
#6602=CURVE_STYLE('',#36,POSITIVE_LENGTH_MEASURE(2.E-2),#28);
#6603=PRESENTATION_STYLE_ASSIGNMENT((#6602));
#6604=STYLED_ITEM('',(#6603),#6601);
#6605=DIRECTION('',(0.E0,1.E0,-2.653623352801E-10));
#6606=VECTOR('',#6605,3.5E-2);
#6607=CARTESIAN_POINT('',(3.3E-1,0.E0,-1.45E0));
#6608=LINE('',#6607,#6606);
#6609=CURVE_STYLE('',#36,POSITIVE_LENGTH_MEASURE(2.E-2),#28);
#6610=PRESENTATION_STYLE_ASSIGNMENT((#6609));
#6611=STYLED_ITEM('',(#6610),#6608);
#6612=CARTESIAN_POINT('',(2.5E-1,3.5E-2,-1.45E0));
#6613=DIRECTION('',(0.E0,1.E0,0.E0));
#6614=DIRECTION('',(-1.E0,0.E0,0.E0));
#6615=AXIS2_PLACEMENT_3D('',#6612,#6613,#6614);
#6617=CURVE_STYLE('',#36,POSITIVE_LENGTH_MEASURE(2.E-2),#28);
#6618=PRESENTATION_STYLE_ASSIGNMENT((#6617));
#6619=STYLED_ITEM('',(#6618),#6616);
#6620=DIRECTION('',(0.E0,1.E0,-7.820410985460E-11));
#6621=VECTOR('',#6620,3.5E-2);
#6622=CARTESIAN_POINT('',(1.7E-1,0.E0,-1.45E0));
#6623=LINE('',#6622,#6621);
#6624=CURVE_STYLE('',#36,POSITIVE_LENGTH_MEASURE(2.E-2),#28);
#6625=PRESENTATION_STYLE_ASSIGNMENT((#6624));
#6626=STYLED_ITEM('',(#6625),#6623);
#6627=DIRECTION('',(0.E0,0.E0,1.E0));
#6628=VECTOR('',#6627,5.E-2);
#6629=CARTESIAN_POINT('',(1.7E-1,0.E0,-1.5E0));
#6630=LINE('',#6629,#6628);
#6631=CURVE_STYLE('',#36,POSITIVE_LENGTH_MEASURE(2.E-2),#28);
#6632=PRESENTATION_STYLE_ASSIGNMENT((#6631));
#6633=STYLED_ITEM('',(#6632),#6630);
#6634=DIRECTION('',(1.E0,0.E0,0.E0));
#6635=VECTOR('',#6634,4.5E-2);
#6636=CARTESIAN_POINT('',(1.25E-1,0.E0,-1.5E0));
#6637=LINE('',#6636,#6635);
#6638=CURVE_STYLE('',#36,POSITIVE_LENGTH_MEASURE(2.E-2),#28);
#6639=PRESENTATION_STYLE_ASSIGNMENT((#6638));
#6640=STYLED_ITEM('',(#6639),#6637);
#6641=DIRECTION('',(0.E0,0.E0,1.E0));
#6642=VECTOR('',#6641,2.76E-1);
#6643=CARTESIAN_POINT('',(1.25E-1,0.E0,-1.5E0));
#6644=LINE('',#6643,#6642);
#6645=CURVE_STYLE('',#36,POSITIVE_LENGTH_MEASURE(2.E-2),#28);
#6646=PRESENTATION_STYLE_ASSIGNMENT((#6645));
#6647=STYLED_ITEM('',(#6646),#6644);
#6648=CARTESIAN_POINT('',(2.49E-1,0.E0,-1.224E0));
#6649=DIRECTION('',(0.E0,1.E0,0.E0));
#6650=DIRECTION('',(-1.E0,0.E0,0.E0));
#6651=AXIS2_PLACEMENT_3D('',#6648,#6649,#6650);
#6653=CURVE_STYLE('',#36,POSITIVE_LENGTH_MEASURE(2.E-2),#28);
#6654=PRESENTATION_STYLE_ASSIGNMENT((#6653));
#6655=STYLED_ITEM('',(#6654),#6652);
#6656=DIRECTION('',(1.E0,0.E0,0.E0));
#6657=VECTOR('',#6656,2.E-3);
#6658=CARTESIAN_POINT('',(2.49E-1,0.E0,-1.1E0));
#6659=LINE('',#6658,#6657);
#6660=CURVE_STYLE('',#36,POSITIVE_LENGTH_MEASURE(2.E-2),#28);
#6661=PRESENTATION_STYLE_ASSIGNMENT((#6660));
#6662=STYLED_ITEM('',(#6661),#6659);
#6663=CARTESIAN_POINT('',(2.51E-1,0.E0,-1.224E0));
#6664=DIRECTION('',(0.E0,1.E0,0.E0));
#6665=DIRECTION('',(0.E0,0.E0,1.E0));
#6666=AXIS2_PLACEMENT_3D('',#6663,#6664,#6665);
#6668=CURVE_STYLE('',#36,POSITIVE_LENGTH_MEASURE(2.E-2),#28);
#6669=PRESENTATION_STYLE_ASSIGNMENT((#6668));
#6670=STYLED_ITEM('',(#6669),#6667);
#6671=DIRECTION('',(0.E0,0.E0,-1.E0));
#6672=VECTOR('',#6671,2.76E-1);
#6673=CARTESIAN_POINT('',(3.75E-1,0.E0,-1.224E0));
#6674=LINE('',#6673,#6672);
#6675=CURVE_STYLE('',#36,POSITIVE_LENGTH_MEASURE(2.E-2),#28);
#6676=PRESENTATION_STYLE_ASSIGNMENT((#6675));
#6677=STYLED_ITEM('',(#6676),#6674);
#6678=DIRECTION('',(1.E0,0.E0,0.E0));
#6679=VECTOR('',#6678,4.5E-2);
#6680=CARTESIAN_POINT('',(3.3E-1,0.E0,-1.5E0));
#6681=LINE('',#6680,#6679);
#6682=CURVE_STYLE('',#36,POSITIVE_LENGTH_MEASURE(2.E-2),#28);
#6683=PRESENTATION_STYLE_ASSIGNMENT((#6682));
#6684=STYLED_ITEM('',(#6683),#6681);
#6685=DIRECTION('',(0.E0,0.E0,1.E0));
#6686=VECTOR('',#6685,5.E-2);
#6687=CARTESIAN_POINT('',(3.3E-1,0.E0,-1.5E0));
#6688=LINE('',#6687,#6686);
#6689=CURVE_STYLE('',#36,POSITIVE_LENGTH_MEASURE(2.E-2),#28);
#6690=PRESENTATION_STYLE_ASSIGNMENT((#6689));
#6691=STYLED_ITEM('',(#6690),#6688);
#6692=CARTESIAN_POINT('',(2.5E-1,0.E0,-1.45E0));
#6693=DIRECTION('',(0.E0,1.E0,0.E0));
#6694=DIRECTION('',(-1.E0,0.E0,0.E0));
#6695=AXIS2_PLACEMENT_3D('',#6692,#6693,#6694);
#6697=CURVE_STYLE('',#36,POSITIVE_LENGTH_MEASURE(2.E-2),#28);
#6698=PRESENTATION_STYLE_ASSIGNMENT((#6697));
#6699=STYLED_ITEM('',(#6698),#6696);
#6700=DIRECTION('',(0.E0,1.E0,0.E0));
#6701=VECTOR('',#6700,2.E-1);
#6702=CARTESIAN_POINT('',(1.25E-1,0.E0,-1.5E0));
#6703=LINE('',#6702,#6701);
#6704=CURVE_STYLE('',#36,POSITIVE_LENGTH_MEASURE(2.E-2),#28);
#6705=PRESENTATION_STYLE_ASSIGNMENT((#6704));
#6706=STYLED_ITEM('',(#6705),#6703);
#6707=DIRECTION('',(1.E0,0.E0,0.E0));
#6708=VECTOR('',#6707,2.5E-1);
#6709=CARTESIAN_POINT('',(1.25E-1,2.E-1,-1.5E0));
#6710=LINE('',#6709,#6708);
#6711=CURVE_STYLE('',#36,POSITIVE_LENGTH_MEASURE(2.E-2),#28);
#6712=PRESENTATION_STYLE_ASSIGNMENT((#6711));
#6713=STYLED_ITEM('',(#6712),#6710);
#6714=DIRECTION('',(0.E0,0.E0,-1.E0));
#6715=VECTOR('',#6714,2.76E-1);
#6716=CARTESIAN_POINT('',(3.75E-1,2.E-1,-1.224E0));
#6717=LINE('',#6716,#6715);
#6718=CURVE_STYLE('',#36,POSITIVE_LENGTH_MEASURE(2.E-2),#28);
#6719=PRESENTATION_STYLE_ASSIGNMENT((#6718));
#6720=STYLED_ITEM('',(#6719),#6717);
#6721=CARTESIAN_POINT('',(2.51E-1,2.E-1,-1.224E0));
#6722=DIRECTION('',(0.E0,1.E0,0.E0));
#6723=DIRECTION('',(0.E0,0.E0,1.E0));
#6724=AXIS2_PLACEMENT_3D('',#6721,#6722,#6723);
#6726=CURVE_STYLE('',#36,POSITIVE_LENGTH_MEASURE(2.E-2),#28);
#6727=PRESENTATION_STYLE_ASSIGNMENT((#6726));
#6728=STYLED_ITEM('',(#6727),#6725);
#6729=DIRECTION('',(1.E0,0.E0,0.E0));
#6730=VECTOR('',#6729,2.E-3);
#6731=CARTESIAN_POINT('',(2.49E-1,2.E-1,-1.1E0));
#6732=LINE('',#6731,#6730);
#6733=CURVE_STYLE('',#36,POSITIVE_LENGTH_MEASURE(2.E-2),#28);
#6734=PRESENTATION_STYLE_ASSIGNMENT((#6733));
#6735=STYLED_ITEM('',(#6734),#6732);
#6736=CARTESIAN_POINT('',(2.49E-1,2.E-1,-1.224E0));
#6737=DIRECTION('',(0.E0,1.E0,0.E0));
#6738=DIRECTION('',(-1.E0,0.E0,0.E0));
#6739=AXIS2_PLACEMENT_3D('',#6736,#6737,#6738);
#6741=CURVE_STYLE('',#36,POSITIVE_LENGTH_MEASURE(2.E-2),#28);
#6742=PRESENTATION_STYLE_ASSIGNMENT((#6741));
#6743=STYLED_ITEM('',(#6742),#6740);
#6744=DIRECTION('',(0.E0,0.E0,1.E0));
#6745=VECTOR('',#6744,2.76E-1);
#6746=CARTESIAN_POINT('',(1.25E-1,2.E-1,-1.5E0));
#6747=LINE('',#6746,#6745);
#6748=CURVE_STYLE('',#36,POSITIVE_LENGTH_MEASURE(2.E-2),#28);
#6749=PRESENTATION_STYLE_ASSIGNMENT((#6748));
#6750=STYLED_ITEM('',(#6749),#6747);
#6751=DIRECTION('',(0.E0,1.E0,0.E0));
#6752=VECTOR('',#6751,2.E-1);
#6753=CARTESIAN_POINT('',(3.75E-1,0.E0,-1.5E0));
#6754=LINE('',#6753,#6752);
#6755=CURVE_STYLE('',#36,POSITIVE_LENGTH_MEASURE(2.E-2),#28);
#6756=PRESENTATION_STYLE_ASSIGNMENT((#6755));
#6757=STYLED_ITEM('',(#6756),#6754);
#6758=DIRECTION('',(0.E0,1.E0,0.E0));
#6759=VECTOR('',#6758,2.E-1);
#6760=CARTESIAN_POINT('',(3.75E-1,0.E0,-1.224E0));
#6761=LINE('',#6760,#6759);
#6762=CURVE_STYLE('',#36,POSITIVE_LENGTH_MEASURE(2.E-2),#28);
#6763=PRESENTATION_STYLE_ASSIGNMENT((#6762));
#6764=STYLED_ITEM('',(#6763),#6761);
#6765=DIRECTION('',(0.E0,1.E0,0.E0));
#6766=VECTOR('',#6765,2.E-1);
#6767=CARTESIAN_POINT('',(2.51E-1,0.E0,-1.1E0));
#6768=LINE('',#6767,#6766);
#6769=CURVE_STYLE('',#36,POSITIVE_LENGTH_MEASURE(2.E-2),#28);
#6770=PRESENTATION_STYLE_ASSIGNMENT((#6769));
#6771=STYLED_ITEM('',(#6770),#6768);
#6772=DIRECTION('',(0.E0,1.E0,0.E0));
#6773=VECTOR('',#6772,2.E-1);
#6774=CARTESIAN_POINT('',(2.49E-1,0.E0,-1.1E0));
#6775=LINE('',#6774,#6773);
#6776=CURVE_STYLE('',#36,POSITIVE_LENGTH_MEASURE(2.E-2),#28);
#6777=PRESENTATION_STYLE_ASSIGNMENT((#6776));
#6778=STYLED_ITEM('',(#6777),#6775);
#6779=DIRECTION('',(0.E0,1.E0,0.E0));
#6780=VECTOR('',#6779,2.E-1);
#6781=CARTESIAN_POINT('',(1.25E-1,0.E0,-1.224E0));
#6782=LINE('',#6781,#6780);
#6783=CURVE_STYLE('',#36,POSITIVE_LENGTH_MEASURE(2.E-2),#28);
#6784=PRESENTATION_STYLE_ASSIGNMENT((#6783));
#6785=STYLED_ITEM('',(#6784),#6782);
#6786=CARTESIAN_POINT('',(1.25E-1,0.E0,-1.224E0));
#6787=CARTESIAN_POINT('',(2.49E-1,0.E0,-1.1E0));
#6788=VERTEX_POINT('',#6786);
#6789=VERTEX_POINT('',#6787);
#6790=CARTESIAN_POINT('',(2.51E-1,0.E0,-1.1E0));
#6791=VERTEX_POINT('',#6790);
#6792=CARTESIAN_POINT('',(3.75E-1,0.E0,-1.224E0));
#6793=VERTEX_POINT('',#6792);
#6794=CARTESIAN_POINT('',(1.25E-1,2.E-1,-1.224E0));
#6795=CARTESIAN_POINT('',(2.49E-1,2.E-1,-1.1E0));
#6796=VERTEX_POINT('',#6794);
#6797=VERTEX_POINT('',#6795);
#6798=CARTESIAN_POINT('',(2.51E-1,2.E-1,-1.1E0));
#6799=VERTEX_POINT('',#6798);
#6800=CARTESIAN_POINT('',(3.75E-1,2.E-1,-1.224E0));
#6801=VERTEX_POINT('',#6800);
#6802=CARTESIAN_POINT('',(1.25E-1,0.E0,-1.5E0));
#6803=CARTESIAN_POINT('',(1.25E-1,2.E-1,-1.5E0));
#6804=VERTEX_POINT('',#6802);
#6805=VERTEX_POINT('',#6803);
#6806=CARTESIAN_POINT('',(3.75E-1,0.E0,-1.5E0));
#6807=CARTESIAN_POINT('',(3.75E-1,2.E-1,-1.5E0));
#6808=VERTEX_POINT('',#6806);
#6809=VERTEX_POINT('',#6807);
#6810=CARTESIAN_POINT('',(1.7E-1,0.E0,-1.5E0));
#6811=CARTESIAN_POINT('',(1.7E-1,0.E0,-1.45E0));
#6812=VERTEX_POINT('',#6810);
#6813=VERTEX_POINT('',#6811);
#6814=CARTESIAN_POINT('',(3.3E-1,0.E0,-1.45E0));
#6815=VERTEX_POINT('',#6814);
#6816=CARTESIAN_POINT('',(3.3E-1,0.E0,-1.5E0));
#6817=VERTEX_POINT('',#6816);
#6818=CARTESIAN_POINT('',(2.65E-1,1.E-1,-1.45E0));
#6819=CARTESIAN_POINT('',(2.65E-1,1.E-1,-1.5E0));
#6820=VERTEX_POINT('',#6818);
#6821=VERTEX_POINT('',#6819);
#6822=CARTESIAN_POINT('',(3.3E-1,3.5E-2,-1.450000000009E0));
#6823=CARTESIAN_POINT('',(3.3E-1,3.5E-2,-1.5E0));
#6824=VERTEX_POINT('',#6822);
#6825=VERTEX_POINT('',#6823);
#6826=CARTESIAN_POINT('',(2.35E-1,1.E-1,-1.45E0));
#6827=VERTEX_POINT('',#6826);
#6828=CARTESIAN_POINT('',(1.7E-1,3.5E-2,-1.45E0));
#6829=VERTEX_POINT('',#6828);
#6830=CARTESIAN_POINT('',(1.7E-1,3.5E-2,-1.5E0));
#6831=VERTEX_POINT('',#6830);
#6832=CARTESIAN_POINT('',(2.35E-1,1.E-1,-1.5E0));
#6833=VERTEX_POINT('',#6832);
#6834=CARTESIAN_POINT('',(-1.25E0,0.E0,-1.5E0));
#6835=DIRECTION('',(0.E0,0.E0,1.E0));
#6836=DIRECTION('',(1.E0,0.E0,0.E0));
#6837=AXIS2_PLACEMENT_3D('',#6834,#6835,#6836);
#6838=PLANE('',#6837);
#6840=ORIENTED_EDGE('',*,*,#6839,.T.);
#6842=ORIENTED_EDGE('',*,*,#6841,.F.);
#6844=ORIENTED_EDGE('',*,*,#6843,.T.);
#6846=ORIENTED_EDGE('',*,*,#6845,.F.);
#6848=ORIENTED_EDGE('',*,*,#6847,.F.);
#6850=ORIENTED_EDGE('',*,*,#6849,.T.);
#6852=ORIENTED_EDGE('',*,*,#6851,.T.);
#6854=ORIENTED_EDGE('',*,*,#6853,.F.);
#6856=ORIENTED_EDGE('',*,*,#6855,.F.);
#6858=ORIENTED_EDGE('',*,*,#6857,.T.);
#6859=EDGE_LOOP('',(#6840,#6842,#6844,#6846,#6848,#6850,#6852,#6854,#6856,
#6858));
#6860=FACE_OUTER_BOUND('',#6859,.F.);
#6861=ADVANCED_FACE('',(#6860),#6838,.F.);
#6862=FILL_AREA_STYLE_COLOUR('',#29);
#6863=FILL_AREA_STYLE('',(#6862));
#6864=SURFACE_STYLE_FILL_AREA(#6863);
#6865=SURFACE_SIDE_STYLE('',(#6864));
#6866=SURFACE_STYLE_USAGE(.POSITIVE.,#6865);
#6867=PRESENTATION_STYLE_ASSIGNMENT((#6866));
#6868=OVER_RIDING_STYLED_ITEM('',(#6867),#6861,#6515);
#6869=CARTESIAN_POINT('',(1.7E-1,0.E0,-1.5E0));
#6870=DIRECTION('',(-1.E0,0.E0,0.E0));
#6871=DIRECTION('',(0.E0,0.E0,1.E0));
#6872=AXIS2_PLACEMENT_3D('',#6869,#6870,#6871);
#6873=PLANE('',#6872);
#6875=ORIENTED_EDGE('',*,*,#6874,.F.);
#6876=ORIENTED_EDGE('',*,*,#6839,.F.);
#6878=ORIENTED_EDGE('',*,*,#6877,.T.);
#6880=ORIENTED_EDGE('',*,*,#6879,.T.);
#6881=EDGE_LOOP('',(#6875,#6876,#6878,#6880));
#6882=FACE_OUTER_BOUND('',#6881,.F.);
#6883=ADVANCED_FACE('',(#6882),#6873,.F.);
#6884=CARTESIAN_POINT('',(2.35E-1,3.5E-2,-5.4108E0));
#6885=DIRECTION('',(0.E0,0.E0,1.E0));
#6886=DIRECTION('',(0.E0,1.E0,0.E0));
#6887=AXIS2_PLACEMENT_3D('',#6884,#6885,#6886);
#6888=CYLINDRICAL_SURFACE('',#6887,6.5E-2);
#6889=ORIENTED_EDGE('',*,*,#6874,.T.);
#6891=ORIENTED_EDGE('',*,*,#6890,.F.);
#6893=ORIENTED_EDGE('',*,*,#6892,.F.);
#6894=ORIENTED_EDGE('',*,*,#6841,.T.);
#6895=EDGE_LOOP('',(#6889,#6891,#6893,#6894));
#6896=FACE_OUTER_BOUND('',#6895,.F.);
#6897=ADVANCED_FACE('',(#6896),#6888,.F.);
#6898=CARTESIAN_POINT('',(1.708130756124E-1,3.290453394266E-2,
-1.461136716841E0));
#6899=CARTESIAN_POINT('',(1.695344522353E-1,7.293610489708E-2,
-1.461316540298E0));
#6900=CARTESIAN_POINT('',(1.975797702334E-1,1.012574209620E-1,
-1.457372293598E0));
#6901=CARTESIAN_POINT('',(2.372212238581E-1,9.996621446569E-2,
-1.451797185742E0));
#6902=CARTESIAN_POINT('',(1.635421679349E-1,3.290453394266E-2,
-1.409437385280E0));
#6903=CARTESIAN_POINT('',(1.621461419361E-1,7.293610489708E-2,
-1.408782424782E0));
#6904=CARTESIAN_POINT('',(1.927665683820E-1,1.012574209620E-1,
-1.423148324676E0));
#6905=CARTESIAN_POINT('',(2.360478823970E-1,9.996621446569E-2,
-1.443454215109E0));
#6906=CARTESIAN_POINT('',(1.977918877764E-1,3.290453394266E-2,
-1.370033785532E0));
#6907=CARTESIAN_POINT('',(1.969488885910E-1,7.293610489708E-2,
-1.368742579035E0));
#6908=CARTESIAN_POINT('',(2.154392280088E-1,1.012574209620E-1,
-1.397063895101E0));
#6909=CARTESIAN_POINT('',(2.415749249758E-1,9.996621446569E-2,
-1.437095466057E0));
#6910=CARTESIAN_POINT('',(2.500000000038E-1,3.290453394266E-2,
-1.370033785534E0));
#6911=CARTESIAN_POINT('',(2.500000000039E-1,7.293610489708E-2,
-1.368742579038E0));
#6912=CARTESIAN_POINT('',(2.500000000025E-1,1.012574209620E-1,
-1.397063895103E0));
#6913=CARTESIAN_POINT('',(2.500000000006E-1,9.996621446569E-2,
-1.437095466057E0));
#6914=CARTESIAN_POINT('',(3.022081122312E-1,3.290453394266E-2,
-1.370033785537E0));
#6915=CARTESIAN_POINT('',(3.030511114168E-1,7.293610489708E-2,
-1.368742579041E0));
#6916=CARTESIAN_POINT('',(2.845607719962E-1,1.012574209620E-1,
-1.397063895105E0));
#6917=CARTESIAN_POINT('',(2.584250750254E-1,9.996621446569E-2,
-1.437095466058E0));
#6918=CARTESIAN_POINT('',(3.364578320690E-1,3.290453394266E-2,
-1.409437385288E0));
#6919=CARTESIAN_POINT('',(3.378538580678E-1,7.293610489708E-2,
-1.408782424791E0));
#6920=CARTESIAN_POINT('',(3.072334316206E-1,1.012574209620E-1,
-1.423148324682E0));
#6921=CARTESIAN_POINT('',(2.639521176036E-1,9.996621446569E-2,
-1.443454215110E0));
#6922=CARTESIAN_POINT('',(3.291869243865E-1,3.290453394266E-2,
-1.461136716849E0));
#6923=CARTESIAN_POINT('',(3.304655477636E-1,7.293610489708E-2,
-1.461316540306E0));
#6924=CARTESIAN_POINT('',(3.024202297659E-1,1.012574209620E-1,
-1.457372293603E0));
#6925=CARTESIAN_POINT('',(2.627787761418E-1,9.996621446569E-2,
-1.451797185743E0));
#6926=(BOUNDED_SURFACE()B_SPLINE_SURFACE(3,3,((#6898,#6899,#6900,#6901),(#6902,
#6903,#6904,#6905),(#6906,#6907,#6908,#6909),(#6910,#6911,#6912,#6913),(#6914,
#6915,#6916,#6917),(#6918,#6919,#6920,#6921),(#6922,#6923,#6924,#6925)),
.UNSPECIFIED.,.F.,.F.,.F.)B_SPLINE_SURFACE_WITH_KNOTS((4,3,4),(4,4),(0.E0,1.E0,
2.E0),(0.E0,1.E0),.UNSPECIFIED.)GEOMETRIC_REPRESENTATION_ITEM()RATIONAL_B_SPLINE_SURFACE(((1.434386219132E0,1.132154901202E0,1.132154901202E0,1.434386219132E0),(
1.105455593096E0,8.725313664418E-1,8.725313664418E-1,1.105455593096E0),(
1.105455593096E0,8.725313664418E-1,8.725313664418E-1,1.105455593096E0),(
1.434386219132E0,1.132154901202E0,1.132154901202E0,1.434386219132E0),(
1.105455593096E0,8.725313664418E-1,8.725313664418E-1,1.105455593096E0),(
1.105455593096E0,8.725313664418E-1,8.725313664418E-1,1.105455593096E0),(
1.434386219132E0,1.132154901202E0,1.132154901202E0,1.434386219132E0)))REPRESENTATION_ITEM('')SURFACE());
#6928=ORIENTED_EDGE('',*,*,#6927,.F.);
#6929=ORIENTED_EDGE('',*,*,#6890,.T.);
#6931=ORIENTED_EDGE('',*,*,#6930,.T.);
#6933=ORIENTED_EDGE('',*,*,#6932,.F.);
#6934=EDGE_LOOP('',(#6928,#6929,#6931,#6933));
#6935=FACE_OUTER_BOUND('',#6934,.F.);
#6936=ADVANCED_FACE('',(#6935),#6926,.F.);
#6937=CARTESIAN_POINT('',(0.E0,1.E-1,0.E0));
#6938=DIRECTION('',(0.E0,1.E0,0.E0));
#6939=DIRECTION('',(1.E0,0.E0,0.E0));
#6940=AXIS2_PLACEMENT_3D('',#6937,#6938,#6939);
#6941=PLANE('',#6940);
#6943=ORIENTED_EDGE('',*,*,#6942,.T.);
#6944=ORIENTED_EDGE('',*,*,#6843,.F.);
#6945=ORIENTED_EDGE('',*,*,#6892,.T.);
#6946=ORIENTED_EDGE('',*,*,#6927,.T.);
#6947=EDGE_LOOP('',(#6943,#6944,#6945,#6946));
#6948=FACE_OUTER_BOUND('',#6947,.F.);
#6949=ADVANCED_FACE('',(#6948),#6941,.F.);
#6950=CARTESIAN_POINT('',(2.65E-1,3.5E-2,-1.447314511898E0));
#6951=DIRECTION('',(0.E0,0.E0,-1.E0));
#6952=DIRECTION('',(0.E0,1.E0,0.E0));
#6953=AXIS2_PLACEMENT_3D('',#6950,#6951,#6952);
#6954=CYLINDRICAL_SURFACE('',#6953,6.5E-2);
#6955=ORIENTED_EDGE('',*,*,#6942,.F.);
#6956=ORIENTED_EDGE('',*,*,#6932,.T.);
#6958=ORIENTED_EDGE('',*,*,#6957,.T.);
#6959=ORIENTED_EDGE('',*,*,#6845,.T.);
#6960=EDGE_LOOP('',(#6955,#6956,#6958,#6959));
#6961=FACE_OUTER_BOUND('',#6960,.F.);
#6962=ADVANCED_FACE('',(#6961),#6954,.F.);
#6963=CARTESIAN_POINT('',(3.3E-1,0.E0,-1.45E0));
#6964=DIRECTION('',(1.E0,0.E0,0.E0));
#6965=DIRECTION('',(0.E0,0.E0,-1.E0));
#6966=AXIS2_PLACEMENT_3D('',#6963,#6964,#6965);
#6967=PLANE('',#6966);
#6968=ORIENTED_EDGE('',*,*,#6957,.F.);
#6970=ORIENTED_EDGE('',*,*,#6969,.F.);
#6972=ORIENTED_EDGE('',*,*,#6971,.F.);
#6973=ORIENTED_EDGE('',*,*,#6847,.T.);
#6974=EDGE_LOOP('',(#6968,#6970,#6972,#6973));
#6975=FACE_OUTER_BOUND('',#6974,.F.);
#6976=ADVANCED_FACE('',(#6975),#6967,.F.);
#6977=CARTESIAN_POINT('',(2.5E-1,0.E0,-1.45E0));
#6978=DIRECTION('',(0.E0,1.E0,0.E0));
#6979=DIRECTION('',(1.E0,0.E0,0.E0));
#6980=AXIS2_PLACEMENT_3D('',#6977,#6978,#6979);
#6981=CYLINDRICAL_SURFACE('',#6980,8.E-2);
#6982=ORIENTED_EDGE('',*,*,#6930,.F.);
#6983=ORIENTED_EDGE('',*,*,#6879,.F.);
#6985=ORIENTED_EDGE('',*,*,#6984,.T.);
#6986=ORIENTED_EDGE('',*,*,#6969,.T.);
#6987=EDGE_LOOP('',(#6982,#6983,#6985,#6986));
#6988=FACE_OUTER_BOUND('',#6987,.F.);
#6989=ADVANCED_FACE('',(#6988),#6981,.F.);
#6990=CARTESIAN_POINT('',(0.E0,0.E0,0.E0));
#6991=DIRECTION('',(0.E0,1.E0,0.E0));
#6992=DIRECTION('',(1.E0,0.E0,0.E0));
#6993=AXIS2_PLACEMENT_3D('',#6990,#6991,#6992);
#6994=PLANE('',#6993);
#6995=ORIENTED_EDGE('',*,*,#6877,.F.);
#6996=ORIENTED_EDGE('',*,*,#6857,.F.);
#6998=ORIENTED_EDGE('',*,*,#6997,.T.);
#7000=ORIENTED_EDGE('',*,*,#6999,.T.);
#7002=ORIENTED_EDGE('',*,*,#7001,.T.);
#7004=ORIENTED_EDGE('',*,*,#7003,.T.);
#7006=ORIENTED_EDGE('',*,*,#7005,.T.);
#7007=ORIENTED_EDGE('',*,*,#6849,.F.);
#7008=ORIENTED_EDGE('',*,*,#6971,.T.);
#7009=ORIENTED_EDGE('',*,*,#6984,.F.);
#7010=EDGE_LOOP('',(#6995,#6996,#6998,#7000,#7002,#7004,#7006,#7007,#7008,
#7009));
#7011=FACE_OUTER_BOUND('',#7010,.F.);
#7012=ADVANCED_FACE('',(#7011),#6994,.F.);
#7013=CARTESIAN_POINT('',(1.25E-1,0.E0,-1.6E0));
#7014=DIRECTION('',(-1.E0,0.E0,0.E0));
#7015=DIRECTION('',(0.E0,0.E0,1.E0));
#7016=AXIS2_PLACEMENT_3D('',#7013,#7014,#7015);
#7017=PLANE('',#7016);
#7018=ORIENTED_EDGE('',*,*,#6855,.T.);
#7020=ORIENTED_EDGE('',*,*,#7019,.T.);
#7022=ORIENTED_EDGE('',*,*,#7021,.F.);
#7023=ORIENTED_EDGE('',*,*,#6997,.F.);
#7024=EDGE_LOOP('',(#7018,#7020,#7022,#7023));
#7025=FACE_OUTER_BOUND('',#7024,.F.);
#7026=ADVANCED_FACE('',(#7025),#7017,.T.);
#7027=CARTESIAN_POINT('',(0.E0,2.E-1,0.E0));
#7028=DIRECTION('',(0.E0,1.E0,0.E0));
#7029=DIRECTION('',(1.E0,0.E0,0.E0));
#7030=AXIS2_PLACEMENT_3D('',#7027,#7028,#7029);
#7031=PLANE('',#7030);
#7032=ORIENTED_EDGE('',*,*,#6853,.T.);
#7034=ORIENTED_EDGE('',*,*,#7033,.F.);
#7036=ORIENTED_EDGE('',*,*,#7035,.F.);
#7038=ORIENTED_EDGE('',*,*,#7037,.F.);
#7040=ORIENTED_EDGE('',*,*,#7039,.F.);
#7041=ORIENTED_EDGE('',*,*,#7019,.F.);
#7042=EDGE_LOOP('',(#7032,#7034,#7036,#7038,#7040,#7041));
#7043=FACE_OUTER_BOUND('',#7042,.F.);
#7044=ADVANCED_FACE('',(#7043),#7031,.T.);
#7045=CARTESIAN_POINT('',(3.75E-1,0.E0,-1.224E0));
#7046=DIRECTION('',(1.E0,0.E0,0.E0));
#7047=DIRECTION('',(0.E0,0.E0,-1.E0));
#7048=AXIS2_PLACEMENT_3D('',#7045,#7046,#7047);
#7049=PLANE('',#7048);
#7050=ORIENTED_EDGE('',*,*,#6851,.F.);
#7051=ORIENTED_EDGE('',*,*,#7005,.F.);
#7053=ORIENTED_EDGE('',*,*,#7052,.T.);
#7054=ORIENTED_EDGE('',*,*,#7033,.T.);
#7055=EDGE_LOOP('',(#7050,#7051,#7053,#7054));
#7056=FACE_OUTER_BOUND('',#7055,.F.);
#7057=ADVANCED_FACE('',(#7056),#7049,.T.);
#7058=CARTESIAN_POINT('',(2.51E-1,0.E0,-1.224E0));
#7059=DIRECTION('',(0.E0,1.E0,0.E0));
#7060=DIRECTION('',(1.E0,0.E0,0.E0));
#7061=AXIS2_PLACEMENT_3D('',#7058,#7059,#7060);
#7062=CYLINDRICAL_SURFACE('',#7061,1.24E-1);
#7063=ORIENTED_EDGE('',*,*,#7003,.F.);
#7065=ORIENTED_EDGE('',*,*,#7064,.T.);
#7066=ORIENTED_EDGE('',*,*,#7035,.T.);
#7067=ORIENTED_EDGE('',*,*,#7052,.F.);
#7068=EDGE_LOOP('',(#7063,#7065,#7066,#7067));
#7069=FACE_OUTER_BOUND('',#7068,.F.);
#7070=ADVANCED_FACE('',(#7069),#7062,.T.);
#7071=CARTESIAN_POINT('',(2.49E-1,0.E0,-1.1E0));
#7072=DIRECTION('',(0.E0,0.E0,1.E0));
#7073=DIRECTION('',(1.E0,0.E0,0.E0));
#7074=AXIS2_PLACEMENT_3D('',#7071,#7072,#7073);
#7075=PLANE('',#7074);
#7076=ORIENTED_EDGE('',*,*,#7001,.F.);
#7078=ORIENTED_EDGE('',*,*,#7077,.T.);
#7079=ORIENTED_EDGE('',*,*,#7037,.T.);
#7080=ORIENTED_EDGE('',*,*,#7064,.F.);
#7081=EDGE_LOOP('',(#7076,#7078,#7079,#7080));
#7082=FACE_OUTER_BOUND('',#7081,.F.);
#7083=ADVANCED_FACE('',(#7082),#7075,.T.);
#7084=CARTESIAN_POINT('',(2.49E-1,0.E0,-1.224E0));
#7085=DIRECTION('',(0.E0,1.E0,0.E0));
#7086=DIRECTION('',(1.E0,0.E0,0.E0));
#7087=AXIS2_PLACEMENT_3D('',#7084,#7085,#7086);
#7088=CYLINDRICAL_SURFACE('',#7087,1.24E-1);
#7089=ORIENTED_EDGE('',*,*,#6999,.F.);
#7090=ORIENTED_EDGE('',*,*,#7021,.T.);
#7091=ORIENTED_EDGE('',*,*,#7039,.T.);
#7092=ORIENTED_EDGE('',*,*,#7077,.F.);
#7093=EDGE_LOOP('',(#7089,#7090,#7091,#7092));
#7094=FACE_OUTER_BOUND('',#7093,.F.);
#7095=ADVANCED_FACE('',(#7094),#7088,.T.);
#7096=CLOSED_SHELL('',(#6861,#6883,#6897,#6936,#6949,#6962,#6976,#6989,#7012,
#7026,#7044,#7057,#7070,#7083,#7095));
#7097=MANIFOLD_SOLID_BREP('',#7096);
#7098=FILL_AREA_STYLE_COLOUR('',#28);
#7099=FILL_AREA_STYLE('',(#7098));
#7100=SURFACE_STYLE_FILL_AREA(#7099);
#7101=SURFACE_SIDE_STYLE('',(#7100));
#7102=SURFACE_STYLE_USAGE(.POSITIVE.,#7101);
#7103=PRESENTATION_STYLE_ASSIGNMENT((#7102));
#6515=STYLED_ITEM('',(#7103),#7097);
#7105=DIRECTION('',(0.E0,1.E0,0.E0));
#7106=VECTOR('',#7105,3.5E-2);
#7107=CARTESIAN_POINT('',(-1.7E-1,0.E0,1.5E0));
#7108=LINE('',#7107,#7106);
#7109=CURVE_STYLE('',#36,POSITIVE_LENGTH_MEASURE(2.E-2),#28);
#7110=PRESENTATION_STYLE_ASSIGNMENT((#7109));
#7111=STYLED_ITEM('',(#7110),#7108);
#7112=DIRECTION('',(1.E0,0.E0,0.E0));
#7113=VECTOR('',#7112,3.E-2);
#7114=CARTESIAN_POINT('',(-2.65E-1,1.E-1,1.5E0));
#7115=LINE('',#7114,#7113);
#7116=CURVE_STYLE('',#36,POSITIVE_LENGTH_MEASURE(2.E-2),#28);
#7117=PRESENTATION_STYLE_ASSIGNMENT((#7116));
#7118=STYLED_ITEM('',(#7117),#7115);
#7119=DIRECTION('',(0.E0,1.E0,0.E0));
#7120=VECTOR('',#7119,3.5E-2);
#7121=CARTESIAN_POINT('',(-3.3E-1,0.E0,1.5E0));
#7122=LINE('',#7121,#7120);
#7123=CURVE_STYLE('',#36,POSITIVE_LENGTH_MEASURE(2.E-2),#28);
#7124=PRESENTATION_STYLE_ASSIGNMENT((#7123));
#7125=STYLED_ITEM('',(#7124),#7122);
#7126=DIRECTION('',(0.E0,0.E0,-1.E0));
#7127=VECTOR('',#7126,4.999999999726E-2);
#7128=CARTESIAN_POINT('',(-1.7E-1,3.5E-2,1.5E0));
#7129=LINE('',#7128,#7127);
#7130=CURVE_STYLE('',#36,POSITIVE_LENGTH_MEASURE(2.E-2),#28);
#7131=PRESENTATION_STYLE_ASSIGNMENT((#7130));
#7132=STYLED_ITEM('',(#7131),#7129);
#7133=CARTESIAN_POINT('',(-2.35E-1,3.5E-2,1.5E0));
#7134=DIRECTION('',(0.E0,0.E0,-1.E0));
#7135=DIRECTION('',(-1.494530994688E-14,1.E0,0.E0));
#7136=AXIS2_PLACEMENT_3D('',#7133,#7134,#7135);
#7138=CURVE_STYLE('',#36,POSITIVE_LENGTH_MEASURE(2.E-2),#28);
#7139=PRESENTATION_STYLE_ASSIGNMENT((#7138));
#7140=STYLED_ITEM('',(#7139),#7137);
#7141=CARTESIAN_POINT('',(-2.35E-1,3.5E-2,1.45E0));
#7142=DIRECTION('',(0.E0,0.E0,-1.E0));
#7143=DIRECTION('',(0.E0,1.E0,0.E0));
#7144=AXIS2_PLACEMENT_3D('',#7141,#7142,#7143);
#7146=CURVE_STYLE('',#36,POSITIVE_LENGTH_MEASURE(2.E-2),#28);
#7147=PRESENTATION_STYLE_ASSIGNMENT((#7146));
#7148=STYLED_ITEM('',(#7147),#7145);
#7149=DIRECTION('',(0.E0,0.E0,1.E0));
#7150=VECTOR('',#7149,5.E-2);
#7151=CARTESIAN_POINT('',(-2.65E-1,1.E-1,1.45E0));
#7152=LINE('',#7151,#7150);
#7153=CURVE_STYLE('',#36,POSITIVE_LENGTH_MEASURE(2.E-2),#28);
#7154=PRESENTATION_STYLE_ASSIGNMENT((#7153));
#7155=STYLED_ITEM('',(#7154),#7152);
#7156=DIRECTION('',(0.E0,0.E0,-1.E0));
#7157=VECTOR('',#7156,5.E-2);
#7158=CARTESIAN_POINT('',(-2.35E-1,1.E-1,1.5E0));
#7159=LINE('',#7158,#7157);
#7160=CURVE_STYLE('',#36,POSITIVE_LENGTH_MEASURE(2.E-2),#28);
#7161=PRESENTATION_STYLE_ASSIGNMENT((#7160));
#7162=STYLED_ITEM('',(#7161),#7159);
#7163=CARTESIAN_POINT('',(-2.5E-1,1.E-1,1.45E0));
#7164=DIRECTION('',(0.E0,1.E0,0.E0));
#7165=DIRECTION('',(1.E0,0.E0,0.E0));
#7166=AXIS2_PLACEMENT_3D('',#7163,#7164,#7165);
#7168=CURVE_STYLE('',#36,POSITIVE_LENGTH_MEASURE(2.E-2),#28);
#7169=PRESENTATION_STYLE_ASSIGNMENT((#7168));
#7170=STYLED_ITEM('',(#7169),#7167);
#7171=CARTESIAN_POINT('',(-2.65E-1,3.5E-2,1.45E0));
#7172=DIRECTION('',(0.E0,0.E0,1.E0));
#7173=DIRECTION('',(0.E0,1.E0,0.E0));
#7174=AXIS2_PLACEMENT_3D('',#7171,#7172,#7173);
#7176=CURVE_STYLE('',#36,POSITIVE_LENGTH_MEASURE(2.E-2),#28);
#7177=PRESENTATION_STYLE_ASSIGNMENT((#7176));
#7178=STYLED_ITEM('',(#7177),#7175);
#7179=CARTESIAN_POINT('',(-2.65E-1,3.5E-2,1.5E0));
#7180=DIRECTION('',(0.E0,0.E0,-1.E0));
#7181=DIRECTION('',(-1.E0,0.E0,0.E0));
#7182=AXIS2_PLACEMENT_3D('',#7179,#7180,#7181);
#7184=CURVE_STYLE('',#36,POSITIVE_LENGTH_MEASURE(2.E-2),#28);
#7185=PRESENTATION_STYLE_ASSIGNMENT((#7184));
#7186=STYLED_ITEM('',(#7185),#7183);
#7187=DIRECTION('',(0.E0,0.E0,1.E0));
#7188=VECTOR('',#7187,4.999999999071E-2);
#7189=CARTESIAN_POINT('',(-3.3E-1,3.5E-2,1.450000000009E0));
#7190=LINE('',#7189,#7188);
#7191=CURVE_STYLE('',#36,POSITIVE_LENGTH_MEASURE(2.E-2),#28);
#7192=PRESENTATION_STYLE_ASSIGNMENT((#7191));
#7193=STYLED_ITEM('',(#7192),#7190);
#7194=DIRECTION('',(0.E0,1.E0,2.653623352801E-10));
#7195=VECTOR('',#7194,3.5E-2);
#7196=CARTESIAN_POINT('',(-3.3E-1,0.E0,1.45E0));
#7197=LINE('',#7196,#7195);
#7198=CURVE_STYLE('',#36,POSITIVE_LENGTH_MEASURE(2.E-2),#28);
#7199=PRESENTATION_STYLE_ASSIGNMENT((#7198));
#7200=STYLED_ITEM('',(#7199),#7197);
#7201=CARTESIAN_POINT('',(-2.5E-1,3.5E-2,1.45E0));
#7202=DIRECTION('',(0.E0,1.E0,0.E0));
#7203=DIRECTION('',(1.E0,0.E0,0.E0));
#7204=AXIS2_PLACEMENT_3D('',#7201,#7202,#7203);
#7206=CURVE_STYLE('',#36,POSITIVE_LENGTH_MEASURE(2.E-2),#28);
#7207=PRESENTATION_STYLE_ASSIGNMENT((#7206));
#7208=STYLED_ITEM('',(#7207),#7205);
#7209=DIRECTION('',(0.E0,1.E0,7.821045398617E-11));
#7210=VECTOR('',#7209,3.5E-2);
#7211=CARTESIAN_POINT('',(-1.7E-1,0.E0,1.45E0));
#7212=LINE('',#7211,#7210);
#7213=CURVE_STYLE('',#36,POSITIVE_LENGTH_MEASURE(2.E-2),#28);
#7214=PRESENTATION_STYLE_ASSIGNMENT((#7213));
#7215=STYLED_ITEM('',(#7214),#7212);
#7216=DIRECTION('',(0.E0,0.E0,-1.E0));
#7217=VECTOR('',#7216,5.E-2);
#7218=CARTESIAN_POINT('',(-1.7E-1,0.E0,1.5E0));
#7219=LINE('',#7218,#7217);
#7220=CURVE_STYLE('',#36,POSITIVE_LENGTH_MEASURE(2.E-2),#28);
#7221=PRESENTATION_STYLE_ASSIGNMENT((#7220));
#7222=STYLED_ITEM('',(#7221),#7219);
#7223=DIRECTION('',(1.E0,0.E0,0.E0));
#7224=VECTOR('',#7223,4.5E-2);
#7225=CARTESIAN_POINT('',(-1.7E-1,0.E0,1.5E0));
#7226=LINE('',#7225,#7224);
#7227=CURVE_STYLE('',#36,POSITIVE_LENGTH_MEASURE(2.E-2),#28);
#7228=PRESENTATION_STYLE_ASSIGNMENT((#7227));
#7229=STYLED_ITEM('',(#7228),#7226);
#7230=DIRECTION('',(0.E0,0.E0,1.E0));
#7231=VECTOR('',#7230,2.76E-1);
#7232=CARTESIAN_POINT('',(-1.25E-1,0.E0,1.224E0));
#7233=LINE('',#7232,#7231);
#7234=CURVE_STYLE('',#36,POSITIVE_LENGTH_MEASURE(2.E-2),#28);
#7235=PRESENTATION_STYLE_ASSIGNMENT((#7234));
#7236=STYLED_ITEM('',(#7235),#7233);
#7237=CARTESIAN_POINT('',(-2.49E-1,0.E0,1.224E0));
#7238=DIRECTION('',(0.E0,-1.E0,0.E0));
#7239=DIRECTION('',(0.E0,0.E0,-1.E0));
#7240=AXIS2_PLACEMENT_3D('',#7237,#7238,#7239);
#7242=CURVE_STYLE('',#36,POSITIVE_LENGTH_MEASURE(2.E-2),#28);
#7243=PRESENTATION_STYLE_ASSIGNMENT((#7242));
#7244=STYLED_ITEM('',(#7243),#7241);
#7245=DIRECTION('',(1.E0,0.E0,0.E0));
#7246=VECTOR('',#7245,2.E-3);
#7247=CARTESIAN_POINT('',(-2.51E-1,0.E0,1.1E0));
#7248=LINE('',#7247,#7246);
#7249=CURVE_STYLE('',#36,POSITIVE_LENGTH_MEASURE(2.E-2),#28);
#7250=PRESENTATION_STYLE_ASSIGNMENT((#7249));
#7251=STYLED_ITEM('',(#7250),#7248);
#7252=CARTESIAN_POINT('',(-2.51E-1,0.E0,1.224E0));
#7253=DIRECTION('',(0.E0,-1.E0,0.E0));
#7254=DIRECTION('',(-1.E0,0.E0,0.E0));
#7255=AXIS2_PLACEMENT_3D('',#7252,#7253,#7254);
#7257=CURVE_STYLE('',#36,POSITIVE_LENGTH_MEASURE(2.E-2),#28);
#7258=PRESENTATION_STYLE_ASSIGNMENT((#7257));
#7259=STYLED_ITEM('',(#7258),#7256);
#7260=DIRECTION('',(0.E0,0.E0,-1.E0));
#7261=VECTOR('',#7260,2.76E-1);
#7262=CARTESIAN_POINT('',(-3.75E-1,0.E0,1.5E0));
#7263=LINE('',#7262,#7261);
#7264=CURVE_STYLE('',#36,POSITIVE_LENGTH_MEASURE(2.E-2),#28);
#7265=PRESENTATION_STYLE_ASSIGNMENT((#7264));
#7266=STYLED_ITEM('',(#7265),#7263);
#7267=DIRECTION('',(1.E0,0.E0,0.E0));
#7268=VECTOR('',#7267,4.5E-2);
#7269=CARTESIAN_POINT('',(-3.75E-1,0.E0,1.5E0));
#7270=LINE('',#7269,#7268);
#7271=CURVE_STYLE('',#36,POSITIVE_LENGTH_MEASURE(2.E-2),#28);
#7272=PRESENTATION_STYLE_ASSIGNMENT((#7271));
#7273=STYLED_ITEM('',(#7272),#7270);
#7274=DIRECTION('',(0.E0,0.E0,-1.E0));
#7275=VECTOR('',#7274,5.E-2);
#7276=CARTESIAN_POINT('',(-3.3E-1,0.E0,1.5E0));
#7277=LINE('',#7276,#7275);
#7278=CURVE_STYLE('',#36,POSITIVE_LENGTH_MEASURE(2.E-2),#28);
#7279=PRESENTATION_STYLE_ASSIGNMENT((#7278));
#7280=STYLED_ITEM('',(#7279),#7277);
#7281=CARTESIAN_POINT('',(-2.5E-1,0.E0,1.45E0));
#7282=DIRECTION('',(0.E0,1.E0,0.E0));
#7283=DIRECTION('',(1.E0,0.E0,0.E0));
#7284=AXIS2_PLACEMENT_3D('',#7281,#7282,#7283);
#7286=CURVE_STYLE('',#36,POSITIVE_LENGTH_MEASURE(2.E-2),#28);
#7287=PRESENTATION_STYLE_ASSIGNMENT((#7286));
#7288=STYLED_ITEM('',(#7287),#7285);
#7289=DIRECTION('',(0.E0,1.E0,0.E0));
#7290=VECTOR('',#7289,2.E-1);
#7291=CARTESIAN_POINT('',(-1.25E-1,0.E0,1.5E0));
#7292=LINE('',#7291,#7290);
#7293=CURVE_STYLE('',#36,POSITIVE_LENGTH_MEASURE(2.E-2),#28);
#7294=PRESENTATION_STYLE_ASSIGNMENT((#7293));
#7295=STYLED_ITEM('',(#7294),#7292);
#7296=DIRECTION('',(0.E0,1.E0,0.E0));
#7297=VECTOR('',#7296,2.E-1);
#7298=CARTESIAN_POINT('',(-1.25E-1,0.E0,1.224E0));
#7299=LINE('',#7298,#7297);
#7300=CURVE_STYLE('',#36,POSITIVE_LENGTH_MEASURE(2.E-2),#28);
#7301=PRESENTATION_STYLE_ASSIGNMENT((#7300));
#7302=STYLED_ITEM('',(#7301),#7299);
#7303=DIRECTION('',(1.E0,0.E0,0.E0));
#7304=VECTOR('',#7303,2.5E-1);
#7305=CARTESIAN_POINT('',(-3.75E-1,2.E-1,1.5E0));
#7306=LINE('',#7305,#7304);
#7307=CURVE_STYLE('',#36,POSITIVE_LENGTH_MEASURE(2.E-2),#28);
#7308=PRESENTATION_STYLE_ASSIGNMENT((#7307));
#7309=STYLED_ITEM('',(#7308),#7306);
#7310=DIRECTION('',(0.E0,0.E0,-1.E0));
#7311=VECTOR('',#7310,2.76E-1);
#7312=CARTESIAN_POINT('',(-3.75E-1,2.E-1,1.5E0));
#7313=LINE('',#7312,#7311);
#7314=CURVE_STYLE('',#36,POSITIVE_LENGTH_MEASURE(2.E-2),#28);
#7315=PRESENTATION_STYLE_ASSIGNMENT((#7314));
#7316=STYLED_ITEM('',(#7315),#7313);
#7317=CARTESIAN_POINT('',(-2.51E-1,2.E-1,1.224E0));
#7318=DIRECTION('',(0.E0,-1.E0,0.E0));
#7319=DIRECTION('',(-1.E0,0.E0,0.E0));
#7320=AXIS2_PLACEMENT_3D('',#7317,#7318,#7319);
#7322=CURVE_STYLE('',#36,POSITIVE_LENGTH_MEASURE(2.E-2),#28);
#7323=PRESENTATION_STYLE_ASSIGNMENT((#7322));
#7324=STYLED_ITEM('',(#7323),#7321);
#7325=DIRECTION('',(1.E0,0.E0,0.E0));
#7326=VECTOR('',#7325,2.E-3);
#7327=CARTESIAN_POINT('',(-2.51E-1,2.E-1,1.1E0));
#7328=LINE('',#7327,#7326);
#7329=CURVE_STYLE('',#36,POSITIVE_LENGTH_MEASURE(2.E-2),#28);
#7330=PRESENTATION_STYLE_ASSIGNMENT((#7329));
#7331=STYLED_ITEM('',(#7330),#7328);
#7332=CARTESIAN_POINT('',(-2.49E-1,2.E-1,1.224E0));
#7333=DIRECTION('',(0.E0,-1.E0,0.E0));
#7334=DIRECTION('',(0.E0,0.E0,-1.E0));
#7335=AXIS2_PLACEMENT_3D('',#7332,#7333,#7334);
#7337=CURVE_STYLE('',#36,POSITIVE_LENGTH_MEASURE(2.E-2),#28);
#7338=PRESENTATION_STYLE_ASSIGNMENT((#7337));
#7339=STYLED_ITEM('',(#7338),#7336);
#7340=DIRECTION('',(0.E0,0.E0,1.E0));
#7341=VECTOR('',#7340,2.76E-1);
#7342=CARTESIAN_POINT('',(-1.25E-1,2.E-1,1.224E0));
#7343=LINE('',#7342,#7341);
#7344=CURVE_STYLE('',#36,POSITIVE_LENGTH_MEASURE(2.E-2),#28);
#7345=PRESENTATION_STYLE_ASSIGNMENT((#7344));
#7346=STYLED_ITEM('',(#7345),#7343);
#7347=DIRECTION('',(0.E0,1.E0,0.E0));
#7348=VECTOR('',#7347,2.E-1);
#7349=CARTESIAN_POINT('',(-3.75E-1,0.E0,1.5E0));
#7350=LINE('',#7349,#7348);
#7351=CURVE_STYLE('',#36,POSITIVE_LENGTH_MEASURE(2.E-2),#28);
#7352=PRESENTATION_STYLE_ASSIGNMENT((#7351));
#7353=STYLED_ITEM('',(#7352),#7350);
#7354=DIRECTION('',(0.E0,1.E0,0.E0));
#7355=VECTOR('',#7354,2.E-1);
#7356=CARTESIAN_POINT('',(-3.75E-1,0.E0,1.224E0));
#7357=LINE('',#7356,#7355);
#7358=CURVE_STYLE('',#36,POSITIVE_LENGTH_MEASURE(2.E-2),#28);
#7359=PRESENTATION_STYLE_ASSIGNMENT((#7358));
#7360=STYLED_ITEM('',(#7359),#7357);
#7361=DIRECTION('',(0.E0,1.E0,0.E0));
#7362=VECTOR('',#7361,2.E-1);
#7363=CARTESIAN_POINT('',(-2.51E-1,0.E0,1.1E0));
#7364=LINE('',#7363,#7362);
#7365=CURVE_STYLE('',#36,POSITIVE_LENGTH_MEASURE(2.E-2),#28);
#7366=PRESENTATION_STYLE_ASSIGNMENT((#7365));
#7367=STYLED_ITEM('',(#7366),#7364);
#7368=DIRECTION('',(0.E0,1.E0,0.E0));
#7369=VECTOR('',#7368,2.E-1);
#7370=CARTESIAN_POINT('',(-2.49E-1,0.E0,1.1E0));
#7371=LINE('',#7370,#7369);
#7372=CURVE_STYLE('',#36,POSITIVE_LENGTH_MEASURE(2.E-2),#28);
#7373=PRESENTATION_STYLE_ASSIGNMENT((#7372));
#7374=STYLED_ITEM('',(#7373),#7371);
#7375=CARTESIAN_POINT('',(-3.75E-1,0.E0,1.224E0));
#7376=CARTESIAN_POINT('',(-2.51E-1,0.E0,1.1E0));
#7377=VERTEX_POINT('',#7375);
#7378=VERTEX_POINT('',#7376);
#7379=CARTESIAN_POINT('',(-2.49E-1,0.E0,1.1E0));
#7380=VERTEX_POINT('',#7379);
#7381=CARTESIAN_POINT('',(-1.25E-1,0.E0,1.224E0));
#7382=VERTEX_POINT('',#7381);
#7383=CARTESIAN_POINT('',(-3.75E-1,2.E-1,1.224E0));
#7384=CARTESIAN_POINT('',(-2.51E-1,2.E-1,1.1E0));
#7385=VERTEX_POINT('',#7383);
#7386=VERTEX_POINT('',#7384);
#7387=CARTESIAN_POINT('',(-2.49E-1,2.E-1,1.1E0));
#7388=VERTEX_POINT('',#7387);
#7389=CARTESIAN_POINT('',(-1.25E-1,2.E-1,1.224E0));
#7390=VERTEX_POINT('',#7389);
#7391=CARTESIAN_POINT('',(-3.75E-1,0.E0,1.5E0));
#7392=CARTESIAN_POINT('',(-3.75E-1,2.E-1,1.5E0));
#7393=VERTEX_POINT('',#7391);
#7394=VERTEX_POINT('',#7392);
#7395=CARTESIAN_POINT('',(-1.25E-1,0.E0,1.5E0));
#7396=CARTESIAN_POINT('',(-1.25E-1,2.E-1,1.5E0));
#7397=VERTEX_POINT('',#7395);
#7398=VERTEX_POINT('',#7396);
#7399=CARTESIAN_POINT('',(-1.7E-1,0.E0,1.5E0));
#7400=CARTESIAN_POINT('',(-1.7E-1,0.E0,1.45E0));
#7401=VERTEX_POINT('',#7399);
#7402=VERTEX_POINT('',#7400);
#7403=CARTESIAN_POINT('',(-3.3E-1,0.E0,1.45E0));
#7404=VERTEX_POINT('',#7403);
#7405=CARTESIAN_POINT('',(-3.3E-1,0.E0,1.5E0));
#7406=VERTEX_POINT('',#7405);
#7407=CARTESIAN_POINT('',(-2.65E-1,1.E-1,1.45E0));
#7408=CARTESIAN_POINT('',(-2.65E-1,1.E-1,1.5E0));
#7409=VERTEX_POINT('',#7407);
#7410=VERTEX_POINT('',#7408);
#7411=CARTESIAN_POINT('',(-3.3E-1,3.5E-2,1.450000000009E0));
#7412=CARTESIAN_POINT('',(-3.3E-1,3.5E-2,1.5E0));
#7413=VERTEX_POINT('',#7411);
#7414=VERTEX_POINT('',#7412);
#7415=CARTESIAN_POINT('',(-2.35E-1,1.E-1,1.45E0));
#7416=VERTEX_POINT('',#7415);
#7417=CARTESIAN_POINT('',(-1.7E-1,3.5E-2,1.45E0));
#7418=VERTEX_POINT('',#7417);
#7419=CARTESIAN_POINT('',(-1.7E-1,3.5E-2,1.5E0));
#7420=VERTEX_POINT('',#7419);
#7421=CARTESIAN_POINT('',(-2.35E-1,1.E-1,1.5E0));
#7422=VERTEX_POINT('',#7421);
#7423=CARTESIAN_POINT('',(1.25E0,0.E0,1.5E0));
#7424=DIRECTION('',(0.E0,0.E0,-1.E0));
#7425=DIRECTION('',(-1.E0,0.E0,0.E0));
#7426=AXIS2_PLACEMENT_3D('',#7423,#7424,#7425);
#7427=PLANE('',#7426);
#7429=ORIENTED_EDGE('',*,*,#7428,.T.);
#7431=ORIENTED_EDGE('',*,*,#7430,.F.);
#7433=ORIENTED_EDGE('',*,*,#7432,.F.);
#7435=ORIENTED_EDGE('',*,*,#7434,.F.);
#7437=ORIENTED_EDGE('',*,*,#7436,.F.);
#7439=ORIENTED_EDGE('',*,*,#7438,.F.);
#7441=ORIENTED_EDGE('',*,*,#7440,.T.);
#7443=ORIENTED_EDGE('',*,*,#7442,.T.);
#7445=ORIENTED_EDGE('',*,*,#7444,.F.);
#7447=ORIENTED_EDGE('',*,*,#7446,.F.);
#7448=EDGE_LOOP('',(#7429,#7431,#7433,#7435,#7437,#7439,#7441,#7443,#7445,
#7447));
#7449=FACE_OUTER_BOUND('',#7448,.F.);
#7450=ADVANCED_FACE('',(#7449),#7427,.F.);
#7451=FILL_AREA_STYLE_COLOUR('',#29);
#7452=FILL_AREA_STYLE('',(#7451));
#7453=SURFACE_STYLE_FILL_AREA(#7452);
#7454=SURFACE_SIDE_STYLE('',(#7453));
#7455=SURFACE_STYLE_USAGE(.POSITIVE.,#7454);
#7456=PRESENTATION_STYLE_ASSIGNMENT((#7455));
#7457=OVER_RIDING_STYLED_ITEM('',(#7456),#7450,#7104);
#7458=CARTESIAN_POINT('',(-1.7E-1,0.E0,1.5E0));
#7459=DIRECTION('',(1.E0,0.E0,0.E0));
#7460=DIRECTION('',(0.E0,0.E0,-1.E0));
#7461=AXIS2_PLACEMENT_3D('',#7458,#7459,#7460);
#7462=PLANE('',#7461);
#7464=ORIENTED_EDGE('',*,*,#7463,.F.);
#7465=ORIENTED_EDGE('',*,*,#7428,.F.);
#7467=ORIENTED_EDGE('',*,*,#7466,.T.);
#7469=ORIENTED_EDGE('',*,*,#7468,.T.);
#7470=EDGE_LOOP('',(#7464,#7465,#7467,#7469));
#7471=FACE_OUTER_BOUND('',#7470,.F.);
#7472=ADVANCED_FACE('',(#7471),#7462,.F.);
#7473=CARTESIAN_POINT('',(-2.35E-1,3.5E-2,5.4108E0));
#7474=DIRECTION('',(0.E0,0.E0,-1.E0));
#7475=DIRECTION('',(0.E0,1.E0,0.E0));
#7476=AXIS2_PLACEMENT_3D('',#7473,#7474,#7475);
#7477=CYLINDRICAL_SURFACE('',#7476,6.5E-2);
#7478=ORIENTED_EDGE('',*,*,#7463,.T.);
#7480=ORIENTED_EDGE('',*,*,#7479,.F.);
#7482=ORIENTED_EDGE('',*,*,#7481,.F.);
#7483=ORIENTED_EDGE('',*,*,#7430,.T.);
#7484=EDGE_LOOP('',(#7478,#7480,#7482,#7483));
#7485=FACE_OUTER_BOUND('',#7484,.F.);
#7486=ADVANCED_FACE('',(#7485),#7477,.F.);
#7487=CARTESIAN_POINT('',(-1.708130756124E-1,3.290453394266E-2,
1.461136716841E0));
#7488=CARTESIAN_POINT('',(-1.695344522353E-1,7.293610489708E-2,
1.461316540298E0));
#7489=CARTESIAN_POINT('',(-1.975797702334E-1,1.012574209620E-1,
1.457372293598E0));
#7490=CARTESIAN_POINT('',(-2.372212238581E-1,9.996621446569E-2,
1.451797185742E0));
#7491=CARTESIAN_POINT('',(-1.635421679349E-1,3.290453394266E-2,
1.409437385280E0));
#7492=CARTESIAN_POINT('',(-1.621461419361E-1,7.293610489708E-2,
1.408782424782E0));
#7493=CARTESIAN_POINT('',(-1.927665683820E-1,1.012574209620E-1,
1.423148324676E0));
#7494=CARTESIAN_POINT('',(-2.360478823970E-1,9.996621446569E-2,
1.443454215109E0));
#7495=CARTESIAN_POINT('',(-1.977918877764E-1,3.290453394266E-2,
1.370033785532E0));
#7496=CARTESIAN_POINT('',(-1.969488885910E-1,7.293610489708E-2,
1.368742579035E0));
#7497=CARTESIAN_POINT('',(-2.154392280088E-1,1.012574209620E-1,
1.397063895101E0));
#7498=CARTESIAN_POINT('',(-2.415749249758E-1,9.996621446569E-2,
1.437095466057E0));
#7499=CARTESIAN_POINT('',(-2.500000000038E-1,3.290453394266E-2,
1.370033785534E0));
#7500=CARTESIAN_POINT('',(-2.500000000039E-1,7.293610489708E-2,
1.368742579038E0));
#7501=CARTESIAN_POINT('',(-2.500000000025E-1,1.012574209620E-1,
1.397063895103E0));
#7502=CARTESIAN_POINT('',(-2.500000000006E-1,9.996621446569E-2,
1.437095466057E0));
#7503=CARTESIAN_POINT('',(-3.022081122312E-1,3.290453394266E-2,
1.370033785537E0));
#7504=CARTESIAN_POINT('',(-3.030511114168E-1,7.293610489708E-2,
1.368742579041E0));
#7505=CARTESIAN_POINT('',(-2.845607719962E-1,1.012574209620E-1,
1.397063895105E0));
#7506=CARTESIAN_POINT('',(-2.584250750254E-1,9.996621446569E-2,
1.437095466058E0));
#7507=CARTESIAN_POINT('',(-3.364578320690E-1,3.290453394266E-2,
1.409437385288E0));
#7508=CARTESIAN_POINT('',(-3.378538580678E-1,7.293610489708E-2,
1.408782424791E0));
#7509=CARTESIAN_POINT('',(-3.072334316206E-1,1.012574209620E-1,
1.423148324682E0));
#7510=CARTESIAN_POINT('',(-2.639521176036E-1,9.996621446569E-2,
1.443454215110E0));
#7511=CARTESIAN_POINT('',(-3.291869243865E-1,3.290453394266E-2,
1.461136716849E0));
#7512=CARTESIAN_POINT('',(-3.304655477636E-1,7.293610489708E-2,
1.461316540306E0));
#7513=CARTESIAN_POINT('',(-3.024202297659E-1,1.012574209620E-1,
1.457372293603E0));
#7514=CARTESIAN_POINT('',(-2.627787761418E-1,9.996621446569E-2,
1.451797185743E0));
#7515=(BOUNDED_SURFACE()B_SPLINE_SURFACE(3,3,((#7487,#7488,#7489,#7490),(#7491,
#7492,#7493,#7494),(#7495,#7496,#7497,#7498),(#7499,#7500,#7501,#7502),(#7503,
#7504,#7505,#7506),(#7507,#7508,#7509,#7510),(#7511,#7512,#7513,#7514)),
.UNSPECIFIED.,.F.,.F.,.F.)B_SPLINE_SURFACE_WITH_KNOTS((4,3,4),(4,4),(0.E0,1.E0,
2.E0),(0.E0,1.E0),.UNSPECIFIED.)GEOMETRIC_REPRESENTATION_ITEM()RATIONAL_B_SPLINE_SURFACE(((1.434386219132E0,1.132154901202E0,1.132154901202E0,1.434386219132E0),(
1.105455593096E0,8.725313664418E-1,8.725313664418E-1,1.105455593096E0),(
1.105455593096E0,8.725313664418E-1,8.725313664418E-1,1.105455593096E0),(
1.434386219132E0,1.132154901202E0,1.132154901202E0,1.434386219132E0),(
1.105455593096E0,8.725313664418E-1,8.725313664418E-1,1.105455593096E0),(
1.105455593096E0,8.725313664418E-1,8.725313664418E-1,1.105455593096E0),(
1.434386219132E0,1.132154901202E0,1.132154901202E0,1.434386219132E0)))REPRESENTATION_ITEM('')SURFACE());
#7517=ORIENTED_EDGE('',*,*,#7516,.F.);
#7518=ORIENTED_EDGE('',*,*,#7479,.T.);
#7520=ORIENTED_EDGE('',*,*,#7519,.T.);
#7522=ORIENTED_EDGE('',*,*,#7521,.F.);
#7523=EDGE_LOOP('',(#7517,#7518,#7520,#7522));
#7524=FACE_OUTER_BOUND('',#7523,.F.);
#7525=ADVANCED_FACE('',(#7524),#7515,.F.);
#7526=CARTESIAN_POINT('',(0.E0,1.E-1,0.E0));
#7527=DIRECTION('',(0.E0,1.E0,0.E0));
#7528=DIRECTION('',(1.E0,0.E0,0.E0));
#7529=AXIS2_PLACEMENT_3D('',#7526,#7527,#7528);
#7530=PLANE('',#7529);
#7532=ORIENTED_EDGE('',*,*,#7531,.T.);
#7533=ORIENTED_EDGE('',*,*,#7432,.T.);
#7534=ORIENTED_EDGE('',*,*,#7481,.T.);
#7535=ORIENTED_EDGE('',*,*,#7516,.T.);
#7536=EDGE_LOOP('',(#7532,#7533,#7534,#7535));
#7537=FACE_OUTER_BOUND('',#7536,.F.);
#7538=ADVANCED_FACE('',(#7537),#7530,.F.);
#7539=CARTESIAN_POINT('',(-2.65E-1,3.5E-2,1.447314511898E0));
#7540=DIRECTION('',(0.E0,0.E0,1.E0));
#7541=DIRECTION('',(0.E0,1.E0,0.E0));
#7542=AXIS2_PLACEMENT_3D('',#7539,#7540,#7541);
#7543=CYLINDRICAL_SURFACE('',#7542,6.5E-2);
#7544=ORIENTED_EDGE('',*,*,#7531,.F.);
#7545=ORIENTED_EDGE('',*,*,#7521,.T.);
#7547=ORIENTED_EDGE('',*,*,#7546,.T.);
#7548=ORIENTED_EDGE('',*,*,#7434,.T.);
#7549=EDGE_LOOP('',(#7544,#7545,#7547,#7548));
#7550=FACE_OUTER_BOUND('',#7549,.F.);
#7551=ADVANCED_FACE('',(#7550),#7543,.F.);
#7552=CARTESIAN_POINT('',(-3.3E-1,0.E0,1.45E0));
#7553=DIRECTION('',(-1.E0,0.E0,0.E0));
#7554=DIRECTION('',(0.E0,0.E0,1.E0));
#7555=AXIS2_PLACEMENT_3D('',#7552,#7553,#7554);
#7556=PLANE('',#7555);
#7557=ORIENTED_EDGE('',*,*,#7546,.F.);
#7559=ORIENTED_EDGE('',*,*,#7558,.F.);
#7561=ORIENTED_EDGE('',*,*,#7560,.F.);
#7562=ORIENTED_EDGE('',*,*,#7436,.T.);
#7563=EDGE_LOOP('',(#7557,#7559,#7561,#7562));
#7564=FACE_OUTER_BOUND('',#7563,.F.);
#7565=ADVANCED_FACE('',(#7564),#7556,.F.);
#7566=CARTESIAN_POINT('',(-2.5E-1,0.E0,1.45E0));
#7567=DIRECTION('',(0.E0,1.E0,0.E0));
#7568=DIRECTION('',(1.E0,0.E0,0.E0));
#7569=AXIS2_PLACEMENT_3D('',#7566,#7567,#7568);
#7570=CYLINDRICAL_SURFACE('',#7569,8.E-2);
#7571=ORIENTED_EDGE('',*,*,#7519,.F.);
#7572=ORIENTED_EDGE('',*,*,#7468,.F.);
#7574=ORIENTED_EDGE('',*,*,#7573,.T.);
#7575=ORIENTED_EDGE('',*,*,#7558,.T.);
#7576=EDGE_LOOP('',(#7571,#7572,#7574,#7575));
#7577=FACE_OUTER_BOUND('',#7576,.F.);
#7578=ADVANCED_FACE('',(#7577),#7570,.F.);
#7579=CARTESIAN_POINT('',(0.E0,0.E0,0.E0));
#7580=DIRECTION('',(0.E0,-1.E0,0.E0));
#7581=DIRECTION('',(1.E0,0.E0,0.E0));
#7582=AXIS2_PLACEMENT_3D('',#7579,#7580,#7581);
#7583=PLANE('',#7582);
#7584=ORIENTED_EDGE('',*,*,#7466,.F.);
#7585=ORIENTED_EDGE('',*,*,#7446,.T.);
#7587=ORIENTED_EDGE('',*,*,#7586,.F.);
#7589=ORIENTED_EDGE('',*,*,#7588,.F.);
#7591=ORIENTED_EDGE('',*,*,#7590,.F.);
#7593=ORIENTED_EDGE('',*,*,#7592,.F.);
#7595=ORIENTED_EDGE('',*,*,#7594,.F.);
#7596=ORIENTED_EDGE('',*,*,#7438,.T.);
#7597=ORIENTED_EDGE('',*,*,#7560,.T.);
#7598=ORIENTED_EDGE('',*,*,#7573,.F.);
#7599=EDGE_LOOP('',(#7584,#7585,#7587,#7589,#7591,#7593,#7595,#7596,#7597,
#7598));
#7600=FACE_OUTER_BOUND('',#7599,.F.);
#7601=ADVANCED_FACE('',(#7600),#7583,.T.);
#7602=CARTESIAN_POINT('',(-1.25E-1,0.E0,1.224E0));
#7603=DIRECTION('',(-1.E0,0.E0,0.E0));
#7604=DIRECTION('',(0.E0,0.E0,1.E0));
#7605=AXIS2_PLACEMENT_3D('',#7602,#7603,#7604);
#7606=PLANE('',#7605);
#7607=ORIENTED_EDGE('',*,*,#7444,.T.);
#7609=ORIENTED_EDGE('',*,*,#7608,.F.);
#7611=ORIENTED_EDGE('',*,*,#7610,.F.);
#7612=ORIENTED_EDGE('',*,*,#7586,.T.);
#7613=EDGE_LOOP('',(#7607,#7609,#7611,#7612));
#7614=FACE_OUTER_BOUND('',#7613,.F.);
#7615=ADVANCED_FACE('',(#7614),#7606,.F.);
#7616=CARTESIAN_POINT('',(0.E0,2.E-1,0.E0));
#7617=DIRECTION('',(0.E0,-1.E0,0.E0));
#7618=DIRECTION('',(1.E0,0.E0,0.E0));
#7619=AXIS2_PLACEMENT_3D('',#7616,#7617,#7618);
#7620=PLANE('',#7619);
#7621=ORIENTED_EDGE('',*,*,#7442,.F.);
#7623=ORIENTED_EDGE('',*,*,#7622,.T.);
#7625=ORIENTED_EDGE('',*,*,#7624,.T.);
#7627=ORIENTED_EDGE('',*,*,#7626,.T.);
#7629=ORIENTED_EDGE('',*,*,#7628,.T.);
#7630=ORIENTED_EDGE('',*,*,#7608,.T.);
#7631=EDGE_LOOP('',(#7621,#7623,#7625,#7627,#7629,#7630));
#7632=FACE_OUTER_BOUND('',#7631,.F.);
#7633=ADVANCED_FACE('',(#7632),#7620,.F.);
#7634=CARTESIAN_POINT('',(-3.75E-1,0.E0,1.6E0));
#7635=DIRECTION('',(1.E0,0.E0,0.E0));
#7636=DIRECTION('',(0.E0,0.E0,-1.E0));
#7637=AXIS2_PLACEMENT_3D('',#7634,#7635,#7636);
#7638=PLANE('',#7637);
#7639=ORIENTED_EDGE('',*,*,#7440,.F.);
#7640=ORIENTED_EDGE('',*,*,#7594,.T.);
#7642=ORIENTED_EDGE('',*,*,#7641,.T.);
#7643=ORIENTED_EDGE('',*,*,#7622,.F.);
#7644=EDGE_LOOP('',(#7639,#7640,#7642,#7643));
#7645=FACE_OUTER_BOUND('',#7644,.F.);
#7646=ADVANCED_FACE('',(#7645),#7638,.F.);
#7647=CARTESIAN_POINT('',(-2.51E-1,0.E0,1.224E0));
#7648=DIRECTION('',(0.E0,-1.E0,0.E0));
#7649=DIRECTION('',(1.E0,0.E0,0.E0));
#7650=AXIS2_PLACEMENT_3D('',#7647,#7648,#7649);
#7651=CYLINDRICAL_SURFACE('',#7650,1.24E-1);
#7652=ORIENTED_EDGE('',*,*,#7592,.T.);
#7654=ORIENTED_EDGE('',*,*,#7653,.T.);
#7655=ORIENTED_EDGE('',*,*,#7624,.F.);
#7656=ORIENTED_EDGE('',*,*,#7641,.F.);
#7657=EDGE_LOOP('',(#7652,#7654,#7655,#7656));
#7658=FACE_OUTER_BOUND('',#7657,.F.);
#7659=ADVANCED_FACE('',(#7658),#7651,.T.);
#7660=CARTESIAN_POINT('',(-2.51E-1,0.E0,1.1E0));
#7661=DIRECTION('',(0.E0,0.E0,1.E0));
#7662=DIRECTION('',(1.E0,0.E0,0.E0));
#7663=AXIS2_PLACEMENT_3D('',#7660,#7661,#7662);
#7664=PLANE('',#7663);
#7665=ORIENTED_EDGE('',*,*,#7590,.T.);
#7667=ORIENTED_EDGE('',*,*,#7666,.T.);
#7668=ORIENTED_EDGE('',*,*,#7626,.F.);
#7669=ORIENTED_EDGE('',*,*,#7653,.F.);
#7670=EDGE_LOOP('',(#7665,#7667,#7668,#7669));
#7671=FACE_OUTER_BOUND('',#7670,.F.);
#7672=ADVANCED_FACE('',(#7671),#7664,.F.);
#7673=CARTESIAN_POINT('',(-2.49E-1,0.E0,1.224E0));
#7674=DIRECTION('',(0.E0,-1.E0,0.E0));
#7675=DIRECTION('',(1.E0,0.E0,0.E0));
#7676=AXIS2_PLACEMENT_3D('',#7673,#7674,#7675);
#7677=CYLINDRICAL_SURFACE('',#7676,1.24E-1);
#7678=ORIENTED_EDGE('',*,*,#7588,.T.);
#7679=ORIENTED_EDGE('',*,*,#7610,.T.);
#7680=ORIENTED_EDGE('',*,*,#7628,.F.);
#7681=ORIENTED_EDGE('',*,*,#7666,.F.);
#7682=EDGE_LOOP('',(#7678,#7679,#7680,#7681));
#7683=FACE_OUTER_BOUND('',#7682,.F.);
#7684=ADVANCED_FACE('',(#7683),#7677,.T.);
#7685=CLOSED_SHELL('',(#7450,#7472,#7486,#7525,#7538,#7551,#7565,#7578,#7601,
#7615,#7633,#7646,#7659,#7672,#7684));
#7686=MANIFOLD_SOLID_BREP('',#7685);
#7687=FILL_AREA_STYLE_COLOUR('',#28);
#7688=FILL_AREA_STYLE('',(#7687));
#7689=SURFACE_STYLE_FILL_AREA(#7688);
#7690=SURFACE_SIDE_STYLE('',(#7689));
#7691=SURFACE_STYLE_USAGE(.POSITIVE.,#7690);
#7692=PRESENTATION_STYLE_ASSIGNMENT((#7691));
#7104=STYLED_ITEM('',(#7692),#7686);
#7694=DIRECTION('',(1.E0,0.E0,0.E0));
#7695=VECTOR('',#7694,3.E-2);
#7696=CARTESIAN_POINT('',(2.35E-1,1.E-1,1.5E0));
#7697=LINE('',#7696,#7695);
#7698=CURVE_STYLE('',#36,POSITIVE_LENGTH_MEASURE(2.E-2),#28);
#7699=PRESENTATION_STYLE_ASSIGNMENT((#7698));
#7700=STYLED_ITEM('',(#7699),#7697);
#7701=DIRECTION('',(0.E0,1.E0,0.E0));
#7702=VECTOR('',#7701,3.5E-2);
#7703=CARTESIAN_POINT('',(1.7E-1,0.E0,1.5E0));
#7704=LINE('',#7703,#7702);
#7705=CURVE_STYLE('',#36,POSITIVE_LENGTH_MEASURE(2.E-2),#28);
#7706=PRESENTATION_STYLE_ASSIGNMENT((#7705));
#7707=STYLED_ITEM('',(#7706),#7704);
#7708=DIRECTION('',(0.E0,1.E0,0.E0));
#7709=VECTOR('',#7708,3.5E-2);
#7710=CARTESIAN_POINT('',(3.3E-1,0.E0,1.5E0));
#7711=LINE('',#7710,#7709);
#7712=CURVE_STYLE('',#36,POSITIVE_LENGTH_MEASURE(2.E-2),#28);
#7713=PRESENTATION_STYLE_ASSIGNMENT((#7712));
#7714=STYLED_ITEM('',(#7713),#7711);
#7715=DIRECTION('',(0.E0,0.E0,1.E0));
#7716=VECTOR('',#7715,5.E-2);
#7717=CARTESIAN_POINT('',(2.35E-1,1.E-1,1.45E0));
#7718=LINE('',#7717,#7716);
#7719=CURVE_STYLE('',#36,POSITIVE_LENGTH_MEASURE(2.E-2),#28);
#7720=PRESENTATION_STYLE_ASSIGNMENT((#7719));
#7721=STYLED_ITEM('',(#7720),#7718);
#7722=DIRECTION('',(0.E0,0.E0,-1.E0));
#7723=VECTOR('',#7722,5.E-2);
#7724=CARTESIAN_POINT('',(2.65E-1,1.E-1,1.5E0));
#7725=LINE('',#7724,#7723);
#7726=CURVE_STYLE('',#36,POSITIVE_LENGTH_MEASURE(2.E-2),#28);
#7727=PRESENTATION_STYLE_ASSIGNMENT((#7726));
#7728=STYLED_ITEM('',(#7727),#7725);
#7729=CARTESIAN_POINT('',(2.5E-1,1.E-1,1.45E0));
#7730=DIRECTION('',(0.E0,1.E0,0.E0));
#7731=DIRECTION('',(1.E0,0.E0,0.E0));
#7732=AXIS2_PLACEMENT_3D('',#7729,#7730,#7731);
#7734=CURVE_STYLE('',#36,POSITIVE_LENGTH_MEASURE(2.E-2),#28);
#7735=PRESENTATION_STYLE_ASSIGNMENT((#7734));
#7736=STYLED_ITEM('',(#7735),#7733);
#7737=CARTESIAN_POINT('',(2.35E-1,3.5E-2,1.45E0));
#7738=DIRECTION('',(0.E0,0.E0,1.E0));
#7739=DIRECTION('',(0.E0,1.E0,0.E0));
#7740=AXIS2_PLACEMENT_3D('',#7737,#7738,#7739);
#7742=CURVE_STYLE('',#36,POSITIVE_LENGTH_MEASURE(2.E-2),#28);
#7743=PRESENTATION_STYLE_ASSIGNMENT((#7742));
#7744=STYLED_ITEM('',(#7743),#7741);
#7745=CARTESIAN_POINT('',(2.35E-1,3.5E-2,1.5E0));
#7746=DIRECTION('',(0.E0,0.E0,-1.E0));
#7747=DIRECTION('',(-1.E0,0.E0,0.E0));
#7748=AXIS2_PLACEMENT_3D('',#7745,#7746,#7747);
#7750=CURVE_STYLE('',#36,POSITIVE_LENGTH_MEASURE(2.E-2),#28);
#7751=PRESENTATION_STYLE_ASSIGNMENT((#7750));
#7752=STYLED_ITEM('',(#7751),#7749);
#7753=CARTESIAN_POINT('',(2.65E-1,3.5E-2,1.45E0));
#7754=DIRECTION('',(0.E0,0.E0,-1.E0));
#7755=DIRECTION('',(0.E0,1.E0,0.E0));
#7756=AXIS2_PLACEMENT_3D('',#7753,#7754,#7755);
#7758=CURVE_STYLE('',#36,POSITIVE_LENGTH_MEASURE(2.E-2),#28);
#7759=PRESENTATION_STYLE_ASSIGNMENT((#7758));
#7760=STYLED_ITEM('',(#7759),#7757);
#7761=CARTESIAN_POINT('',(2.65E-1,3.5E-2,1.5E0));
#7762=DIRECTION('',(0.E0,0.E0,-1.E0));
#7763=DIRECTION('',(-1.281026566875E-14,1.E0,0.E0));
#7764=AXIS2_PLACEMENT_3D('',#7761,#7762,#7763);
#7766=CURVE_STYLE('',#36,POSITIVE_LENGTH_MEASURE(2.E-2),#28);
#7767=PRESENTATION_STYLE_ASSIGNMENT((#7766));
#7768=STYLED_ITEM('',(#7767),#7765);
#7769=DIRECTION('',(0.E0,0.E0,-1.E0));
#7770=VECTOR('',#7769,4.999999999726E-2);
#7771=CARTESIAN_POINT('',(3.3E-1,3.5E-2,1.5E0));
#7772=LINE('',#7771,#7770);
#7773=CURVE_STYLE('',#36,POSITIVE_LENGTH_MEASURE(2.E-2),#28);
#7774=PRESENTATION_STYLE_ASSIGNMENT((#7773));
#7775=STYLED_ITEM('',(#7774),#7772);
#7776=DIRECTION('',(0.E0,0.E0,-1.E0));
#7777=VECTOR('',#7776,5.E-2);
#7778=CARTESIAN_POINT('',(3.3E-1,0.E0,1.5E0));
#7779=LINE('',#7778,#7777);
#7780=CURVE_STYLE('',#36,POSITIVE_LENGTH_MEASURE(2.E-2),#28);
#7781=PRESENTATION_STYLE_ASSIGNMENT((#7780));
#7782=STYLED_ITEM('',(#7781),#7779);
#7783=DIRECTION('',(1.E0,0.E0,0.E0));
#7784=VECTOR('',#7783,4.5E-2);
#7785=CARTESIAN_POINT('',(3.3E-1,0.E0,1.5E0));
#7786=LINE('',#7785,#7784);
#7787=CURVE_STYLE('',#36,POSITIVE_LENGTH_MEASURE(2.E-2),#28);
#7788=PRESENTATION_STYLE_ASSIGNMENT((#7787));
#7789=STYLED_ITEM('',(#7788),#7786);
#7790=DIRECTION('',(0.E0,0.E0,1.E0));
#7791=VECTOR('',#7790,2.76E-1);
#7792=CARTESIAN_POINT('',(3.75E-1,0.E0,1.224E0));
#7793=LINE('',#7792,#7791);
#7794=CURVE_STYLE('',#36,POSITIVE_LENGTH_MEASURE(2.E-2),#28);
#7795=PRESENTATION_STYLE_ASSIGNMENT((#7794));
#7796=STYLED_ITEM('',(#7795),#7793);
#7797=CARTESIAN_POINT('',(2.51E-1,0.E0,1.224E0));
#7798=DIRECTION('',(0.E0,-1.E0,0.E0));
#7799=DIRECTION('',(0.E0,0.E0,-1.E0));
#7800=AXIS2_PLACEMENT_3D('',#7797,#7798,#7799);
#7802=CURVE_STYLE('',#36,POSITIVE_LENGTH_MEASURE(2.E-2),#28);
#7803=PRESENTATION_STYLE_ASSIGNMENT((#7802));
#7804=STYLED_ITEM('',(#7803),#7801);
#7805=DIRECTION('',(1.E0,0.E0,0.E0));
#7806=VECTOR('',#7805,2.E-3);
#7807=CARTESIAN_POINT('',(2.49E-1,0.E0,1.1E0));
#7808=LINE('',#7807,#7806);
#7809=CURVE_STYLE('',#36,POSITIVE_LENGTH_MEASURE(2.E-2),#28);
#7810=PRESENTATION_STYLE_ASSIGNMENT((#7809));
#7811=STYLED_ITEM('',(#7810),#7808);
#7812=CARTESIAN_POINT('',(2.49E-1,0.E0,1.224E0));
#7813=DIRECTION('',(0.E0,-1.E0,0.E0));
#7814=DIRECTION('',(-1.E0,0.E0,0.E0));
#7815=AXIS2_PLACEMENT_3D('',#7812,#7813,#7814);
#7817=CURVE_STYLE('',#36,POSITIVE_LENGTH_MEASURE(2.E-2),#28);
#7818=PRESENTATION_STYLE_ASSIGNMENT((#7817));
#7819=STYLED_ITEM('',(#7818),#7816);
#7820=DIRECTION('',(0.E0,0.E0,-1.E0));
#7821=VECTOR('',#7820,2.76E-1);
#7822=CARTESIAN_POINT('',(1.25E-1,0.E0,1.5E0));
#7823=LINE('',#7822,#7821);
#7824=CURVE_STYLE('',#36,POSITIVE_LENGTH_MEASURE(2.E-2),#28);
#7825=PRESENTATION_STYLE_ASSIGNMENT((#7824));
#7826=STYLED_ITEM('',(#7825),#7823);
#7827=DIRECTION('',(1.E0,0.E0,0.E0));
#7828=VECTOR('',#7827,4.5E-2);
#7829=CARTESIAN_POINT('',(1.25E-1,0.E0,1.5E0));
#7830=LINE('',#7829,#7828);
#7831=CURVE_STYLE('',#36,POSITIVE_LENGTH_MEASURE(2.E-2),#28);
#7832=PRESENTATION_STYLE_ASSIGNMENT((#7831));
#7833=STYLED_ITEM('',(#7832),#7830);
#7834=DIRECTION('',(0.E0,0.E0,-1.E0));
#7835=VECTOR('',#7834,5.E-2);
#7836=CARTESIAN_POINT('',(1.7E-1,0.E0,1.5E0));
#7837=LINE('',#7836,#7835);
#7838=CURVE_STYLE('',#36,POSITIVE_LENGTH_MEASURE(2.E-2),#28);
#7839=PRESENTATION_STYLE_ASSIGNMENT((#7838));
#7840=STYLED_ITEM('',(#7839),#7837);
#7841=CARTESIAN_POINT('',(2.5E-1,0.E0,1.45E0));
#7842=DIRECTION('',(0.E0,1.E0,0.E0));
#7843=DIRECTION('',(1.E0,0.E0,0.E0));
#7844=AXIS2_PLACEMENT_3D('',#7841,#7842,#7843);
#7846=CURVE_STYLE('',#36,POSITIVE_LENGTH_MEASURE(2.E-2),#28);
#7847=PRESENTATION_STYLE_ASSIGNMENT((#7846));
#7848=STYLED_ITEM('',(#7847),#7845);
#7849=DIRECTION('',(0.E0,1.E0,0.E0));
#7850=VECTOR('',#7849,2.E-1);
#7851=CARTESIAN_POINT('',(3.75E-1,0.E0,1.5E0));
#7852=LINE('',#7851,#7850);
#7853=CURVE_STYLE('',#36,POSITIVE_LENGTH_MEASURE(2.E-2),#28);
#7854=PRESENTATION_STYLE_ASSIGNMENT((#7853));
#7855=STYLED_ITEM('',(#7854),#7852);
#7856=DIRECTION('',(0.E0,1.E0,0.E0));
#7857=VECTOR('',#7856,2.E-1);
#7858=CARTESIAN_POINT('',(3.75E-1,0.E0,1.224E0));
#7859=LINE('',#7858,#7857);
#7860=CURVE_STYLE('',#36,POSITIVE_LENGTH_MEASURE(2.E-2),#28);
#7861=PRESENTATION_STYLE_ASSIGNMENT((#7860));
#7862=STYLED_ITEM('',(#7861),#7859);
#7863=DIRECTION('',(1.E0,0.E0,0.E0));
#7864=VECTOR('',#7863,2.5E-1);
#7865=CARTESIAN_POINT('',(1.25E-1,2.E-1,1.5E0));
#7866=LINE('',#7865,#7864);
#7867=CURVE_STYLE('',#36,POSITIVE_LENGTH_MEASURE(2.E-2),#28);
#7868=PRESENTATION_STYLE_ASSIGNMENT((#7867));
#7869=STYLED_ITEM('',(#7868),#7866);
#7870=DIRECTION('',(0.E0,0.E0,-1.E0));
#7871=VECTOR('',#7870,2.76E-1);
#7872=CARTESIAN_POINT('',(1.25E-1,2.E-1,1.5E0));
#7873=LINE('',#7872,#7871);
#7874=CURVE_STYLE('',#36,POSITIVE_LENGTH_MEASURE(2.E-2),#28);
#7875=PRESENTATION_STYLE_ASSIGNMENT((#7874));
#7876=STYLED_ITEM('',(#7875),#7873);
#7877=CARTESIAN_POINT('',(2.49E-1,2.E-1,1.224E0));
#7878=DIRECTION('',(0.E0,-1.E0,0.E0));
#7879=DIRECTION('',(-1.E0,0.E0,0.E0));
#7880=AXIS2_PLACEMENT_3D('',#7877,#7878,#7879);
#7882=CURVE_STYLE('',#36,POSITIVE_LENGTH_MEASURE(2.E-2),#28);
#7883=PRESENTATION_STYLE_ASSIGNMENT((#7882));
#7884=STYLED_ITEM('',(#7883),#7881);
#7885=DIRECTION('',(1.E0,0.E0,0.E0));
#7886=VECTOR('',#7885,2.E-3);
#7887=CARTESIAN_POINT('',(2.49E-1,2.E-1,1.1E0));
#7888=LINE('',#7887,#7886);
#7889=CURVE_STYLE('',#36,POSITIVE_LENGTH_MEASURE(2.E-2),#28);
#7890=PRESENTATION_STYLE_ASSIGNMENT((#7889));
#7891=STYLED_ITEM('',(#7890),#7888);
#7892=CARTESIAN_POINT('',(2.51E-1,2.E-1,1.224E0));
#7893=DIRECTION('',(0.E0,-1.E0,0.E0));
#7894=DIRECTION('',(0.E0,0.E0,-1.E0));
#7895=AXIS2_PLACEMENT_3D('',#7892,#7893,#7894);
#7897=CURVE_STYLE('',#36,POSITIVE_LENGTH_MEASURE(2.E-2),#28);
#7898=PRESENTATION_STYLE_ASSIGNMENT((#7897));
#7899=STYLED_ITEM('',(#7898),#7896);
#7900=DIRECTION('',(0.E0,0.E0,1.E0));
#7901=VECTOR('',#7900,2.76E-1);
#7902=CARTESIAN_POINT('',(3.75E-1,2.E-1,1.224E0));
#7903=LINE('',#7902,#7901);
#7904=CURVE_STYLE('',#36,POSITIVE_LENGTH_MEASURE(2.E-2),#28);
#7905=PRESENTATION_STYLE_ASSIGNMENT((#7904));
#7906=STYLED_ITEM('',(#7905),#7903);
#7907=DIRECTION('',(0.E0,1.E0,0.E0));
#7908=VECTOR('',#7907,2.E-1);
#7909=CARTESIAN_POINT('',(1.25E-1,0.E0,1.5E0));
#7910=LINE('',#7909,#7908);
#7911=CURVE_STYLE('',#36,POSITIVE_LENGTH_MEASURE(2.E-2),#28);
#7912=PRESENTATION_STYLE_ASSIGNMENT((#7911));
#7913=STYLED_ITEM('',(#7912),#7910);
#7914=DIRECTION('',(0.E0,1.E0,0.E0));
#7915=VECTOR('',#7914,2.E-1);
#7916=CARTESIAN_POINT('',(1.25E-1,0.E0,1.224E0));
#7917=LINE('',#7916,#7915);
#7918=CURVE_STYLE('',#36,POSITIVE_LENGTH_MEASURE(2.E-2),#28);
#7919=PRESENTATION_STYLE_ASSIGNMENT((#7918));
#7920=STYLED_ITEM('',(#7919),#7917);
#7921=DIRECTION('',(0.E0,1.E0,0.E0));
#7922=VECTOR('',#7921,2.E-1);
#7923=CARTESIAN_POINT('',(2.49E-1,0.E0,1.1E0));
#7924=LINE('',#7923,#7922);
#7925=CURVE_STYLE('',#36,POSITIVE_LENGTH_MEASURE(2.E-2),#28);
#7926=PRESENTATION_STYLE_ASSIGNMENT((#7925));
#7927=STYLED_ITEM('',(#7926),#7924);
#7928=DIRECTION('',(0.E0,1.E0,0.E0));
#7929=VECTOR('',#7928,2.E-1);
#7930=CARTESIAN_POINT('',(2.51E-1,0.E0,1.1E0));
#7931=LINE('',#7930,#7929);
#7932=CURVE_STYLE('',#36,POSITIVE_LENGTH_MEASURE(2.E-2),#28);
#7933=PRESENTATION_STYLE_ASSIGNMENT((#7932));
#7934=STYLED_ITEM('',(#7933),#7931);
#7935=DIRECTION('',(0.E0,0.E0,1.E0));
#7936=VECTOR('',#7935,4.999999999071E-2);
#7937=CARTESIAN_POINT('',(1.7E-1,3.5E-2,1.450000000009E0));
#7938=LINE('',#7937,#7936);
#7939=CURVE_STYLE('',#36,POSITIVE_LENGTH_MEASURE(2.E-2),#28);
#7940=PRESENTATION_STYLE_ASSIGNMENT((#7939));
#7941=STYLED_ITEM('',(#7940),#7938);
#7942=DIRECTION('',(0.E0,1.E0,2.653623352801E-10));
#7943=VECTOR('',#7942,3.5E-2);
#7944=CARTESIAN_POINT('',(1.7E-1,0.E0,1.45E0));
#7945=LINE('',#7944,#7943);
#7946=CURVE_STYLE('',#36,POSITIVE_LENGTH_MEASURE(2.E-2),#28);
#7947=PRESENTATION_STYLE_ASSIGNMENT((#7946));
#7948=STYLED_ITEM('',(#7947),#7945);
#7949=CARTESIAN_POINT('',(2.5E-1,3.5E-2,1.45E0));
#7950=DIRECTION('',(0.E0,1.E0,0.E0));
#7951=DIRECTION('',(1.E0,0.E0,0.E0));
#7952=AXIS2_PLACEMENT_3D('',#7949,#7950,#7951);
#7954=CURVE_STYLE('',#36,POSITIVE_LENGTH_MEASURE(2.E-2),#28);
#7955=PRESENTATION_STYLE_ASSIGNMENT((#7954));
#7956=STYLED_ITEM('',(#7955),#7953);
#7957=DIRECTION('',(0.E0,1.E0,7.821045398617E-11));
#7958=VECTOR('',#7957,3.5E-2);
#7959=CARTESIAN_POINT('',(3.3E-1,0.E0,1.45E0));
#7960=LINE('',#7959,#7958);
#7961=CURVE_STYLE('',#36,POSITIVE_LENGTH_MEASURE(2.E-2),#28);
#7962=PRESENTATION_STYLE_ASSIGNMENT((#7961));
#7963=STYLED_ITEM('',(#7962),#7960);
#7964=CARTESIAN_POINT('',(1.25E-1,0.E0,1.224E0));
#7965=CARTESIAN_POINT('',(2.49E-1,0.E0,1.1E0));
#7966=VERTEX_POINT('',#7964);
#7967=VERTEX_POINT('',#7965);
#7968=CARTESIAN_POINT('',(2.51E-1,0.E0,1.1E0));
#7969=VERTEX_POINT('',#7968);
#7970=CARTESIAN_POINT('',(3.75E-1,0.E0,1.224E0));
#7971=VERTEX_POINT('',#7970);
#7972=CARTESIAN_POINT('',(1.25E-1,2.E-1,1.224E0));
#7973=CARTESIAN_POINT('',(2.49E-1,2.E-1,1.1E0));
#7974=VERTEX_POINT('',#7972);
#7975=VERTEX_POINT('',#7973);
#7976=CARTESIAN_POINT('',(2.51E-1,2.E-1,1.1E0));
#7977=VERTEX_POINT('',#7976);
#7978=CARTESIAN_POINT('',(3.75E-1,2.E-1,1.224E0));
#7979=VERTEX_POINT('',#7978);
#7980=CARTESIAN_POINT('',(1.25E-1,0.E0,1.5E0));
#7981=CARTESIAN_POINT('',(1.25E-1,2.E-1,1.5E0));
#7982=VERTEX_POINT('',#7980);
#7983=VERTEX_POINT('',#7981);
#7984=CARTESIAN_POINT('',(3.75E-1,0.E0,1.5E0));
#7985=CARTESIAN_POINT('',(3.75E-1,2.E-1,1.5E0));
#7986=VERTEX_POINT('',#7984);
#7987=VERTEX_POINT('',#7985);
#7988=CARTESIAN_POINT('',(3.3E-1,0.E0,1.5E0));
#7989=CARTESIAN_POINT('',(3.3E-1,0.E0,1.45E0));
#7990=VERTEX_POINT('',#7988);
#7991=VERTEX_POINT('',#7989);
#7992=CARTESIAN_POINT('',(1.7E-1,0.E0,1.45E0));
#7993=VERTEX_POINT('',#7992);
#7994=CARTESIAN_POINT('',(1.7E-1,0.E0,1.5E0));
#7995=VERTEX_POINT('',#7994);
#7996=CARTESIAN_POINT('',(2.35E-1,1.E-1,1.45E0));
#7997=CARTESIAN_POINT('',(2.35E-1,1.E-1,1.5E0));
#7998=VERTEX_POINT('',#7996);
#7999=VERTEX_POINT('',#7997);
#8000=CARTESIAN_POINT('',(1.7E-1,3.5E-2,1.450000000009E0));
#8001=CARTESIAN_POINT('',(1.7E-1,3.5E-2,1.5E0));
#8002=VERTEX_POINT('',#8000);
#8003=VERTEX_POINT('',#8001);
#8004=CARTESIAN_POINT('',(2.65E-1,1.E-1,1.45E0));
#8005=VERTEX_POINT('',#8004);
#8006=CARTESIAN_POINT('',(3.3E-1,3.5E-2,1.45E0));
#8007=VERTEX_POINT('',#8006);
#8008=CARTESIAN_POINT('',(3.3E-1,3.5E-2,1.5E0));
#8009=VERTEX_POINT('',#8008);
#8010=CARTESIAN_POINT('',(2.65E-1,1.E-1,1.5E0));
#8011=VERTEX_POINT('',#8010);
#8012=CARTESIAN_POINT('',(1.25E0,0.E0,1.5E0));
#8013=DIRECTION('',(0.E0,0.E0,-1.E0));
#8014=DIRECTION('',(-1.E0,0.E0,0.E0));
#8015=AXIS2_PLACEMENT_3D('',#8012,#8013,#8014);
#8016=PLANE('',#8015);
#8018=ORIENTED_EDGE('',*,*,#8017,.F.);
#8020=ORIENTED_EDGE('',*,*,#8019,.F.);
#8022=ORIENTED_EDGE('',*,*,#8021,.F.);
#8024=ORIENTED_EDGE('',*,*,#8023,.F.);
#8026=ORIENTED_EDGE('',*,*,#8025,.T.);
#8028=ORIENTED_EDGE('',*,*,#8027,.T.);
#8030=ORIENTED_EDGE('',*,*,#8029,.F.);
#8032=ORIENTED_EDGE('',*,*,#8031,.F.);
#8034=ORIENTED_EDGE('',*,*,#8033,.T.);
#8036=ORIENTED_EDGE('',*,*,#8035,.F.);
#8037=EDGE_LOOP('',(#8018,#8020,#8022,#8024,#8026,#8028,#8030,#8032,#8034,
#8036));
#8038=FACE_OUTER_BOUND('',#8037,.F.);
#8039=ADVANCED_FACE('',(#8038),#8016,.F.);
#8040=FILL_AREA_STYLE_COLOUR('',#29);
#8041=FILL_AREA_STYLE('',(#8040));
#8042=SURFACE_STYLE_FILL_AREA(#8041);
#8043=SURFACE_SIDE_STYLE('',(#8042));
#8044=SURFACE_STYLE_USAGE(.POSITIVE.,#8043);
#8045=PRESENTATION_STYLE_ASSIGNMENT((#8044));
#8046=OVER_RIDING_STYLED_ITEM('',(#8045),#8039,#7693);
#8047=CARTESIAN_POINT('',(0.E0,1.E-1,0.E0));
#8048=DIRECTION('',(0.E0,1.E0,0.E0));
#8049=DIRECTION('',(1.E0,0.E0,0.E0));
#8050=AXIS2_PLACEMENT_3D('',#8047,#8048,#8049);
#8051=PLANE('',#8050);
#8053=ORIENTED_EDGE('',*,*,#8052,.T.);
#8054=ORIENTED_EDGE('',*,*,#8017,.T.);
#8056=ORIENTED_EDGE('',*,*,#8055,.T.);
#8058=ORIENTED_EDGE('',*,*,#8057,.T.);
#8059=EDGE_LOOP('',(#8053,#8054,#8056,#8058));
#8060=FACE_OUTER_BOUND('',#8059,.F.);
#8061=ADVANCED_FACE('',(#8060),#8051,.F.);
#8062=CARTESIAN_POINT('',(2.35E-1,3.5E-2,1.447314511898E0));
#8063=DIRECTION('',(0.E0,0.E0,1.E0));
#8064=DIRECTION('',(0.E0,1.E0,0.E0));
#8065=AXIS2_PLACEMENT_3D('',#8062,#8063,#8064);
#8066=CYLINDRICAL_SURFACE('',#8065,6.5E-2);
#8067=ORIENTED_EDGE('',*,*,#8052,.F.);
#8069=ORIENTED_EDGE('',*,*,#8068,.T.);
#8071=ORIENTED_EDGE('',*,*,#8070,.T.);
#8072=ORIENTED_EDGE('',*,*,#8019,.T.);
#8073=EDGE_LOOP('',(#8067,#8069,#8071,#8072));
#8074=FACE_OUTER_BOUND('',#8073,.F.);
#8075=ADVANCED_FACE('',(#8074),#8066,.F.);
#8076=CARTESIAN_POINT('',(3.291869243876E-1,3.290453394266E-2,
1.461136716841E0));
#8077=CARTESIAN_POINT('',(3.304655477647E-1,7.293610489708E-2,
1.461316540298E0));
#8078=CARTESIAN_POINT('',(3.024202297666E-1,1.012574209620E-1,
1.457372293598E0));
#8079=CARTESIAN_POINT('',(2.627787761419E-1,9.996621446569E-2,
1.451797185742E0));
#8080=CARTESIAN_POINT('',(3.364578320651E-1,3.290453394266E-2,
1.409437385280E0));
#8081=CARTESIAN_POINT('',(3.378538580639E-1,7.293610489708E-2,
1.408782424782E0));
#8082=CARTESIAN_POINT('',(3.072334316180E-1,1.012574209620E-1,
1.423148324676E0));
#8083=CARTESIAN_POINT('',(2.639521176030E-1,9.996621446569E-2,
1.443454215109E0));
#8084=CARTESIAN_POINT('',(3.022081122236E-1,3.290453394266E-2,
1.370033785532E0));
#8085=CARTESIAN_POINT('',(3.030511114090E-1,7.293610489708E-2,
1.368742579035E0));
#8086=CARTESIAN_POINT('',(2.845607719912E-1,1.012574209620E-1,
1.397063895101E0));
#8087=CARTESIAN_POINT('',(2.584250750242E-1,9.996621446569E-2,
1.437095466057E0));
#8088=CARTESIAN_POINT('',(2.499999999962E-1,3.290453394266E-2,
1.370033785534E0));
#8089=CARTESIAN_POINT('',(2.499999999961E-1,7.293610489708E-2,
1.368742579038E0));
#8090=CARTESIAN_POINT('',(2.499999999975E-1,1.012574209620E-1,
1.397063895103E0));
#8091=CARTESIAN_POINT('',(2.499999999994E-1,9.996621446569E-2,
1.437095466057E0));
#8092=CARTESIAN_POINT('',(1.977918877688E-1,3.290453394266E-2,
1.370033785537E0));
#8093=CARTESIAN_POINT('',(1.969488885832E-1,7.293610489708E-2,
1.368742579041E0));
#8094=CARTESIAN_POINT('',(2.154392280038E-1,1.012574209620E-1,
1.397063895105E0));
#8095=CARTESIAN_POINT('',(2.415749249746E-1,9.996621446569E-2,
1.437095466058E0));
#8096=CARTESIAN_POINT('',(1.635421679310E-1,3.290453394266E-2,
1.409437385288E0));
#8097=CARTESIAN_POINT('',(1.621461419322E-1,7.293610489708E-2,
1.408782424791E0));
#8098=CARTESIAN_POINT('',(1.927665683794E-1,1.012574209620E-1,
1.423148324682E0));
#8099=CARTESIAN_POINT('',(2.360478823964E-1,9.996621446569E-2,
1.443454215110E0));
#8100=CARTESIAN_POINT('',(1.708130756135E-1,3.290453394266E-2,
1.461136716849E0));
#8101=CARTESIAN_POINT('',(1.695344522364E-1,7.293610489708E-2,
1.461316540306E0));
#8102=CARTESIAN_POINT('',(1.975797702341E-1,1.012574209620E-1,
1.457372293603E0));
#8103=CARTESIAN_POINT('',(2.372212238582E-1,9.996621446569E-2,
1.451797185743E0));
#8104=(BOUNDED_SURFACE()B_SPLINE_SURFACE(3,3,((#8076,#8077,#8078,#8079),(#8080,
#8081,#8082,#8083),(#8084,#8085,#8086,#8087),(#8088,#8089,#8090,#8091),(#8092,
#8093,#8094,#8095),(#8096,#8097,#8098,#8099),(#8100,#8101,#8102,#8103)),
.UNSPECIFIED.,.F.,.F.,.F.)B_SPLINE_SURFACE_WITH_KNOTS((4,3,4),(4,4),(0.E0,1.E0,
2.E0),(0.E0,1.E0),.UNSPECIFIED.)GEOMETRIC_REPRESENTATION_ITEM()RATIONAL_B_SPLINE_SURFACE(((1.434386219132E0,1.132154901202E0,1.132154901202E0,1.434386219132E0),(
1.105455593096E0,8.725313664418E-1,8.725313664418E-1,1.105455593096E0),(
1.105455593096E0,8.725313664418E-1,8.725313664418E-1,1.105455593096E0),(
1.434386219132E0,1.132154901202E0,1.132154901202E0,1.434386219132E0),(
1.105455593096E0,8.725313664418E-1,8.725313664418E-1,1.105455593096E0),(
1.105455593096E0,8.725313664418E-1,8.725313664418E-1,1.105455593096E0),(
1.434386219132E0,1.132154901202E0,1.132154901202E0,1.434386219132E0)))REPRESENTATION_ITEM('')SURFACE());
#8105=ORIENTED_EDGE('',*,*,#8057,.F.);
#8107=ORIENTED_EDGE('',*,*,#8106,.T.);
#8109=ORIENTED_EDGE('',*,*,#8108,.T.);
#8110=ORIENTED_EDGE('',*,*,#8068,.F.);
#8111=EDGE_LOOP('',(#8105,#8107,#8109,#8110));
#8112=FACE_OUTER_BOUND('',#8111,.F.);
#8113=ADVANCED_FACE('',(#8112),#8104,.F.);
#8114=CARTESIAN_POINT('',(2.65E-1,3.5E-2,5.4108E0));
#8115=DIRECTION('',(0.E0,0.E0,-1.E0));
#8116=DIRECTION('',(0.E0,1.E0,0.E0));
#8117=AXIS2_PLACEMENT_3D('',#8114,#8115,#8116);
#8118=CYLINDRICAL_SURFACE('',#8117,6.5E-2);
#8120=ORIENTED_EDGE('',*,*,#8119,.T.);
#8121=ORIENTED_EDGE('',*,*,#8106,.F.);
#8122=ORIENTED_EDGE('',*,*,#8055,.F.);
#8123=ORIENTED_EDGE('',*,*,#8035,.T.);
#8124=EDGE_LOOP('',(#8120,#8121,#8122,#8123));
#8125=FACE_OUTER_BOUND('',#8124,.F.);
#8126=ADVANCED_FACE('',(#8125),#8118,.F.);
#8127=CARTESIAN_POINT('',(3.3E-1,0.E0,1.5E0));
#8128=DIRECTION('',(1.E0,0.E0,0.E0));
#8129=DIRECTION('',(0.E0,0.E0,-1.E0));
#8130=AXIS2_PLACEMENT_3D('',#8127,#8128,#8129);
#8131=PLANE('',#8130);
#8132=ORIENTED_EDGE('',*,*,#8119,.F.);
#8133=ORIENTED_EDGE('',*,*,#8033,.F.);
#8135=ORIENTED_EDGE('',*,*,#8134,.T.);
#8137=ORIENTED_EDGE('',*,*,#8136,.T.);
#8138=EDGE_LOOP('',(#8132,#8133,#8135,#8137));
#8139=FACE_OUTER_BOUND('',#8138,.F.);
#8140=ADVANCED_FACE('',(#8139),#8131,.F.);
#8141=CARTESIAN_POINT('',(0.E0,0.E0,0.E0));
#8142=DIRECTION('',(0.E0,-1.E0,0.E0));
#8143=DIRECTION('',(1.E0,0.E0,0.E0));
#8144=AXIS2_PLACEMENT_3D('',#8141,#8142,#8143);
#8145=PLANE('',#8144);
#8146=ORIENTED_EDGE('',*,*,#8134,.F.);
#8147=ORIENTED_EDGE('',*,*,#8031,.T.);
#8149=ORIENTED_EDGE('',*,*,#8148,.F.);
#8151=ORIENTED_EDGE('',*,*,#8150,.F.);
#8153=ORIENTED_EDGE('',*,*,#8152,.F.);
#8155=ORIENTED_EDGE('',*,*,#8154,.F.);
#8157=ORIENTED_EDGE('',*,*,#8156,.F.);
#8158=ORIENTED_EDGE('',*,*,#8023,.T.);
#8160=ORIENTED_EDGE('',*,*,#8159,.T.);
#8162=ORIENTED_EDGE('',*,*,#8161,.F.);
#8163=EDGE_LOOP('',(#8146,#8147,#8149,#8151,#8153,#8155,#8157,#8158,#8160,
#8162));
#8164=FACE_OUTER_BOUND('',#8163,.F.);
#8165=ADVANCED_FACE('',(#8164),#8145,.T.);
#8166=CARTESIAN_POINT('',(3.75E-1,0.E0,1.224E0));
#8167=DIRECTION('',(-1.E0,0.E0,0.E0));
#8168=DIRECTION('',(0.E0,0.E0,1.E0));
#8169=AXIS2_PLACEMENT_3D('',#8166,#8167,#8168);
#8170=PLANE('',#8169);
#8171=ORIENTED_EDGE('',*,*,#8029,.T.);
#8173=ORIENTED_EDGE('',*,*,#8172,.F.);
#8175=ORIENTED_EDGE('',*,*,#8174,.F.);
#8176=ORIENTED_EDGE('',*,*,#8148,.T.);
#8177=EDGE_LOOP('',(#8171,#8173,#8175,#8176));
#8178=FACE_OUTER_BOUND('',#8177,.F.);
#8179=ADVANCED_FACE('',(#8178),#8170,.F.);
#8180=CARTESIAN_POINT('',(0.E0,2.E-1,0.E0));
#8181=DIRECTION('',(0.E0,-1.E0,0.E0));
#8182=DIRECTION('',(1.E0,0.E0,0.E0));
#8183=AXIS2_PLACEMENT_3D('',#8180,#8181,#8182);
#8184=PLANE('',#8183);
#8185=ORIENTED_EDGE('',*,*,#8027,.F.);
#8187=ORIENTED_EDGE('',*,*,#8186,.T.);
#8189=ORIENTED_EDGE('',*,*,#8188,.T.);
#8191=ORIENTED_EDGE('',*,*,#8190,.T.);
#8193=ORIENTED_EDGE('',*,*,#8192,.T.);
#8194=ORIENTED_EDGE('',*,*,#8172,.T.);
#8195=EDGE_LOOP('',(#8185,#8187,#8189,#8191,#8193,#8194));
#8196=FACE_OUTER_BOUND('',#8195,.F.);
#8197=ADVANCED_FACE('',(#8196),#8184,.F.);
#8198=CARTESIAN_POINT('',(1.25E-1,0.E0,1.6E0));
#8199=DIRECTION('',(1.E0,0.E0,0.E0));
#8200=DIRECTION('',(0.E0,0.E0,-1.E0));
#8201=AXIS2_PLACEMENT_3D('',#8198,#8199,#8200);
#8202=PLANE('',#8201);
#8203=ORIENTED_EDGE('',*,*,#8025,.F.);
#8204=ORIENTED_EDGE('',*,*,#8156,.T.);
#8206=ORIENTED_EDGE('',*,*,#8205,.T.);
#8207=ORIENTED_EDGE('',*,*,#8186,.F.);
#8208=EDGE_LOOP('',(#8203,#8204,#8206,#8207));
#8209=FACE_OUTER_BOUND('',#8208,.F.);
#8210=ADVANCED_FACE('',(#8209),#8202,.F.);
#8211=CARTESIAN_POINT('',(2.49E-1,0.E0,1.224E0));
#8212=DIRECTION('',(0.E0,-1.E0,0.E0));
#8213=DIRECTION('',(1.E0,0.E0,0.E0));
#8214=AXIS2_PLACEMENT_3D('',#8211,#8212,#8213);
#8215=CYLINDRICAL_SURFACE('',#8214,1.24E-1);
#8216=ORIENTED_EDGE('',*,*,#8154,.T.);
#8218=ORIENTED_EDGE('',*,*,#8217,.T.);
#8219=ORIENTED_EDGE('',*,*,#8188,.F.);
#8220=ORIENTED_EDGE('',*,*,#8205,.F.);
#8221=EDGE_LOOP('',(#8216,#8218,#8219,#8220));
#8222=FACE_OUTER_BOUND('',#8221,.F.);
#8223=ADVANCED_FACE('',(#8222),#8215,.T.);
#8224=CARTESIAN_POINT('',(2.49E-1,0.E0,1.1E0));
#8225=DIRECTION('',(0.E0,0.E0,1.E0));
#8226=DIRECTION('',(1.E0,0.E0,0.E0));
#8227=AXIS2_PLACEMENT_3D('',#8224,#8225,#8226);
#8228=PLANE('',#8227);
#8229=ORIENTED_EDGE('',*,*,#8152,.T.);
#8231=ORIENTED_EDGE('',*,*,#8230,.T.);
#8232=ORIENTED_EDGE('',*,*,#8190,.F.);
#8233=ORIENTED_EDGE('',*,*,#8217,.F.);
#8234=EDGE_LOOP('',(#8229,#8231,#8232,#8233));
#8235=FACE_OUTER_BOUND('',#8234,.F.);
#8236=ADVANCED_FACE('',(#8235),#8228,.F.);
#8237=CARTESIAN_POINT('',(2.51E-1,0.E0,1.224E0));
#8238=DIRECTION('',(0.E0,-1.E0,0.E0));
#8239=DIRECTION('',(1.E0,0.E0,0.E0));
#8240=AXIS2_PLACEMENT_3D('',#8237,#8238,#8239);
#8241=CYLINDRICAL_SURFACE('',#8240,1.24E-1);
#8242=ORIENTED_EDGE('',*,*,#8150,.T.);
#8243=ORIENTED_EDGE('',*,*,#8174,.T.);
#8244=ORIENTED_EDGE('',*,*,#8192,.F.);
#8245=ORIENTED_EDGE('',*,*,#8230,.F.);
#8246=EDGE_LOOP('',(#8242,#8243,#8244,#8245));
#8247=FACE_OUTER_BOUND('',#8246,.F.);
#8248=ADVANCED_FACE('',(#8247),#8241,.T.);
#8249=CARTESIAN_POINT('',(1.7E-1,0.E0,1.45E0));
#8250=DIRECTION('',(-1.E0,0.E0,0.E0));
#8251=DIRECTION('',(0.E0,0.E0,1.E0));
#8252=AXIS2_PLACEMENT_3D('',#8249,#8250,#8251);
#8253=PLANE('',#8252);
#8254=ORIENTED_EDGE('',*,*,#8070,.F.);
#8256=ORIENTED_EDGE('',*,*,#8255,.F.);
#8257=ORIENTED_EDGE('',*,*,#8159,.F.);
#8258=ORIENTED_EDGE('',*,*,#8021,.T.);
#8259=EDGE_LOOP('',(#8254,#8256,#8257,#8258));
#8260=FACE_OUTER_BOUND('',#8259,.F.);
#8261=ADVANCED_FACE('',(#8260),#8253,.F.);
#8262=CARTESIAN_POINT('',(2.5E-1,0.E0,1.45E0));
#8263=DIRECTION('',(0.E0,1.E0,0.E0));
#8264=DIRECTION('',(1.E0,0.E0,0.E0));
#8265=AXIS2_PLACEMENT_3D('',#8262,#8263,#8264);
#8266=CYLINDRICAL_SURFACE('',#8265,8.E-2);
#8267=ORIENTED_EDGE('',*,*,#8108,.F.);
#8268=ORIENTED_EDGE('',*,*,#8136,.F.);
#8269=ORIENTED_EDGE('',*,*,#8161,.T.);
#8270=ORIENTED_EDGE('',*,*,#8255,.T.);
#8271=EDGE_LOOP('',(#8267,#8268,#8269,#8270));
#8272=FACE_OUTER_BOUND('',#8271,.F.);
#8273=ADVANCED_FACE('',(#8272),#8266,.F.);
#8274=CLOSED_SHELL('',(#8039,#8061,#8075,#8113,#8126,#8140,#8165,#8179,#8197,
#8210,#8223,#8236,#8248,#8261,#8273));
#8275=MANIFOLD_SOLID_BREP('',#8274);
#8276=FILL_AREA_STYLE_COLOUR('',#28);
#8277=FILL_AREA_STYLE('',(#8276));
#8278=SURFACE_STYLE_FILL_AREA(#8277);
#8279=SURFACE_SIDE_STYLE('',(#8278));
#8280=SURFACE_STYLE_USAGE(.POSITIVE.,#8279);
#8281=PRESENTATION_STYLE_ASSIGNMENT((#8280));
#7693=STYLED_ITEM('',(#8281),#8275);
#8283=DIRECTION('',(7.071067811865E-1,0.E0,-7.071067811865E-1));
#8284=VECTOR('',#8283,4.242640687119E-1);
#8285=CARTESIAN_POINT('',(-5.E-1,0.E0,-4.5E-1));
#8286=LINE('',#8285,#8284);
#8287=CURVE_STYLE('',#36,POSITIVE_LENGTH_MEASURE(2.E-2),#28);
#8288=PRESENTATION_STYLE_ASSIGNMENT((#8287));
#8289=STYLED_ITEM('',(#8288),#8286);
#8290=DIRECTION('',(0.E0,0.E0,1.E0));
#8291=VECTOR('',#8290,1.2E0);
#8292=CARTESIAN_POINT('',(-5.E-1,0.E0,-4.5E-1));
#8293=LINE('',#8292,#8291);
#8294=CURVE_STYLE('',#36,POSITIVE_LENGTH_MEASURE(2.E-2),#28);
#8295=PRESENTATION_STYLE_ASSIGNMENT((#8294));
#8296=STYLED_ITEM('',(#8295),#8293);
#8297=DIRECTION('',(1.E0,0.E0,0.E0));
#8298=VECTOR('',#8297,1.E0);
#8299=CARTESIAN_POINT('',(-5.E-1,0.E0,7.5E-1));
#8300=LINE('',#8299,#8298);
#8301=CURVE_STYLE('',#36,POSITIVE_LENGTH_MEASURE(2.E-2),#28);
#8302=PRESENTATION_STYLE_ASSIGNMENT((#8301));
#8303=STYLED_ITEM('',(#8302),#8300);
#8304=DIRECTION('',(0.E0,0.E0,-1.E0));
#8305=VECTOR('',#8304,1.5E0);
#8306=CARTESIAN_POINT('',(5.E-1,0.E0,7.5E-1));
#8307=LINE('',#8306,#8305);
#8308=CURVE_STYLE('',#36,POSITIVE_LENGTH_MEASURE(2.E-2),#28);
#8309=PRESENTATION_STYLE_ASSIGNMENT((#8308));
#8310=STYLED_ITEM('',(#8309),#8307);
#8311=DIRECTION('',(-1.E0,0.E0,0.E0));
#8312=VECTOR('',#8311,7.E-1);
#8313=CARTESIAN_POINT('',(5.E-1,0.E0,-7.5E-1));
#8314=LINE('',#8313,#8312);
#8315=CURVE_STYLE('',#36,POSITIVE_LENGTH_MEASURE(2.E-2),#28);
#8316=PRESENTATION_STYLE_ASSIGNMENT((#8315));
#8317=STYLED_ITEM('',(#8316),#8314);
#8318=DIRECTION('',(0.E0,-1.E0,0.E0));
#8319=VECTOR('',#8318,2.E-1);
#8320=CARTESIAN_POINT('',(-2.E-1,2.E-1,-7.5E-1));
#8321=LINE('',#8320,#8319);
#8322=CURVE_STYLE('',#36,POSITIVE_LENGTH_MEASURE(2.E-2),#28);
#8323=PRESENTATION_STYLE_ASSIGNMENT((#8322));
#8324=STYLED_ITEM('',(#8323),#8321);
#8325=DIRECTION('',(0.E0,1.E0,0.E0));
#8326=VECTOR('',#8325,2.E-1);
#8327=CARTESIAN_POINT('',(5.E-1,0.E0,-7.5E-1));
#8328=LINE('',#8327,#8326);
#8329=CURVE_STYLE('',#36,POSITIVE_LENGTH_MEASURE(2.E-2),#28);
#8330=PRESENTATION_STYLE_ASSIGNMENT((#8329));
#8331=STYLED_ITEM('',(#8330),#8328);
#8332=DIRECTION('',(0.E0,1.E0,0.E0));
#8333=VECTOR('',#8332,2.E-1);
#8334=CARTESIAN_POINT('',(5.E-1,0.E0,7.5E-1));
#8335=LINE('',#8334,#8333);
#8336=CURVE_STYLE('',#36,POSITIVE_LENGTH_MEASURE(2.E-2),#28);
#8337=PRESENTATION_STYLE_ASSIGNMENT((#8336));
#8338=STYLED_ITEM('',(#8337),#8335);
#8339=DIRECTION('',(0.E0,1.E0,0.E0));
#8340=VECTOR('',#8339,2.E-1);
#8341=CARTESIAN_POINT('',(-5.E-1,0.E0,7.5E-1));
#8342=LINE('',#8341,#8340);
#8343=CURVE_STYLE('',#36,POSITIVE_LENGTH_MEASURE(2.E-2),#28);
#8344=PRESENTATION_STYLE_ASSIGNMENT((#8343));
#8345=STYLED_ITEM('',(#8344),#8342);
#8346=DIRECTION('',(0.E0,-1.E0,0.E0));
#8347=VECTOR('',#8346,2.E-1);
#8348=CARTESIAN_POINT('',(-5.E-1,2.E-1,-4.5E-1));
#8349=LINE('',#8348,#8347);
#8350=CURVE_STYLE('',#36,POSITIVE_LENGTH_MEASURE(2.E-2),#28);
#8351=PRESENTATION_STYLE_ASSIGNMENT((#8350));
#8352=STYLED_ITEM('',(#8351),#8349);
#8353=DIRECTION('',(-7.071067811865E-1,0.E0,7.071067811865E-1));
#8354=VECTOR('',#8353,4.242640687119E-1);
#8355=CARTESIAN_POINT('',(-2.E-1,2.E-1,-7.5E-1));
#8356=LINE('',#8355,#8354);
#8357=CURVE_STYLE('',#36,POSITIVE_LENGTH_MEASURE(2.E-2),#28);
#8358=PRESENTATION_STYLE_ASSIGNMENT((#8357));
#8359=STYLED_ITEM('',(#8358),#8356);
#8360=DIRECTION('',(-1.E0,0.E0,0.E0));
#8361=VECTOR('',#8360,7.E-1);
#8362=CARTESIAN_POINT('',(5.E-1,2.E-1,-7.5E-1));
#8363=LINE('',#8362,#8361);
#8364=CURVE_STYLE('',#36,POSITIVE_LENGTH_MEASURE(2.E-2),#28);
#8365=PRESENTATION_STYLE_ASSIGNMENT((#8364));
#8366=STYLED_ITEM('',(#8365),#8363);
#8367=DIRECTION('',(0.E0,0.E0,-1.E0));
#8368=VECTOR('',#8367,1.5E0);
#8369=CARTESIAN_POINT('',(5.E-1,2.E-1,7.5E-1));
#8370=LINE('',#8369,#8368);
#8371=CURVE_STYLE('',#36,POSITIVE_LENGTH_MEASURE(2.E-2),#28);
#8372=PRESENTATION_STYLE_ASSIGNMENT((#8371));
#8373=STYLED_ITEM('',(#8372),#8370);
#8374=DIRECTION('',(1.E0,0.E0,0.E0));
#8375=VECTOR('',#8374,1.E0);
#8376=CARTESIAN_POINT('',(-5.E-1,2.E-1,7.5E-1));
#8377=LINE('',#8376,#8375);
#8378=CURVE_STYLE('',#36,POSITIVE_LENGTH_MEASURE(2.E-2),#28);
#8379=PRESENTATION_STYLE_ASSIGNMENT((#8378));
#8380=STYLED_ITEM('',(#8379),#8377);
#8381=DIRECTION('',(0.E0,0.E0,1.E0));
#8382=VECTOR('',#8381,1.2E0);
#8383=CARTESIAN_POINT('',(-5.E-1,2.E-1,-4.5E-1));
#8384=LINE('',#8383,#8382);
#8385=CURVE_STYLE('',#36,POSITIVE_LENGTH_MEASURE(2.E-2),#28);
#8386=PRESENTATION_STYLE_ASSIGNMENT((#8385));
#8387=STYLED_ITEM('',(#8386),#8384);
#8388=CARTESIAN_POINT('',(-5.E-1,0.E0,7.5E-1));
#8389=CARTESIAN_POINT('',(5.E-1,0.E0,7.5E-1));
#8390=VERTEX_POINT('',#8388);
#8391=VERTEX_POINT('',#8389);
#8392=CARTESIAN_POINT('',(5.E-1,0.E0,-7.5E-1));
#8393=VERTEX_POINT('',#8392);
#8394=CARTESIAN_POINT('',(-5.E-1,2.E-1,7.5E-1));
#8395=CARTESIAN_POINT('',(5.E-1,2.E-1,7.5E-1));
#8396=VERTEX_POINT('',#8394);
#8397=VERTEX_POINT('',#8395);
#8398=CARTESIAN_POINT('',(5.E-1,2.E-1,-7.5E-1));
#8399=VERTEX_POINT('',#8398);
#8400=CARTESIAN_POINT('',(-5.E-1,0.E0,-4.5E-1));
#8401=CARTESIAN_POINT('',(-2.E-1,0.E0,-7.5E-1));
#8402=VERTEX_POINT('',#8400);
#8403=VERTEX_POINT('',#8401);
#8404=CARTESIAN_POINT('',(-2.E-1,2.E-1,-7.5E-1));
#8405=VERTEX_POINT('',#8404);
#8406=CARTESIAN_POINT('',(-5.E-1,2.E-1,-4.5E-1));
#8407=VERTEX_POINT('',#8406);
#8408=CARTESIAN_POINT('',(0.E0,0.E0,0.E0));
#8409=DIRECTION('',(0.E0,1.E0,0.E0));
#8410=DIRECTION('',(1.E0,0.E0,0.E0));
#8411=AXIS2_PLACEMENT_3D('',#8408,#8409,#8410);
#8412=PLANE('',#8411);
#8414=ORIENTED_EDGE('',*,*,#8413,.F.);
#8416=ORIENTED_EDGE('',*,*,#8415,.T.);
#8418=ORIENTED_EDGE('',*,*,#8417,.T.);
#8420=ORIENTED_EDGE('',*,*,#8419,.T.);
#8422=ORIENTED_EDGE('',*,*,#8421,.T.);
#8423=EDGE_LOOP('',(#8414,#8416,#8418,#8420,#8422));
#8424=FACE_OUTER_BOUND('',#8423,.F.);
#8425=ADVANCED_FACE('',(#8424),#8412,.F.);
#8426=CARTESIAN_POINT('',(-3.5E-1,1.E-1,-6.E-1));
#8427=DIRECTION('',(-7.071067811865E-1,0.E0,-7.071067811865E-1));
#8428=DIRECTION('',(7.071067811865E-1,0.E0,-7.071067811865E-1));
#8429=AXIS2_PLACEMENT_3D('',#8426,#8427,#8428);
#8430=PLANE('',#8429);
#8431=ORIENTED_EDGE('',*,*,#8413,.T.);
#8433=ORIENTED_EDGE('',*,*,#8432,.F.);
#8435=ORIENTED_EDGE('',*,*,#8434,.T.);
#8437=ORIENTED_EDGE('',*,*,#8436,.T.);
#8438=EDGE_LOOP('',(#8431,#8433,#8435,#8437));
#8439=FACE_OUTER_BOUND('',#8438,.F.);
#8440=ADVANCED_FACE('',(#8439),#8430,.T.);
#8441=CARTESIAN_POINT('',(5.E-1,0.E0,-7.5E-1));
#8442=DIRECTION('',(0.E0,0.E0,-1.E0));
#8443=DIRECTION('',(-1.E0,0.E0,0.E0));
#8444=AXIS2_PLACEMENT_3D('',#8441,#8442,#8443);
#8445=PLANE('',#8444);
#8446=ORIENTED_EDGE('',*,*,#8432,.T.);
#8447=ORIENTED_EDGE('',*,*,#8421,.F.);
#8449=ORIENTED_EDGE('',*,*,#8448,.T.);
#8451=ORIENTED_EDGE('',*,*,#8450,.T.);
#8452=EDGE_LOOP('',(#8446,#8447,#8449,#8451));
#8453=FACE_OUTER_BOUND('',#8452,.F.);
#8454=ADVANCED_FACE('',(#8453),#8445,.T.);
#8455=CARTESIAN_POINT('',(5.E-1,0.E0,7.5E-1));
#8456=DIRECTION('',(1.E0,0.E0,0.E0));
#8457=DIRECTION('',(0.E0,0.E0,-1.E0));
#8458=AXIS2_PLACEMENT_3D('',#8455,#8456,#8457);
#8459=PLANE('',#8458);
#8460=ORIENTED_EDGE('',*,*,#8419,.F.);
#8462=ORIENTED_EDGE('',*,*,#8461,.T.);
#8464=ORIENTED_EDGE('',*,*,#8463,.T.);
#8465=ORIENTED_EDGE('',*,*,#8448,.F.);
#8466=EDGE_LOOP('',(#8460,#8462,#8464,#8465));
#8467=FACE_OUTER_BOUND('',#8466,.F.);
#8468=ADVANCED_FACE('',(#8467),#8459,.T.);
#8469=CARTESIAN_POINT('',(-5.E-1,0.E0,7.5E-1));
#8470=DIRECTION('',(0.E0,0.E0,1.E0));
#8471=DIRECTION('',(1.E0,0.E0,0.E0));
#8472=AXIS2_PLACEMENT_3D('',#8469,#8470,#8471);
#8473=PLANE('',#8472);
#8474=ORIENTED_EDGE('',*,*,#8417,.F.);
#8476=ORIENTED_EDGE('',*,*,#8475,.T.);
#8478=ORIENTED_EDGE('',*,*,#8477,.T.);
#8479=ORIENTED_EDGE('',*,*,#8461,.F.);
#8480=EDGE_LOOP('',(#8474,#8476,#8478,#8479));
#8481=FACE_OUTER_BOUND('',#8480,.F.);
#8482=ADVANCED_FACE('',(#8481),#8473,.T.);
#8483=CARTESIAN_POINT('',(-5.E-1,0.E0,-7.5E-1));
#8484=DIRECTION('',(-1.E0,0.E0,0.E0));
#8485=DIRECTION('',(0.E0,0.E0,1.E0));
#8486=AXIS2_PLACEMENT_3D('',#8483,#8484,#8485);
#8487=PLANE('',#8486);
#8488=ORIENTED_EDGE('',*,*,#8436,.F.);
#8490=ORIENTED_EDGE('',*,*,#8489,.T.);
#8491=ORIENTED_EDGE('',*,*,#8475,.F.);
#8492=ORIENTED_EDGE('',*,*,#8415,.F.);
#8493=EDGE_LOOP('',(#8488,#8490,#8491,#8492));
#8494=FACE_OUTER_BOUND('',#8493,.F.);
#8495=ADVANCED_FACE('',(#8494),#8487,.T.);
#8496=CARTESIAN_POINT('',(0.E0,2.E-1,0.E0));
#8497=DIRECTION('',(0.E0,1.E0,0.E0));
#8498=DIRECTION('',(1.E0,0.E0,0.E0));
#8499=AXIS2_PLACEMENT_3D('',#8496,#8497,#8498);
#8500=PLANE('',#8499);
#8501=ORIENTED_EDGE('',*,*,#8434,.F.);
#8502=ORIENTED_EDGE('',*,*,#8450,.F.);
#8503=ORIENTED_EDGE('',*,*,#8463,.F.);
#8504=ORIENTED_EDGE('',*,*,#8477,.F.);
#8505=ORIENTED_EDGE('',*,*,#8489,.F.);
#8506=EDGE_LOOP('',(#8501,#8502,#8503,#8504,#8505));
#8507=FACE_OUTER_BOUND('',#8506,.F.);
#8508=ADVANCED_FACE('',(#8507),#8500,.T.);
#8509=CLOSED_SHELL('',(#8425,#8440,#8454,#8468,#8482,#8495,#8508));
#8510=MANIFOLD_SOLID_BREP('',#8509);
#8511=FILL_AREA_STYLE_COLOUR('',#28);
#8512=FILL_AREA_STYLE('',(#8511));
#8513=SURFACE_STYLE_FILL_AREA(#8512);
#8514=SURFACE_SIDE_STYLE('',(#8513));
#8515=SURFACE_STYLE_USAGE(.POSITIVE.,#8514);
#8516=PRESENTATION_STYLE_ASSIGNMENT((#8515));
#8282=STYLED_ITEM('',(#8516),#8510);
#8518=DIRECTION('',(-1.E0,0.E0,0.E0));
#8519=VECTOR('',#8518,1.45E-1);
#8520=CARTESIAN_POINT('',(-5.55E-1,1.E-1,1.5E0));
#8521=LINE('',#8520,#8519);
#8522=CURVE_STYLE('',#36,POSITIVE_LENGTH_MEASURE(2.E-2),#28);
#8523=PRESENTATION_STYLE_ASSIGNMENT((#8522));
#8524=STYLED_ITEM('',(#8523),#8521);
#8525=DIRECTION('',(0.E0,0.E0,-1.E0));
#8526=VECTOR('',#8525,1.E-1);
#8527=CARTESIAN_POINT('',(-5.55E-1,1.E-1,1.5E0));
#8528=LINE('',#8527,#8526);
#8529=CURVE_STYLE('',#36,POSITIVE_LENGTH_MEASURE(2.E-2),#28);
#8530=PRESENTATION_STYLE_ASSIGNMENT((#8529));
#8531=STYLED_ITEM('',(#8530),#8528);
#8532=DIRECTION('',(-1.E0,0.E0,0.E0));
#8533=VECTOR('',#8532,1.45E-1);
#8534=CARTESIAN_POINT('',(-5.55E-1,1.E-1,1.4E0));
#8535=LINE('',#8534,#8533);
#8536=CURVE_STYLE('',#36,POSITIVE_LENGTH_MEASURE(2.E-2),#28);
#8537=PRESENTATION_STYLE_ASSIGNMENT((#8536));
#8538=STYLED_ITEM('',(#8537),#8535);
#8539=DIRECTION('',(0.E0,0.E0,1.E0));
#8540=VECTOR('',#8539,1.E-1);
#8541=CARTESIAN_POINT('',(-7.E-1,1.E-1,1.4E0));
#8542=LINE('',#8541,#8540);
#8543=CURVE_STYLE('',#36,POSITIVE_LENGTH_MEASURE(2.E-2),#28);
#8544=PRESENTATION_STYLE_ASSIGNMENT((#8543));
#8545=STYLED_ITEM('',(#8544),#8542);
#8546=DIRECTION('',(0.E0,1.E0,0.E0));
#8547=VECTOR('',#8546,1.E-1);
#8548=CARTESIAN_POINT('',(-7.E-1,1.E-1,1.5E0));
#8549=LINE('',#8548,#8547);
#8550=CURVE_STYLE('',#36,POSITIVE_LENGTH_MEASURE(2.E-2),#28);
#8551=PRESENTATION_STYLE_ASSIGNMENT((#8550));
#8552=STYLED_ITEM('',(#8551),#8549);
#8553=DIRECTION('',(0.E0,1.E0,0.E0));
#8554=VECTOR('',#8553,1.E-1);
#8555=CARTESIAN_POINT('',(-7.E-1,1.E-1,1.4E0));
#8556=LINE('',#8555,#8554);
#8557=CURVE_STYLE('',#36,POSITIVE_LENGTH_MEASURE(2.E-2),#28);
#8558=PRESENTATION_STYLE_ASSIGNMENT((#8557));
#8559=STYLED_ITEM('',(#8558),#8556);
#8560=DIRECTION('',(0.E0,1.E0,0.E0));
#8561=VECTOR('',#8560,1.E-1);
#8562=CARTESIAN_POINT('',(-5.55E-1,1.E-1,1.4E0));
#8563=LINE('',#8562,#8561);
#8564=CURVE_STYLE('',#36,POSITIVE_LENGTH_MEASURE(2.E-2),#28);
#8565=PRESENTATION_STYLE_ASSIGNMENT((#8564));
#8566=STYLED_ITEM('',(#8565),#8563);
#8567=DIRECTION('',(0.E0,1.E0,0.E0));
#8568=VECTOR('',#8567,1.E-1);
#8569=CARTESIAN_POINT('',(-5.55E-1,1.E-1,1.5E0));
#8570=LINE('',#8569,#8568);
#8571=CURVE_STYLE('',#36,POSITIVE_LENGTH_MEASURE(2.E-2),#28);
#8572=PRESENTATION_STYLE_ASSIGNMENT((#8571));
#8573=STYLED_ITEM('',(#8572),#8570);
#8574=DIRECTION('',(-1.E0,0.E0,0.E0));
#8575=VECTOR('',#8574,1.45E-1);
#8576=CARTESIAN_POINT('',(-5.55E-1,2.E-1,1.5E0));
#8577=LINE('',#8576,#8575);
#8578=CURVE_STYLE('',#36,POSITIVE_LENGTH_MEASURE(2.E-2),#28);
#8579=PRESENTATION_STYLE_ASSIGNMENT((#8578));
#8580=STYLED_ITEM('',(#8579),#8577);
#8581=DIRECTION('',(0.E0,0.E0,1.E0));
#8582=VECTOR('',#8581,1.E-1);
#8583=CARTESIAN_POINT('',(-7.E-1,2.E-1,1.4E0));
#8584=LINE('',#8583,#8582);
#8585=CURVE_STYLE('',#36,POSITIVE_LENGTH_MEASURE(2.E-2),#28);
#8586=PRESENTATION_STYLE_ASSIGNMENT((#8585));
#8587=STYLED_ITEM('',(#8586),#8584);
#8588=DIRECTION('',(-1.E0,0.E0,0.E0));
#8589=VECTOR('',#8588,1.45E-1);
#8590=CARTESIAN_POINT('',(-5.55E-1,2.E-1,1.4E0));
#8591=LINE('',#8590,#8589);
#8592=CURVE_STYLE('',#36,POSITIVE_LENGTH_MEASURE(2.E-2),#28);
#8593=PRESENTATION_STYLE_ASSIGNMENT((#8592));
#8594=STYLED_ITEM('',(#8593),#8591);
#8595=DIRECTION('',(0.E0,0.E0,-1.E0));
#8596=VECTOR('',#8595,1.E-1);
#8597=CARTESIAN_POINT('',(-5.55E-1,2.E-1,1.5E0));
#8598=LINE('',#8597,#8596);
#8599=CURVE_STYLE('',#36,POSITIVE_LENGTH_MEASURE(2.E-2),#28);
#8600=PRESENTATION_STYLE_ASSIGNMENT((#8599));
#8601=STYLED_ITEM('',(#8600),#8598);
#8602=CARTESIAN_POINT('',(-5.55E-1,1.E-1,1.4E0));
#8603=CARTESIAN_POINT('',(-7.E-1,1.E-1,1.4E0));
#8604=VERTEX_POINT('',#8602);
#8605=VERTEX_POINT('',#8603);
#8606=CARTESIAN_POINT('',(-5.55E-1,2.E-1,1.4E0));
#8607=CARTESIAN_POINT('',(-7.E-1,2.E-1,1.4E0));
#8608=VERTEX_POINT('',#8606);
#8609=VERTEX_POINT('',#8607);
#8610=CARTESIAN_POINT('',(-5.55E-1,1.E-1,1.5E0));
#8611=CARTESIAN_POINT('',(-7.E-1,1.E-1,1.5E0));
#8612=VERTEX_POINT('',#8610);
#8613=VERTEX_POINT('',#8611);
#8614=CARTESIAN_POINT('',(-5.55E-1,2.E-1,1.5E0));
#8615=CARTESIAN_POINT('',(-7.E-1,2.E-1,1.5E0));
#8616=VERTEX_POINT('',#8614);
#8617=VERTEX_POINT('',#8615);
#8618=CARTESIAN_POINT('',(0.E0,1.E-1,0.E0));
#8619=DIRECTION('',(0.E0,1.E0,0.E0));
#8620=DIRECTION('',(1.E0,0.E0,0.E0));
#8621=AXIS2_PLACEMENT_3D('',#8618,#8619,#8620);
#8622=PLANE('',#8621);
#8624=ORIENTED_EDGE('',*,*,#8623,.F.);
#8626=ORIENTED_EDGE('',*,*,#8625,.T.);
#8628=ORIENTED_EDGE('',*,*,#8627,.T.);
#8630=ORIENTED_EDGE('',*,*,#8629,.T.);
#8631=EDGE_LOOP('',(#8624,#8626,#8628,#8630));
#8632=FACE_OUTER_BOUND('',#8631,.F.);
#8633=ADVANCED_FACE('',(#8632),#8622,.F.);
#8634=CARTESIAN_POINT('',(1.25E0,0.E0,1.5E0));
#8635=DIRECTION('',(0.E0,0.E0,-1.E0));
#8636=DIRECTION('',(-1.E0,0.E0,0.E0));
#8637=AXIS2_PLACEMENT_3D('',#8634,#8635,#8636);
#8638=PLANE('',#8637);
#8639=ORIENTED_EDGE('',*,*,#8623,.T.);
#8641=ORIENTED_EDGE('',*,*,#8640,.T.);
#8643=ORIENTED_EDGE('',*,*,#8642,.F.);
#8645=ORIENTED_EDGE('',*,*,#8644,.F.);
#8646=EDGE_LOOP('',(#8639,#8641,#8643,#8645));
#8647=FACE_OUTER_BOUND('',#8646,.F.);
#8648=ADVANCED_FACE('',(#8647),#8638,.F.);
#8649=FILL_AREA_STYLE_COLOUR('',#29);
#8650=FILL_AREA_STYLE('',(#8649));
#8651=SURFACE_STYLE_FILL_AREA(#8650);
#8652=SURFACE_SIDE_STYLE('',(#8651));
#8653=SURFACE_STYLE_USAGE(.POSITIVE.,#8652);
#8654=PRESENTATION_STYLE_ASSIGNMENT((#8653));
#8655=OVER_RIDING_STYLED_ITEM('',(#8654),#8648,#8517);
#8656=CARTESIAN_POINT('',(-7.E-1,1.E-1,1.4E0));
#8657=DIRECTION('',(-1.E0,0.E0,0.E0));
#8658=DIRECTION('',(0.E0,0.E0,1.E0));
#8659=AXIS2_PLACEMENT_3D('',#8656,#8657,#8658);
#8660=PLANE('',#8659);
#8661=ORIENTED_EDGE('',*,*,#8640,.F.);
#8662=ORIENTED_EDGE('',*,*,#8629,.F.);
#8664=ORIENTED_EDGE('',*,*,#8663,.T.);
#8666=ORIENTED_EDGE('',*,*,#8665,.T.);
#8667=EDGE_LOOP('',(#8661,#8662,#8664,#8666));
#8668=FACE_OUTER_BOUND('',#8667,.F.);
#8669=ADVANCED_FACE('',(#8668),#8660,.T.);
#8670=CARTESIAN_POINT('',(-5.55E-1,1.E-1,1.4E0));
#8671=DIRECTION('',(0.E0,0.E0,-1.E0));
#8672=DIRECTION('',(-1.E0,0.E0,0.E0));
#8673=AXIS2_PLACEMENT_3D('',#8670,#8671,#8672);
#8674=PLANE('',#8673);
#8675=ORIENTED_EDGE('',*,*,#8627,.F.);
#8677=ORIENTED_EDGE('',*,*,#8676,.T.);
#8679=ORIENTED_EDGE('',*,*,#8678,.T.);
#8680=ORIENTED_EDGE('',*,*,#8663,.F.);
#8681=EDGE_LOOP('',(#8675,#8677,#8679,#8680));
#8682=FACE_OUTER_BOUND('',#8681,.F.);
#8683=ADVANCED_FACE('',(#8682),#8674,.T.);
#8684=CARTESIAN_POINT('',(-5.55E-1,1.E-1,1.6E0));
#8685=DIRECTION('',(1.E0,0.E0,0.E0));
#8686=DIRECTION('',(0.E0,0.E0,-1.E0));
#8687=AXIS2_PLACEMENT_3D('',#8684,#8685,#8686);
#8688=PLANE('',#8687);
#8689=ORIENTED_EDGE('',*,*,#8644,.T.);
#8691=ORIENTED_EDGE('',*,*,#8690,.T.);
#8692=ORIENTED_EDGE('',*,*,#8676,.F.);
#8693=ORIENTED_EDGE('',*,*,#8625,.F.);
#8694=EDGE_LOOP('',(#8689,#8691,#8692,#8693));
#8695=FACE_OUTER_BOUND('',#8694,.F.);
#8696=ADVANCED_FACE('',(#8695),#8688,.T.);
#8697=CARTESIAN_POINT('',(0.E0,2.E-1,0.E0));
#8698=DIRECTION('',(0.E0,1.E0,0.E0));
#8699=DIRECTION('',(1.E0,0.E0,0.E0));
#8700=AXIS2_PLACEMENT_3D('',#8697,#8698,#8699);
#8701=PLANE('',#8700);
#8702=ORIENTED_EDGE('',*,*,#8642,.T.);
#8703=ORIENTED_EDGE('',*,*,#8665,.F.);
#8704=ORIENTED_EDGE('',*,*,#8678,.F.);
#8705=ORIENTED_EDGE('',*,*,#8690,.F.);
#8706=EDGE_LOOP('',(#8702,#8703,#8704,#8705));
#8707=FACE_OUTER_BOUND('',#8706,.F.);
#8708=ADVANCED_FACE('',(#8707),#8701,.T.);
#8709=CLOSED_SHELL('',(#8633,#8648,#8669,#8683,#8696,#8708));
#8710=MANIFOLD_SOLID_BREP('',#8709);
#8711=FILL_AREA_STYLE_COLOUR('',#28);
#8712=FILL_AREA_STYLE('',(#8711));
#8713=SURFACE_STYLE_FILL_AREA(#8712);
#8714=SURFACE_SIDE_STYLE('',(#8713));
#8715=SURFACE_STYLE_USAGE(.POSITIVE.,#8714);
#8716=PRESENTATION_STYLE_ASSIGNMENT((#8715));
#8517=STYLED_ITEM('',(#8716),#8710);
#8718=DIRECTION('',(1.E0,0.E0,0.E0));
#8719=VECTOR('',#8718,1.5E-1);
#8720=CARTESIAN_POINT('',(-1.05E0,1.E-1,-1.5E0));
#8721=LINE('',#8720,#8719);
#8722=CURVE_STYLE('',#36,POSITIVE_LENGTH_MEASURE(2.E-2),#28);
#8723=PRESENTATION_STYLE_ASSIGNMENT((#8722));
#8724=STYLED_ITEM('',(#8723),#8721);
#8725=DIRECTION('',(0.E0,0.E0,1.E0));
#8726=VECTOR('',#8725,1.E-1);
#8727=CARTESIAN_POINT('',(-1.05E0,1.E-1,-1.5E0));
#8728=LINE('',#8727,#8726);
#8729=CURVE_STYLE('',#36,POSITIVE_LENGTH_MEASURE(2.E-2),#28);
#8730=PRESENTATION_STYLE_ASSIGNMENT((#8729));
#8731=STYLED_ITEM('',(#8730),#8728);
#8732=DIRECTION('',(1.E0,0.E0,0.E0));
#8733=VECTOR('',#8732,1.5E-1);
#8734=CARTESIAN_POINT('',(-1.05E0,1.E-1,-1.4E0));
#8735=LINE('',#8734,#8733);
#8736=CURVE_STYLE('',#36,POSITIVE_LENGTH_MEASURE(2.E-2),#28);
#8737=PRESENTATION_STYLE_ASSIGNMENT((#8736));
#8738=STYLED_ITEM('',(#8737),#8735);
#8739=DIRECTION('',(0.E0,0.E0,-1.E0));
#8740=VECTOR('',#8739,1.E-1);
#8741=CARTESIAN_POINT('',(-9.E-1,1.E-1,-1.4E0));
#8742=LINE('',#8741,#8740);
#8743=CURVE_STYLE('',#36,POSITIVE_LENGTH_MEASURE(2.E-2),#28);
#8744=PRESENTATION_STYLE_ASSIGNMENT((#8743));
#8745=STYLED_ITEM('',(#8744),#8742);
#8746=DIRECTION('',(0.E0,1.E0,0.E0));
#8747=VECTOR('',#8746,1.E-1);
#8748=CARTESIAN_POINT('',(-9.E-1,1.E-1,-1.5E0));
#8749=LINE('',#8748,#8747);
#8750=CURVE_STYLE('',#36,POSITIVE_LENGTH_MEASURE(2.E-2),#28);
#8751=PRESENTATION_STYLE_ASSIGNMENT((#8750));
#8752=STYLED_ITEM('',(#8751),#8749);
#8753=DIRECTION('',(0.E0,1.E0,0.E0));
#8754=VECTOR('',#8753,1.E-1);
#8755=CARTESIAN_POINT('',(-9.E-1,1.E-1,-1.4E0));
#8756=LINE('',#8755,#8754);
#8757=CURVE_STYLE('',#36,POSITIVE_LENGTH_MEASURE(2.E-2),#28);
#8758=PRESENTATION_STYLE_ASSIGNMENT((#8757));
#8759=STYLED_ITEM('',(#8758),#8756);
#8760=DIRECTION('',(0.E0,1.E0,0.E0));
#8761=VECTOR('',#8760,1.E-1);
#8762=CARTESIAN_POINT('',(-1.05E0,1.E-1,-1.4E0));
#8763=LINE('',#8762,#8761);
#8764=CURVE_STYLE('',#36,POSITIVE_LENGTH_MEASURE(2.E-2),#28);
#8765=PRESENTATION_STYLE_ASSIGNMENT((#8764));
#8766=STYLED_ITEM('',(#8765),#8763);
#8767=DIRECTION('',(0.E0,1.E0,0.E0));
#8768=VECTOR('',#8767,1.E-1);
#8769=CARTESIAN_POINT('',(-1.05E0,1.E-1,-1.5E0));
#8770=LINE('',#8769,#8768);
#8771=CURVE_STYLE('',#36,POSITIVE_LENGTH_MEASURE(2.E-2),#28);
#8772=PRESENTATION_STYLE_ASSIGNMENT((#8771));
#8773=STYLED_ITEM('',(#8772),#8770);
#8774=DIRECTION('',(1.E0,0.E0,0.E0));
#8775=VECTOR('',#8774,1.5E-1);
#8776=CARTESIAN_POINT('',(-1.05E0,2.E-1,-1.5E0));
#8777=LINE('',#8776,#8775);
#8778=CURVE_STYLE('',#36,POSITIVE_LENGTH_MEASURE(2.E-2),#28);
#8779=PRESENTATION_STYLE_ASSIGNMENT((#8778));
#8780=STYLED_ITEM('',(#8779),#8777);
#8781=DIRECTION('',(0.E0,0.E0,-1.E0));
#8782=VECTOR('',#8781,1.E-1);
#8783=CARTESIAN_POINT('',(-9.E-1,2.E-1,-1.4E0));
#8784=LINE('',#8783,#8782);
#8785=CURVE_STYLE('',#36,POSITIVE_LENGTH_MEASURE(2.E-2),#28);
#8786=PRESENTATION_STYLE_ASSIGNMENT((#8785));
#8787=STYLED_ITEM('',(#8786),#8784);
#8788=DIRECTION('',(1.E0,0.E0,0.E0));
#8789=VECTOR('',#8788,1.5E-1);
#8790=CARTESIAN_POINT('',(-1.05E0,2.E-1,-1.4E0));
#8791=LINE('',#8790,#8789);
#8792=CURVE_STYLE('',#36,POSITIVE_LENGTH_MEASURE(2.E-2),#28);
#8793=PRESENTATION_STYLE_ASSIGNMENT((#8792));
#8794=STYLED_ITEM('',(#8793),#8791);
#8795=DIRECTION('',(0.E0,0.E0,1.E0));
#8796=VECTOR('',#8795,1.E-1);
#8797=CARTESIAN_POINT('',(-1.05E0,2.E-1,-1.5E0));
#8798=LINE('',#8797,#8796);
#8799=CURVE_STYLE('',#36,POSITIVE_LENGTH_MEASURE(2.E-2),#28);
#8800=PRESENTATION_STYLE_ASSIGNMENT((#8799));
#8801=STYLED_ITEM('',(#8800),#8798);
#8802=CARTESIAN_POINT('',(-1.05E0,1.E-1,-1.5E0));
#8803=CARTESIAN_POINT('',(-9.E-1,1.E-1,-1.5E0));
#8804=VERTEX_POINT('',#8802);
#8805=VERTEX_POINT('',#8803);
#8806=CARTESIAN_POINT('',(-1.05E0,2.E-1,-1.5E0));
#8807=CARTESIAN_POINT('',(-9.E-1,2.E-1,-1.5E0));
#8808=VERTEX_POINT('',#8806);
#8809=VERTEX_POINT('',#8807);
#8810=CARTESIAN_POINT('',(-1.05E0,1.E-1,-1.4E0));
#8811=CARTESIAN_POINT('',(-9.E-1,1.E-1,-1.4E0));
#8812=VERTEX_POINT('',#8810);
#8813=VERTEX_POINT('',#8811);
#8814=CARTESIAN_POINT('',(-1.05E0,2.E-1,-1.4E0));
#8815=CARTESIAN_POINT('',(-9.E-1,2.E-1,-1.4E0));
#8816=VERTEX_POINT('',#8814);
#8817=VERTEX_POINT('',#8815);
#8818=CARTESIAN_POINT('',(0.E0,1.E-1,0.E0));
#8819=DIRECTION('',(0.E0,1.E0,0.E0));
#8820=DIRECTION('',(1.E0,0.E0,0.E0));
#8821=AXIS2_PLACEMENT_3D('',#8818,#8819,#8820);
#8822=PLANE('',#8821);
#8824=ORIENTED_EDGE('',*,*,#8823,.F.);
#8826=ORIENTED_EDGE('',*,*,#8825,.T.);
#8828=ORIENTED_EDGE('',*,*,#8827,.T.);
#8830=ORIENTED_EDGE('',*,*,#8829,.T.);
#8831=EDGE_LOOP('',(#8824,#8826,#8828,#8830));
#8832=FACE_OUTER_BOUND('',#8831,.F.);
#8833=ADVANCED_FACE('',(#8832),#8822,.F.);
#8834=CARTESIAN_POINT('',(-1.25E0,0.E0,-1.5E0));
#8835=DIRECTION('',(0.E0,0.E0,1.E0));
#8836=DIRECTION('',(1.E0,0.E0,0.E0));
#8837=AXIS2_PLACEMENT_3D('',#8834,#8835,#8836);
#8838=PLANE('',#8837);
#8839=ORIENTED_EDGE('',*,*,#8823,.T.);
#8841=ORIENTED_EDGE('',*,*,#8840,.T.);
#8843=ORIENTED_EDGE('',*,*,#8842,.F.);
#8845=ORIENTED_EDGE('',*,*,#8844,.F.);
#8846=EDGE_LOOP('',(#8839,#8841,#8843,#8845));
#8847=FACE_OUTER_BOUND('',#8846,.F.);
#8848=ADVANCED_FACE('',(#8847),#8838,.F.);
#8849=FILL_AREA_STYLE_COLOUR('',#29);
#8850=FILL_AREA_STYLE('',(#8849));
#8851=SURFACE_STYLE_FILL_AREA(#8850);
#8852=SURFACE_SIDE_STYLE('',(#8851));
#8853=SURFACE_STYLE_USAGE(.POSITIVE.,#8852);
#8854=PRESENTATION_STYLE_ASSIGNMENT((#8853));
#8855=OVER_RIDING_STYLED_ITEM('',(#8854),#8848,#8717);
#8856=CARTESIAN_POINT('',(-9.E-1,1.E-1,-1.4E0));
#8857=DIRECTION('',(1.E0,0.E0,0.E0));
#8858=DIRECTION('',(0.E0,0.E0,-1.E0));
#8859=AXIS2_PLACEMENT_3D('',#8856,#8857,#8858);
#8860=PLANE('',#8859);
#8861=ORIENTED_EDGE('',*,*,#8840,.F.);
#8862=ORIENTED_EDGE('',*,*,#8829,.F.);
#8864=ORIENTED_EDGE('',*,*,#8863,.T.);
#8866=ORIENTED_EDGE('',*,*,#8865,.T.);
#8867=EDGE_LOOP('',(#8861,#8862,#8864,#8866));
#8868=FACE_OUTER_BOUND('',#8867,.F.);
#8869=ADVANCED_FACE('',(#8868),#8860,.T.);
#8870=CARTESIAN_POINT('',(-1.05E0,1.E-1,-1.4E0));
#8871=DIRECTION('',(0.E0,0.E0,1.E0));
#8872=DIRECTION('',(1.E0,0.E0,0.E0));
#8873=AXIS2_PLACEMENT_3D('',#8870,#8871,#8872);
#8874=PLANE('',#8873);
#8875=ORIENTED_EDGE('',*,*,#8827,.F.);
#8877=ORIENTED_EDGE('',*,*,#8876,.T.);
#8879=ORIENTED_EDGE('',*,*,#8878,.T.);
#8880=ORIENTED_EDGE('',*,*,#8863,.F.);
#8881=EDGE_LOOP('',(#8875,#8877,#8879,#8880));
#8882=FACE_OUTER_BOUND('',#8881,.F.);
#8883=ADVANCED_FACE('',(#8882),#8874,.T.);
#8884=CARTESIAN_POINT('',(-1.05E0,1.E-1,-1.6E0));
#8885=DIRECTION('',(-1.E0,0.E0,0.E0));
#8886=DIRECTION('',(0.E0,0.E0,1.E0));
#8887=AXIS2_PLACEMENT_3D('',#8884,#8885,#8886);
#8888=PLANE('',#8887);
#8889=ORIENTED_EDGE('',*,*,#8844,.T.);
#8891=ORIENTED_EDGE('',*,*,#8890,.T.);
#8892=ORIENTED_EDGE('',*,*,#8876,.F.);
#8893=ORIENTED_EDGE('',*,*,#8825,.F.);
#8894=EDGE_LOOP('',(#8889,#8891,#8892,#8893));
#8895=FACE_OUTER_BOUND('',#8894,.F.);
#8896=ADVANCED_FACE('',(#8895),#8888,.T.);
#8897=CARTESIAN_POINT('',(0.E0,2.E-1,0.E0));
#8898=DIRECTION('',(0.E0,1.E0,0.E0));
#8899=DIRECTION('',(1.E0,0.E0,0.E0));
#8900=AXIS2_PLACEMENT_3D('',#8897,#8898,#8899);
#8901=PLANE('',#8900);
#8902=ORIENTED_EDGE('',*,*,#8842,.T.);
#8903=ORIENTED_EDGE('',*,*,#8865,.F.);
#8904=ORIENTED_EDGE('',*,*,#8878,.F.);
#8905=ORIENTED_EDGE('',*,*,#8890,.F.);
#8906=EDGE_LOOP('',(#8902,#8903,#8904,#8905));
#8907=FACE_OUTER_BOUND('',#8906,.F.);
#8908=ADVANCED_FACE('',(#8907),#8901,.T.);
#8909=CLOSED_SHELL('',(#8833,#8848,#8869,#8883,#8896,#8908));
#8910=MANIFOLD_SOLID_BREP('',#8909);
#8911=FILL_AREA_STYLE_COLOUR('',#28);
#8912=FILL_AREA_STYLE('',(#8911));
#8913=SURFACE_STYLE_FILL_AREA(#8912);
#8914=SURFACE_SIDE_STYLE('',(#8913));
#8915=SURFACE_STYLE_USAGE(.POSITIVE.,#8914);
#8916=PRESENTATION_STYLE_ASSIGNMENT((#8915));
#8717=STYLED_ITEM('',(#8916),#8910);
#8918=DIRECTION('',(1.E0,0.E0,0.E0));
#8919=VECTOR('',#8918,1.45E-1);
#8920=CARTESIAN_POINT('',(-7.E-1,1.E-1,-1.5E0));
#8921=LINE('',#8920,#8919);
#8922=CURVE_STYLE('',#36,POSITIVE_LENGTH_MEASURE(2.E-2),#28);
#8923=PRESENTATION_STYLE_ASSIGNMENT((#8922));
#8924=STYLED_ITEM('',(#8923),#8921);
#8925=DIRECTION('',(0.E0,0.E0,1.E0));
#8926=VECTOR('',#8925,1.E-1);
#8927=CARTESIAN_POINT('',(-7.E-1,1.E-1,-1.5E0));
#8928=LINE('',#8927,#8926);
#8929=CURVE_STYLE('',#36,POSITIVE_LENGTH_MEASURE(2.E-2),#28);
#8930=PRESENTATION_STYLE_ASSIGNMENT((#8929));
#8931=STYLED_ITEM('',(#8930),#8928);
#8932=DIRECTION('',(1.E0,0.E0,0.E0));
#8933=VECTOR('',#8932,1.45E-1);
#8934=CARTESIAN_POINT('',(-7.E-1,1.E-1,-1.4E0));
#8935=LINE('',#8934,#8933);
#8936=CURVE_STYLE('',#36,POSITIVE_LENGTH_MEASURE(2.E-2),#28);
#8937=PRESENTATION_STYLE_ASSIGNMENT((#8936));
#8938=STYLED_ITEM('',(#8937),#8935);
#8939=DIRECTION('',(0.E0,0.E0,-1.E0));
#8940=VECTOR('',#8939,1.E-1);
#8941=CARTESIAN_POINT('',(-5.55E-1,1.E-1,-1.4E0));
#8942=LINE('',#8941,#8940);
#8943=CURVE_STYLE('',#36,POSITIVE_LENGTH_MEASURE(2.E-2),#28);
#8944=PRESENTATION_STYLE_ASSIGNMENT((#8943));
#8945=STYLED_ITEM('',(#8944),#8942);
#8946=DIRECTION('',(0.E0,1.E0,0.E0));
#8947=VECTOR('',#8946,1.E-1);
#8948=CARTESIAN_POINT('',(-5.55E-1,1.E-1,-1.5E0));
#8949=LINE('',#8948,#8947);
#8950=CURVE_STYLE('',#36,POSITIVE_LENGTH_MEASURE(2.E-2),#28);
#8951=PRESENTATION_STYLE_ASSIGNMENT((#8950));
#8952=STYLED_ITEM('',(#8951),#8949);
#8953=DIRECTION('',(0.E0,1.E0,0.E0));
#8954=VECTOR('',#8953,1.E-1);
#8955=CARTESIAN_POINT('',(-5.55E-1,1.E-1,-1.4E0));
#8956=LINE('',#8955,#8954);
#8957=CURVE_STYLE('',#36,POSITIVE_LENGTH_MEASURE(2.E-2),#28);
#8958=PRESENTATION_STYLE_ASSIGNMENT((#8957));
#8959=STYLED_ITEM('',(#8958),#8956);
#8960=DIRECTION('',(0.E0,1.E0,0.E0));
#8961=VECTOR('',#8960,1.E-1);
#8962=CARTESIAN_POINT('',(-7.E-1,1.E-1,-1.4E0));
#8963=LINE('',#8962,#8961);
#8964=CURVE_STYLE('',#36,POSITIVE_LENGTH_MEASURE(2.E-2),#28);
#8965=PRESENTATION_STYLE_ASSIGNMENT((#8964));
#8966=STYLED_ITEM('',(#8965),#8963);
#8967=DIRECTION('',(0.E0,1.E0,0.E0));
#8968=VECTOR('',#8967,1.E-1);
#8969=CARTESIAN_POINT('',(-7.E-1,1.E-1,-1.5E0));
#8970=LINE('',#8969,#8968);
#8971=CURVE_STYLE('',#36,POSITIVE_LENGTH_MEASURE(2.E-2),#28);
#8972=PRESENTATION_STYLE_ASSIGNMENT((#8971));
#8973=STYLED_ITEM('',(#8972),#8970);
#8974=DIRECTION('',(1.E0,0.E0,0.E0));
#8975=VECTOR('',#8974,1.45E-1);
#8976=CARTESIAN_POINT('',(-7.E-1,2.E-1,-1.5E0));
#8977=LINE('',#8976,#8975);
#8978=CURVE_STYLE('',#36,POSITIVE_LENGTH_MEASURE(2.E-2),#28);
#8979=PRESENTATION_STYLE_ASSIGNMENT((#8978));
#8980=STYLED_ITEM('',(#8979),#8977);
#8981=DIRECTION('',(0.E0,0.E0,-1.E0));
#8982=VECTOR('',#8981,1.E-1);
#8983=CARTESIAN_POINT('',(-5.55E-1,2.E-1,-1.4E0));
#8984=LINE('',#8983,#8982);
#8985=CURVE_STYLE('',#36,POSITIVE_LENGTH_MEASURE(2.E-2),#28);
#8986=PRESENTATION_STYLE_ASSIGNMENT((#8985));
#8987=STYLED_ITEM('',(#8986),#8984);
#8988=DIRECTION('',(1.E0,0.E0,0.E0));
#8989=VECTOR('',#8988,1.45E-1);
#8990=CARTESIAN_POINT('',(-7.E-1,2.E-1,-1.4E0));
#8991=LINE('',#8990,#8989);
#8992=CURVE_STYLE('',#36,POSITIVE_LENGTH_MEASURE(2.E-2),#28);
#8993=PRESENTATION_STYLE_ASSIGNMENT((#8992));
#8994=STYLED_ITEM('',(#8993),#8991);
#8995=DIRECTION('',(0.E0,0.E0,1.E0));
#8996=VECTOR('',#8995,1.E-1);
#8997=CARTESIAN_POINT('',(-7.E-1,2.E-1,-1.5E0));
#8998=LINE('',#8997,#8996);
#8999=CURVE_STYLE('',#36,POSITIVE_LENGTH_MEASURE(2.E-2),#28);
#9000=PRESENTATION_STYLE_ASSIGNMENT((#8999));
#9001=STYLED_ITEM('',(#9000),#8998);
#9002=CARTESIAN_POINT('',(-7.E-1,1.E-1,-1.5E0));
#9003=CARTESIAN_POINT('',(-5.55E-1,1.E-1,-1.5E0));
#9004=VERTEX_POINT('',#9002);
#9005=VERTEX_POINT('',#9003);
#9006=CARTESIAN_POINT('',(-7.E-1,2.E-1,-1.5E0));
#9007=CARTESIAN_POINT('',(-5.55E-1,2.E-1,-1.5E0));
#9008=VERTEX_POINT('',#9006);
#9009=VERTEX_POINT('',#9007);
#9010=CARTESIAN_POINT('',(-7.E-1,1.E-1,-1.4E0));
#9011=CARTESIAN_POINT('',(-5.55E-1,1.E-1,-1.4E0));
#9012=VERTEX_POINT('',#9010);
#9013=VERTEX_POINT('',#9011);
#9014=CARTESIAN_POINT('',(-7.E-1,2.E-1,-1.4E0));
#9015=CARTESIAN_POINT('',(-5.55E-1,2.E-1,-1.4E0));
#9016=VERTEX_POINT('',#9014);
#9017=VERTEX_POINT('',#9015);
#9018=CARTESIAN_POINT('',(0.E0,1.E-1,0.E0));
#9019=DIRECTION('',(0.E0,1.E0,0.E0));
#9020=DIRECTION('',(1.E0,0.E0,0.E0));
#9021=AXIS2_PLACEMENT_3D('',#9018,#9019,#9020);
#9022=PLANE('',#9021);
#9024=ORIENTED_EDGE('',*,*,#9023,.F.);
#9026=ORIENTED_EDGE('',*,*,#9025,.T.);
#9028=ORIENTED_EDGE('',*,*,#9027,.T.);
#9030=ORIENTED_EDGE('',*,*,#9029,.T.);
#9031=EDGE_LOOP('',(#9024,#9026,#9028,#9030));
#9032=FACE_OUTER_BOUND('',#9031,.F.);
#9033=ADVANCED_FACE('',(#9032),#9022,.F.);
#9034=CARTESIAN_POINT('',(-1.25E0,0.E0,-1.5E0));
#9035=DIRECTION('',(0.E0,0.E0,1.E0));
#9036=DIRECTION('',(1.E0,0.E0,0.E0));
#9037=AXIS2_PLACEMENT_3D('',#9034,#9035,#9036);
#9038=PLANE('',#9037);
#9039=ORIENTED_EDGE('',*,*,#9023,.T.);
#9041=ORIENTED_EDGE('',*,*,#9040,.T.);
#9043=ORIENTED_EDGE('',*,*,#9042,.F.);
#9045=ORIENTED_EDGE('',*,*,#9044,.F.);
#9046=EDGE_LOOP('',(#9039,#9041,#9043,#9045));
#9047=FACE_OUTER_BOUND('',#9046,.F.);
#9048=ADVANCED_FACE('',(#9047),#9038,.F.);
#9049=FILL_AREA_STYLE_COLOUR('',#29);
#9050=FILL_AREA_STYLE('',(#9049));
#9051=SURFACE_STYLE_FILL_AREA(#9050);
#9052=SURFACE_SIDE_STYLE('',(#9051));
#9053=SURFACE_STYLE_USAGE(.POSITIVE.,#9052);
#9054=PRESENTATION_STYLE_ASSIGNMENT((#9053));
#9055=OVER_RIDING_STYLED_ITEM('',(#9054),#9048,#8917);
#9056=CARTESIAN_POINT('',(-5.55E-1,1.E-1,-1.4E0));
#9057=DIRECTION('',(1.E0,0.E0,0.E0));
#9058=DIRECTION('',(0.E0,0.E0,-1.E0));
#9059=AXIS2_PLACEMENT_3D('',#9056,#9057,#9058);
#9060=PLANE('',#9059);
#9061=ORIENTED_EDGE('',*,*,#9040,.F.);
#9062=ORIENTED_EDGE('',*,*,#9029,.F.);
#9064=ORIENTED_EDGE('',*,*,#9063,.T.);
#9066=ORIENTED_EDGE('',*,*,#9065,.T.);
#9067=EDGE_LOOP('',(#9061,#9062,#9064,#9066));
#9068=FACE_OUTER_BOUND('',#9067,.F.);
#9069=ADVANCED_FACE('',(#9068),#9060,.T.);
#9070=CARTESIAN_POINT('',(-7.E-1,1.E-1,-1.4E0));
#9071=DIRECTION('',(0.E0,0.E0,1.E0));
#9072=DIRECTION('',(1.E0,0.E0,0.E0));
#9073=AXIS2_PLACEMENT_3D('',#9070,#9071,#9072);
#9074=PLANE('',#9073);
#9075=ORIENTED_EDGE('',*,*,#9027,.F.);
#9077=ORIENTED_EDGE('',*,*,#9076,.T.);
#9079=ORIENTED_EDGE('',*,*,#9078,.T.);
#9080=ORIENTED_EDGE('',*,*,#9063,.F.);
#9081=EDGE_LOOP('',(#9075,#9077,#9079,#9080));
#9082=FACE_OUTER_BOUND('',#9081,.F.);
#9083=ADVANCED_FACE('',(#9082),#9074,.T.);
#9084=CARTESIAN_POINT('',(-7.E-1,1.E-1,-1.6E0));
#9085=DIRECTION('',(-1.E0,0.E0,0.E0));
#9086=DIRECTION('',(0.E0,0.E0,1.E0));
#9087=AXIS2_PLACEMENT_3D('',#9084,#9085,#9086);
#9088=PLANE('',#9087);
#9089=ORIENTED_EDGE('',*,*,#9044,.T.);
#9091=ORIENTED_EDGE('',*,*,#9090,.T.);
#9092=ORIENTED_EDGE('',*,*,#9076,.F.);
#9093=ORIENTED_EDGE('',*,*,#9025,.F.);
#9094=EDGE_LOOP('',(#9089,#9091,#9092,#9093));
#9095=FACE_OUTER_BOUND('',#9094,.F.);
#9096=ADVANCED_FACE('',(#9095),#9088,.T.);
#9097=CARTESIAN_POINT('',(0.E0,2.E-1,0.E0));
#9098=DIRECTION('',(0.E0,1.E0,0.E0));
#9099=DIRECTION('',(1.E0,0.E0,0.E0));
#9100=AXIS2_PLACEMENT_3D('',#9097,#9098,#9099);
#9101=PLANE('',#9100);
#9102=ORIENTED_EDGE('',*,*,#9042,.T.);
#9103=ORIENTED_EDGE('',*,*,#9065,.F.);
#9104=ORIENTED_EDGE('',*,*,#9078,.F.);
#9105=ORIENTED_EDGE('',*,*,#9090,.F.);
#9106=EDGE_LOOP('',(#9102,#9103,#9104,#9105));
#9107=FACE_OUTER_BOUND('',#9106,.F.);
#9108=ADVANCED_FACE('',(#9107),#9101,.T.);
#9109=CLOSED_SHELL('',(#9033,#9048,#9069,#9083,#9096,#9108));
#9110=MANIFOLD_SOLID_BREP('',#9109);
#9111=FILL_AREA_STYLE_COLOUR('',#28);
#9112=FILL_AREA_STYLE('',(#9111));
#9113=SURFACE_STYLE_FILL_AREA(#9112);
#9114=SURFACE_SIDE_STYLE('',(#9113));
#9115=SURFACE_STYLE_USAGE(.POSITIVE.,#9114);
#9116=PRESENTATION_STYLE_ASSIGNMENT((#9115));
#8917=STYLED_ITEM('',(#9116),#9110);
#9118=DIRECTION('',(-1.E0,0.E0,0.E0));
#9119=VECTOR('',#9118,1.5E-1);
#9120=CARTESIAN_POINT('',(-9.E-1,1.E-1,1.5E0));
#9121=LINE('',#9120,#9119);
#9122=CURVE_STYLE('',#36,POSITIVE_LENGTH_MEASURE(2.E-2),#28);
#9123=PRESENTATION_STYLE_ASSIGNMENT((#9122));
#9124=STYLED_ITEM('',(#9123),#9121);
#9125=DIRECTION('',(0.E0,0.E0,-1.E0));
#9126=VECTOR('',#9125,1.E-1);
#9127=CARTESIAN_POINT('',(-9.E-1,1.E-1,1.5E0));
#9128=LINE('',#9127,#9126);
#9129=CURVE_STYLE('',#36,POSITIVE_LENGTH_MEASURE(2.E-2),#28);
#9130=PRESENTATION_STYLE_ASSIGNMENT((#9129));
#9131=STYLED_ITEM('',(#9130),#9128);
#9132=DIRECTION('',(-1.E0,0.E0,0.E0));
#9133=VECTOR('',#9132,1.5E-1);
#9134=CARTESIAN_POINT('',(-9.E-1,1.E-1,1.4E0));
#9135=LINE('',#9134,#9133);
#9136=CURVE_STYLE('',#36,POSITIVE_LENGTH_MEASURE(2.E-2),#28);
#9137=PRESENTATION_STYLE_ASSIGNMENT((#9136));
#9138=STYLED_ITEM('',(#9137),#9135);
#9139=DIRECTION('',(0.E0,0.E0,1.E0));
#9140=VECTOR('',#9139,1.E-1);
#9141=CARTESIAN_POINT('',(-1.05E0,1.E-1,1.4E0));
#9142=LINE('',#9141,#9140);
#9143=CURVE_STYLE('',#36,POSITIVE_LENGTH_MEASURE(2.E-2),#28);
#9144=PRESENTATION_STYLE_ASSIGNMENT((#9143));
#9145=STYLED_ITEM('',(#9144),#9142);
#9146=DIRECTION('',(0.E0,1.E0,0.E0));
#9147=VECTOR('',#9146,1.E-1);
#9148=CARTESIAN_POINT('',(-1.05E0,1.E-1,1.5E0));
#9149=LINE('',#9148,#9147);
#9150=CURVE_STYLE('',#36,POSITIVE_LENGTH_MEASURE(2.E-2),#28);
#9151=PRESENTATION_STYLE_ASSIGNMENT((#9150));
#9152=STYLED_ITEM('',(#9151),#9149);
#9153=DIRECTION('',(0.E0,1.E0,0.E0));
#9154=VECTOR('',#9153,1.E-1);
#9155=CARTESIAN_POINT('',(-1.05E0,1.E-1,1.4E0));
#9156=LINE('',#9155,#9154);
#9157=CURVE_STYLE('',#36,POSITIVE_LENGTH_MEASURE(2.E-2),#28);
#9158=PRESENTATION_STYLE_ASSIGNMENT((#9157));
#9159=STYLED_ITEM('',(#9158),#9156);
#9160=DIRECTION('',(0.E0,1.E0,0.E0));
#9161=VECTOR('',#9160,1.E-1);
#9162=CARTESIAN_POINT('',(-9.E-1,1.E-1,1.4E0));
#9163=LINE('',#9162,#9161);
#9164=CURVE_STYLE('',#36,POSITIVE_LENGTH_MEASURE(2.E-2),#28);
#9165=PRESENTATION_STYLE_ASSIGNMENT((#9164));
#9166=STYLED_ITEM('',(#9165),#9163);
#9167=DIRECTION('',(0.E0,1.E0,0.E0));
#9168=VECTOR('',#9167,1.E-1);
#9169=CARTESIAN_POINT('',(-9.E-1,1.E-1,1.5E0));
#9170=LINE('',#9169,#9168);
#9171=CURVE_STYLE('',#36,POSITIVE_LENGTH_MEASURE(2.E-2),#28);
#9172=PRESENTATION_STYLE_ASSIGNMENT((#9171));
#9173=STYLED_ITEM('',(#9172),#9170);
#9174=DIRECTION('',(-1.E0,0.E0,0.E0));
#9175=VECTOR('',#9174,1.5E-1);
#9176=CARTESIAN_POINT('',(-9.E-1,2.E-1,1.5E0));
#9177=LINE('',#9176,#9175);
#9178=CURVE_STYLE('',#36,POSITIVE_LENGTH_MEASURE(2.E-2),#28);
#9179=PRESENTATION_STYLE_ASSIGNMENT((#9178));
#9180=STYLED_ITEM('',(#9179),#9177);
#9181=DIRECTION('',(0.E0,0.E0,1.E0));
#9182=VECTOR('',#9181,1.E-1);
#9183=CARTESIAN_POINT('',(-1.05E0,2.E-1,1.4E0));
#9184=LINE('',#9183,#9182);
#9185=CURVE_STYLE('',#36,POSITIVE_LENGTH_MEASURE(2.E-2),#28);
#9186=PRESENTATION_STYLE_ASSIGNMENT((#9185));
#9187=STYLED_ITEM('',(#9186),#9184);
#9188=DIRECTION('',(-1.E0,0.E0,0.E0));
#9189=VECTOR('',#9188,1.5E-1);
#9190=CARTESIAN_POINT('',(-9.E-1,2.E-1,1.4E0));
#9191=LINE('',#9190,#9189);
#9192=CURVE_STYLE('',#36,POSITIVE_LENGTH_MEASURE(2.E-2),#28);
#9193=PRESENTATION_STYLE_ASSIGNMENT((#9192));
#9194=STYLED_ITEM('',(#9193),#9191);
#9195=DIRECTION('',(0.E0,0.E0,-1.E0));
#9196=VECTOR('',#9195,1.E-1);
#9197=CARTESIAN_POINT('',(-9.E-1,2.E-1,1.5E0));
#9198=LINE('',#9197,#9196);
#9199=CURVE_STYLE('',#36,POSITIVE_LENGTH_MEASURE(2.E-2),#28);
#9200=PRESENTATION_STYLE_ASSIGNMENT((#9199));
#9201=STYLED_ITEM('',(#9200),#9198);
#9202=CARTESIAN_POINT('',(-9.E-1,1.E-1,1.5E0));
#9203=CARTESIAN_POINT('',(-1.05E0,1.E-1,1.5E0));
#9204=VERTEX_POINT('',#9202);
#9205=VERTEX_POINT('',#9203);
#9206=CARTESIAN_POINT('',(-9.E-1,2.E-1,1.5E0));
#9207=CARTESIAN_POINT('',(-1.05E0,2.E-1,1.5E0));
#9208=VERTEX_POINT('',#9206);
#9209=VERTEX_POINT('',#9207);
#9210=CARTESIAN_POINT('',(-9.E-1,1.E-1,1.4E0));
#9211=CARTESIAN_POINT('',(-1.05E0,1.E-1,1.4E0));
#9212=VERTEX_POINT('',#9210);
#9213=VERTEX_POINT('',#9211);
#9214=CARTESIAN_POINT('',(-9.E-1,2.E-1,1.4E0));
#9215=CARTESIAN_POINT('',(-1.05E0,2.E-1,1.4E0));
#9216=VERTEX_POINT('',#9214);
#9217=VERTEX_POINT('',#9215);
#9218=CARTESIAN_POINT('',(0.E0,1.E-1,0.E0));
#9219=DIRECTION('',(0.E0,1.E0,0.E0));
#9220=DIRECTION('',(1.E0,0.E0,0.E0));
#9221=AXIS2_PLACEMENT_3D('',#9218,#9219,#9220);
#9222=PLANE('',#9221);
#9224=ORIENTED_EDGE('',*,*,#9223,.F.);
#9226=ORIENTED_EDGE('',*,*,#9225,.T.);
#9228=ORIENTED_EDGE('',*,*,#9227,.T.);
#9230=ORIENTED_EDGE('',*,*,#9229,.T.);
#9231=EDGE_LOOP('',(#9224,#9226,#9228,#9230));
#9232=FACE_OUTER_BOUND('',#9231,.F.);
#9233=ADVANCED_FACE('',(#9232),#9222,.F.);
#9234=CARTESIAN_POINT('',(1.25E0,0.E0,1.5E0));
#9235=DIRECTION('',(0.E0,0.E0,-1.E0));
#9236=DIRECTION('',(-1.E0,0.E0,0.E0));
#9237=AXIS2_PLACEMENT_3D('',#9234,#9235,#9236);
#9238=PLANE('',#9237);
#9239=ORIENTED_EDGE('',*,*,#9223,.T.);
#9241=ORIENTED_EDGE('',*,*,#9240,.T.);
#9243=ORIENTED_EDGE('',*,*,#9242,.F.);
#9245=ORIENTED_EDGE('',*,*,#9244,.F.);
#9246=EDGE_LOOP('',(#9239,#9241,#9243,#9245));
#9247=FACE_OUTER_BOUND('',#9246,.F.);
#9248=ADVANCED_FACE('',(#9247),#9238,.F.);
#9249=FILL_AREA_STYLE_COLOUR('',#29);
#9250=FILL_AREA_STYLE('',(#9249));
#9251=SURFACE_STYLE_FILL_AREA(#9250);
#9252=SURFACE_SIDE_STYLE('',(#9251));
#9253=SURFACE_STYLE_USAGE(.POSITIVE.,#9252);
#9254=PRESENTATION_STYLE_ASSIGNMENT((#9253));
#9255=OVER_RIDING_STYLED_ITEM('',(#9254),#9248,#9117);
#9256=CARTESIAN_POINT('',(-1.05E0,1.E-1,1.4E0));
#9257=DIRECTION('',(-1.E0,0.E0,0.E0));
#9258=DIRECTION('',(0.E0,0.E0,1.E0));
#9259=AXIS2_PLACEMENT_3D('',#9256,#9257,#9258);
#9260=PLANE('',#9259);
#9261=ORIENTED_EDGE('',*,*,#9240,.F.);
#9262=ORIENTED_EDGE('',*,*,#9229,.F.);
#9264=ORIENTED_EDGE('',*,*,#9263,.T.);
#9266=ORIENTED_EDGE('',*,*,#9265,.T.);
#9267=EDGE_LOOP('',(#9261,#9262,#9264,#9266));
#9268=FACE_OUTER_BOUND('',#9267,.F.);
#9269=ADVANCED_FACE('',(#9268),#9260,.T.);
#9270=CARTESIAN_POINT('',(-9.E-1,1.E-1,1.4E0));
#9271=DIRECTION('',(0.E0,0.E0,-1.E0));
#9272=DIRECTION('',(-1.E0,0.E0,0.E0));
#9273=AXIS2_PLACEMENT_3D('',#9270,#9271,#9272);
#9274=PLANE('',#9273);
#9275=ORIENTED_EDGE('',*,*,#9227,.F.);
#9277=ORIENTED_EDGE('',*,*,#9276,.T.);
#9279=ORIENTED_EDGE('',*,*,#9278,.T.);
#9280=ORIENTED_EDGE('',*,*,#9263,.F.);
#9281=EDGE_LOOP('',(#9275,#9277,#9279,#9280));
#9282=FACE_OUTER_BOUND('',#9281,.F.);
#9283=ADVANCED_FACE('',(#9282),#9274,.T.);
#9284=CARTESIAN_POINT('',(-9.E-1,1.E-1,1.6E0));
#9285=DIRECTION('',(1.E0,0.E0,0.E0));
#9286=DIRECTION('',(0.E0,0.E0,-1.E0));
#9287=AXIS2_PLACEMENT_3D('',#9284,#9285,#9286);
#9288=PLANE('',#9287);
#9289=ORIENTED_EDGE('',*,*,#9244,.T.);
#9291=ORIENTED_EDGE('',*,*,#9290,.T.);
#9292=ORIENTED_EDGE('',*,*,#9276,.F.);
#9293=ORIENTED_EDGE('',*,*,#9225,.F.);
#9294=EDGE_LOOP('',(#9289,#9291,#9292,#9293));
#9295=FACE_OUTER_BOUND('',#9294,.F.);
#9296=ADVANCED_FACE('',(#9295),#9288,.T.);
#9297=CARTESIAN_POINT('',(0.E0,2.E-1,0.E0));
#9298=DIRECTION('',(0.E0,1.E0,0.E0));
#9299=DIRECTION('',(1.E0,0.E0,0.E0));
#9300=AXIS2_PLACEMENT_3D('',#9297,#9298,#9299);
#9301=PLANE('',#9300);
#9302=ORIENTED_EDGE('',*,*,#9242,.T.);
#9303=ORIENTED_EDGE('',*,*,#9265,.F.);
#9304=ORIENTED_EDGE('',*,*,#9278,.F.);
#9305=ORIENTED_EDGE('',*,*,#9290,.F.);
#9306=EDGE_LOOP('',(#9302,#9303,#9304,#9305));
#9307=FACE_OUTER_BOUND('',#9306,.F.);
#9308=ADVANCED_FACE('',(#9307),#9301,.T.);
#9309=CLOSED_SHELL('',(#9233,#9248,#9269,#9283,#9296,#9308));
#9310=MANIFOLD_SOLID_BREP('',#9309);
#9311=FILL_AREA_STYLE_COLOUR('',#28);
#9312=FILL_AREA_STYLE('',(#9311));
#9313=SURFACE_STYLE_FILL_AREA(#9312);
#9314=SURFACE_SIDE_STYLE('',(#9313));
#9315=SURFACE_STYLE_USAGE(.POSITIVE.,#9314);
#9316=PRESENTATION_STYLE_ASSIGNMENT((#9315));
#9117=STYLED_ITEM('',(#9316),#9310);
#9318=DIRECTION('',(1.E0,0.E0,0.E0));
#9319=VECTOR('',#9318,1.45E-1);
#9320=CARTESIAN_POINT('',(5.55E-1,1.E-1,1.5E0));
#9321=LINE('',#9320,#9319);
#9322=CURVE_STYLE('',#36,POSITIVE_LENGTH_MEASURE(2.E-2),#28);
#9323=PRESENTATION_STYLE_ASSIGNMENT((#9322));
#9324=STYLED_ITEM('',(#9323),#9321);
#9325=DIRECTION('',(0.E0,0.E0,-1.E0));
#9326=VECTOR('',#9325,1.E-1);
#9327=CARTESIAN_POINT('',(7.E-1,1.E-1,1.5E0));
#9328=LINE('',#9327,#9326);
#9329=CURVE_STYLE('',#36,POSITIVE_LENGTH_MEASURE(2.E-2),#28);
#9330=PRESENTATION_STYLE_ASSIGNMENT((#9329));
#9331=STYLED_ITEM('',(#9330),#9328);
#9332=DIRECTION('',(-1.E0,0.E0,0.E0));
#9333=VECTOR('',#9332,1.45E-1);
#9334=CARTESIAN_POINT('',(7.E-1,1.E-1,1.4E0));
#9335=LINE('',#9334,#9333);
#9336=CURVE_STYLE('',#36,POSITIVE_LENGTH_MEASURE(2.E-2),#28);
#9337=PRESENTATION_STYLE_ASSIGNMENT((#9336));
#9338=STYLED_ITEM('',(#9337),#9335);
#9339=DIRECTION('',(0.E0,0.E0,1.E0));
#9340=VECTOR('',#9339,1.E-1);
#9341=CARTESIAN_POINT('',(5.55E-1,1.E-1,1.4E0));
#9342=LINE('',#9341,#9340);
#9343=CURVE_STYLE('',#36,POSITIVE_LENGTH_MEASURE(2.E-2),#28);
#9344=PRESENTATION_STYLE_ASSIGNMENT((#9343));
#9345=STYLED_ITEM('',(#9344),#9342);
#9346=DIRECTION('',(0.E0,1.E0,0.E0));
#9347=VECTOR('',#9346,1.E-1);
#9348=CARTESIAN_POINT('',(5.55E-1,1.E-1,1.5E0));
#9349=LINE('',#9348,#9347);
#9350=CURVE_STYLE('',#36,POSITIVE_LENGTH_MEASURE(2.E-2),#28);
#9351=PRESENTATION_STYLE_ASSIGNMENT((#9350));
#9352=STYLED_ITEM('',(#9351),#9349);
#9353=DIRECTION('',(0.E0,1.E0,0.E0));
#9354=VECTOR('',#9353,1.E-1);
#9355=CARTESIAN_POINT('',(5.55E-1,1.E-1,1.4E0));
#9356=LINE('',#9355,#9354);
#9357=CURVE_STYLE('',#36,POSITIVE_LENGTH_MEASURE(2.E-2),#28);
#9358=PRESENTATION_STYLE_ASSIGNMENT((#9357));
#9359=STYLED_ITEM('',(#9358),#9356);
#9360=DIRECTION('',(0.E0,1.E0,0.E0));
#9361=VECTOR('',#9360,1.E-1);
#9362=CARTESIAN_POINT('',(7.E-1,1.E-1,1.4E0));
#9363=LINE('',#9362,#9361);
#9364=CURVE_STYLE('',#36,POSITIVE_LENGTH_MEASURE(2.E-2),#28);
#9365=PRESENTATION_STYLE_ASSIGNMENT((#9364));
#9366=STYLED_ITEM('',(#9365),#9363);
#9367=DIRECTION('',(0.E0,1.E0,0.E0));
#9368=VECTOR('',#9367,1.E-1);
#9369=CARTESIAN_POINT('',(7.E-1,1.E-1,1.5E0));
#9370=LINE('',#9369,#9368);
#9371=CURVE_STYLE('',#36,POSITIVE_LENGTH_MEASURE(2.E-2),#28);
#9372=PRESENTATION_STYLE_ASSIGNMENT((#9371));
#9373=STYLED_ITEM('',(#9372),#9370);
#9374=DIRECTION('',(1.E0,0.E0,0.E0));
#9375=VECTOR('',#9374,1.45E-1);
#9376=CARTESIAN_POINT('',(5.55E-1,2.E-1,1.5E0));
#9377=LINE('',#9376,#9375);
#9378=CURVE_STYLE('',#36,POSITIVE_LENGTH_MEASURE(2.E-2),#28);
#9379=PRESENTATION_STYLE_ASSIGNMENT((#9378));
#9380=STYLED_ITEM('',(#9379),#9377);
#9381=DIRECTION('',(0.E0,0.E0,1.E0));
#9382=VECTOR('',#9381,1.E-1);
#9383=CARTESIAN_POINT('',(5.55E-1,2.E-1,1.4E0));
#9384=LINE('',#9383,#9382);
#9385=CURVE_STYLE('',#36,POSITIVE_LENGTH_MEASURE(2.E-2),#28);
#9386=PRESENTATION_STYLE_ASSIGNMENT((#9385));
#9387=STYLED_ITEM('',(#9386),#9384);
#9388=DIRECTION('',(-1.E0,0.E0,0.E0));
#9389=VECTOR('',#9388,1.45E-1);
#9390=CARTESIAN_POINT('',(7.E-1,2.E-1,1.4E0));
#9391=LINE('',#9390,#9389);
#9392=CURVE_STYLE('',#36,POSITIVE_LENGTH_MEASURE(2.E-2),#28);
#9393=PRESENTATION_STYLE_ASSIGNMENT((#9392));
#9394=STYLED_ITEM('',(#9393),#9391);
#9395=DIRECTION('',(0.E0,0.E0,-1.E0));
#9396=VECTOR('',#9395,1.E-1);
#9397=CARTESIAN_POINT('',(7.E-1,2.E-1,1.5E0));
#9398=LINE('',#9397,#9396);
#9399=CURVE_STYLE('',#36,POSITIVE_LENGTH_MEASURE(2.E-2),#28);
#9400=PRESENTATION_STYLE_ASSIGNMENT((#9399));
#9401=STYLED_ITEM('',(#9400),#9398);
#9402=CARTESIAN_POINT('',(7.E-1,1.E-1,1.4E0));
#9403=CARTESIAN_POINT('',(5.55E-1,1.E-1,1.4E0));
#9404=VERTEX_POINT('',#9402);
#9405=VERTEX_POINT('',#9403);
#9406=CARTESIAN_POINT('',(7.E-1,2.E-1,1.4E0));
#9407=CARTESIAN_POINT('',(5.55E-1,2.E-1,1.4E0));
#9408=VERTEX_POINT('',#9406);
#9409=VERTEX_POINT('',#9407);
#9410=CARTESIAN_POINT('',(5.55E-1,1.E-1,1.5E0));
#9411=CARTESIAN_POINT('',(7.E-1,1.E-1,1.5E0));
#9412=VERTEX_POINT('',#9410);
#9413=VERTEX_POINT('',#9411);
#9414=CARTESIAN_POINT('',(5.55E-1,2.E-1,1.5E0));
#9415=CARTESIAN_POINT('',(7.E-1,2.E-1,1.5E0));
#9416=VERTEX_POINT('',#9414);
#9417=VERTEX_POINT('',#9415);
#9418=CARTESIAN_POINT('',(0.E0,1.E-1,0.E0));
#9419=DIRECTION('',(0.E0,1.E0,0.E0));
#9420=DIRECTION('',(1.E0,0.E0,0.E0));
#9421=AXIS2_PLACEMENT_3D('',#9418,#9419,#9420);
#9422=PLANE('',#9421);
#9424=ORIENTED_EDGE('',*,*,#9423,.T.);
#9426=ORIENTED_EDGE('',*,*,#9425,.T.);
#9428=ORIENTED_EDGE('',*,*,#9427,.T.);
#9430=ORIENTED_EDGE('',*,*,#9429,.T.);
#9431=EDGE_LOOP('',(#9424,#9426,#9428,#9430));
#9432=FACE_OUTER_BOUND('',#9431,.F.);
#9433=ADVANCED_FACE('',(#9432),#9422,.F.);
#9434=CARTESIAN_POINT('',(1.25E0,0.E0,1.5E0));
#9435=DIRECTION('',(0.E0,0.E0,-1.E0));
#9436=DIRECTION('',(-1.E0,0.E0,0.E0));
#9437=AXIS2_PLACEMENT_3D('',#9434,#9435,#9436);
#9438=PLANE('',#9437);
#9439=ORIENTED_EDGE('',*,*,#9423,.F.);
#9441=ORIENTED_EDGE('',*,*,#9440,.T.);
#9443=ORIENTED_EDGE('',*,*,#9442,.T.);
#9445=ORIENTED_EDGE('',*,*,#9444,.F.);
#9446=EDGE_LOOP('',(#9439,#9441,#9443,#9445));
#9447=FACE_OUTER_BOUND('',#9446,.F.);
#9448=ADVANCED_FACE('',(#9447),#9438,.F.);
#9449=FILL_AREA_STYLE_COLOUR('',#29);
#9450=FILL_AREA_STYLE('',(#9449));
#9451=SURFACE_STYLE_FILL_AREA(#9450);
#9452=SURFACE_SIDE_STYLE('',(#9451));
#9453=SURFACE_STYLE_USAGE(.POSITIVE.,#9452);
#9454=PRESENTATION_STYLE_ASSIGNMENT((#9453));
#9455=OVER_RIDING_STYLED_ITEM('',(#9454),#9448,#9317);
#9456=CARTESIAN_POINT('',(5.55E-1,1.E-1,1.4E0));
#9457=DIRECTION('',(-1.E0,0.E0,0.E0));
#9458=DIRECTION('',(0.E0,0.E0,1.E0));
#9459=AXIS2_PLACEMENT_3D('',#9456,#9457,#9458);
#9460=PLANE('',#9459);
#9461=ORIENTED_EDGE('',*,*,#9440,.F.);
#9462=ORIENTED_EDGE('',*,*,#9429,.F.);
#9464=ORIENTED_EDGE('',*,*,#9463,.T.);
#9466=ORIENTED_EDGE('',*,*,#9465,.T.);
#9467=EDGE_LOOP('',(#9461,#9462,#9464,#9466));
#9468=FACE_OUTER_BOUND('',#9467,.F.);
#9469=ADVANCED_FACE('',(#9468),#9460,.T.);
#9470=CARTESIAN_POINT('',(7.E-1,1.E-1,1.4E0));
#9471=DIRECTION('',(0.E0,0.E0,-1.E0));
#9472=DIRECTION('',(-1.E0,0.E0,0.E0));
#9473=AXIS2_PLACEMENT_3D('',#9470,#9471,#9472);
#9474=PLANE('',#9473);
#9475=ORIENTED_EDGE('',*,*,#9427,.F.);
#9477=ORIENTED_EDGE('',*,*,#9476,.T.);
#9479=ORIENTED_EDGE('',*,*,#9478,.T.);
#9480=ORIENTED_EDGE('',*,*,#9463,.F.);
#9481=EDGE_LOOP('',(#9475,#9477,#9479,#9480));
#9482=FACE_OUTER_BOUND('',#9481,.F.);
#9483=ADVANCED_FACE('',(#9482),#9474,.T.);
#9484=CARTESIAN_POINT('',(7.E-1,1.E-1,1.6E0));
#9485=DIRECTION('',(1.E0,0.E0,0.E0));
#9486=DIRECTION('',(0.E0,0.E0,-1.E0));
#9487=AXIS2_PLACEMENT_3D('',#9484,#9485,#9486);
#9488=PLANE('',#9487);
#9489=ORIENTED_EDGE('',*,*,#9444,.T.);
#9491=ORIENTED_EDGE('',*,*,#9490,.T.);
#9492=ORIENTED_EDGE('',*,*,#9476,.F.);
#9493=ORIENTED_EDGE('',*,*,#9425,.F.);
#9494=EDGE_LOOP('',(#9489,#9491,#9492,#9493));
#9495=FACE_OUTER_BOUND('',#9494,.F.);
#9496=ADVANCED_FACE('',(#9495),#9488,.T.);
#9497=CARTESIAN_POINT('',(0.E0,2.E-1,0.E0));
#9498=DIRECTION('',(0.E0,1.E0,0.E0));
#9499=DIRECTION('',(1.E0,0.E0,0.E0));
#9500=AXIS2_PLACEMENT_3D('',#9497,#9498,#9499);
#9501=PLANE('',#9500);
#9502=ORIENTED_EDGE('',*,*,#9442,.F.);
#9503=ORIENTED_EDGE('',*,*,#9465,.F.);
#9504=ORIENTED_EDGE('',*,*,#9478,.F.);
#9505=ORIENTED_EDGE('',*,*,#9490,.F.);
#9506=EDGE_LOOP('',(#9502,#9503,#9504,#9505));
#9507=FACE_OUTER_BOUND('',#9506,.F.);
#9508=ADVANCED_FACE('',(#9507),#9501,.T.);
#9509=CLOSED_SHELL('',(#9433,#9448,#9469,#9483,#9496,#9508));
#9510=MANIFOLD_SOLID_BREP('',#9509);
#9511=FILL_AREA_STYLE_COLOUR('',#28);
#9512=FILL_AREA_STYLE('',(#9511));
#9513=SURFACE_STYLE_FILL_AREA(#9512);
#9514=SURFACE_SIDE_STYLE('',(#9513));
#9515=SURFACE_STYLE_USAGE(.POSITIVE.,#9514);
#9516=PRESENTATION_STYLE_ASSIGNMENT((#9515));
#9317=STYLED_ITEM('',(#9516),#9510);
#9518=DIRECTION('',(1.E0,0.E0,0.E0));
#9519=VECTOR('',#9518,1.5E-1);
#9520=CARTESIAN_POINT('',(9.E-1,1.E-1,1.5E0));
#9521=LINE('',#9520,#9519);
#9522=CURVE_STYLE('',#36,POSITIVE_LENGTH_MEASURE(2.E-2),#28);
#9523=PRESENTATION_STYLE_ASSIGNMENT((#9522));
#9524=STYLED_ITEM('',(#9523),#9521);
#9525=DIRECTION('',(0.E0,0.E0,-1.E0));
#9526=VECTOR('',#9525,1.E-1);
#9527=CARTESIAN_POINT('',(1.05E0,1.E-1,1.5E0));
#9528=LINE('',#9527,#9526);
#9529=CURVE_STYLE('',#36,POSITIVE_LENGTH_MEASURE(2.E-2),#28);
#9530=PRESENTATION_STYLE_ASSIGNMENT((#9529));
#9531=STYLED_ITEM('',(#9530),#9528);
#9532=DIRECTION('',(-1.E0,0.E0,0.E0));
#9533=VECTOR('',#9532,1.5E-1);
#9534=CARTESIAN_POINT('',(1.05E0,1.E-1,1.4E0));
#9535=LINE('',#9534,#9533);
#9536=CURVE_STYLE('',#36,POSITIVE_LENGTH_MEASURE(2.E-2),#28);
#9537=PRESENTATION_STYLE_ASSIGNMENT((#9536));
#9538=STYLED_ITEM('',(#9537),#9535);
#9539=DIRECTION('',(0.E0,0.E0,1.E0));
#9540=VECTOR('',#9539,1.E-1);
#9541=CARTESIAN_POINT('',(9.E-1,1.E-1,1.4E0));
#9542=LINE('',#9541,#9540);
#9543=CURVE_STYLE('',#36,POSITIVE_LENGTH_MEASURE(2.E-2),#28);
#9544=PRESENTATION_STYLE_ASSIGNMENT((#9543));
#9545=STYLED_ITEM('',(#9544),#9542);
#9546=DIRECTION('',(0.E0,1.E0,0.E0));
#9547=VECTOR('',#9546,1.E-1);
#9548=CARTESIAN_POINT('',(9.E-1,1.E-1,1.5E0));
#9549=LINE('',#9548,#9547);
#9550=CURVE_STYLE('',#36,POSITIVE_LENGTH_MEASURE(2.E-2),#28);
#9551=PRESENTATION_STYLE_ASSIGNMENT((#9550));
#9552=STYLED_ITEM('',(#9551),#9549);
#9553=DIRECTION('',(0.E0,1.E0,0.E0));
#9554=VECTOR('',#9553,1.E-1);
#9555=CARTESIAN_POINT('',(9.E-1,1.E-1,1.4E0));
#9556=LINE('',#9555,#9554);
#9557=CURVE_STYLE('',#36,POSITIVE_LENGTH_MEASURE(2.E-2),#28);
#9558=PRESENTATION_STYLE_ASSIGNMENT((#9557));
#9559=STYLED_ITEM('',(#9558),#9556);
#9560=DIRECTION('',(0.E0,1.E0,0.E0));
#9561=VECTOR('',#9560,1.E-1);
#9562=CARTESIAN_POINT('',(1.05E0,1.E-1,1.4E0));
#9563=LINE('',#9562,#9561);
#9564=CURVE_STYLE('',#36,POSITIVE_LENGTH_MEASURE(2.E-2),#28);
#9565=PRESENTATION_STYLE_ASSIGNMENT((#9564));
#9566=STYLED_ITEM('',(#9565),#9563);
#9567=DIRECTION('',(0.E0,1.E0,0.E0));
#9568=VECTOR('',#9567,1.E-1);
#9569=CARTESIAN_POINT('',(1.05E0,1.E-1,1.5E0));
#9570=LINE('',#9569,#9568);
#9571=CURVE_STYLE('',#36,POSITIVE_LENGTH_MEASURE(2.E-2),#28);
#9572=PRESENTATION_STYLE_ASSIGNMENT((#9571));
#9573=STYLED_ITEM('',(#9572),#9570);
#9574=DIRECTION('',(1.E0,0.E0,0.E0));
#9575=VECTOR('',#9574,1.5E-1);
#9576=CARTESIAN_POINT('',(9.E-1,2.E-1,1.5E0));
#9577=LINE('',#9576,#9575);
#9578=CURVE_STYLE('',#36,POSITIVE_LENGTH_MEASURE(2.E-2),#28);
#9579=PRESENTATION_STYLE_ASSIGNMENT((#9578));
#9580=STYLED_ITEM('',(#9579),#9577);
#9581=DIRECTION('',(0.E0,0.E0,1.E0));
#9582=VECTOR('',#9581,1.E-1);
#9583=CARTESIAN_POINT('',(9.E-1,2.E-1,1.4E0));
#9584=LINE('',#9583,#9582);
#9585=CURVE_STYLE('',#36,POSITIVE_LENGTH_MEASURE(2.E-2),#28);
#9586=PRESENTATION_STYLE_ASSIGNMENT((#9585));
#9587=STYLED_ITEM('',(#9586),#9584);
#9588=DIRECTION('',(-1.E0,0.E0,0.E0));
#9589=VECTOR('',#9588,1.5E-1);
#9590=CARTESIAN_POINT('',(1.05E0,2.E-1,1.4E0));
#9591=LINE('',#9590,#9589);
#9592=CURVE_STYLE('',#36,POSITIVE_LENGTH_MEASURE(2.E-2),#28);
#9593=PRESENTATION_STYLE_ASSIGNMENT((#9592));
#9594=STYLED_ITEM('',(#9593),#9591);
#9595=DIRECTION('',(0.E0,0.E0,-1.E0));
#9596=VECTOR('',#9595,1.E-1);
#9597=CARTESIAN_POINT('',(1.05E0,2.E-1,1.5E0));
#9598=LINE('',#9597,#9596);
#9599=CURVE_STYLE('',#36,POSITIVE_LENGTH_MEASURE(2.E-2),#28);
#9600=PRESENTATION_STYLE_ASSIGNMENT((#9599));
#9601=STYLED_ITEM('',(#9600),#9598);
#9602=CARTESIAN_POINT('',(1.05E0,1.E-1,1.4E0));
#9603=CARTESIAN_POINT('',(9.E-1,1.E-1,1.4E0));
#9604=VERTEX_POINT('',#9602);
#9605=VERTEX_POINT('',#9603);
#9606=CARTESIAN_POINT('',(1.05E0,2.E-1,1.4E0));
#9607=CARTESIAN_POINT('',(9.E-1,2.E-1,1.4E0));
#9608=VERTEX_POINT('',#9606);
#9609=VERTEX_POINT('',#9607);
#9610=CARTESIAN_POINT('',(9.E-1,1.E-1,1.5E0));
#9611=CARTESIAN_POINT('',(1.05E0,1.E-1,1.5E0));
#9612=VERTEX_POINT('',#9610);
#9613=VERTEX_POINT('',#9611);
#9614=CARTESIAN_POINT('',(9.E-1,2.E-1,1.5E0));
#9615=CARTESIAN_POINT('',(1.05E0,2.E-1,1.5E0));
#9616=VERTEX_POINT('',#9614);
#9617=VERTEX_POINT('',#9615);
#9618=CARTESIAN_POINT('',(0.E0,1.E-1,0.E0));
#9619=DIRECTION('',(0.E0,1.E0,0.E0));
#9620=DIRECTION('',(1.E0,0.E0,0.E0));
#9621=AXIS2_PLACEMENT_3D('',#9618,#9619,#9620);
#9622=PLANE('',#9621);
#9624=ORIENTED_EDGE('',*,*,#9623,.T.);
#9626=ORIENTED_EDGE('',*,*,#9625,.T.);
#9628=ORIENTED_EDGE('',*,*,#9627,.T.);
#9630=ORIENTED_EDGE('',*,*,#9629,.T.);
#9631=EDGE_LOOP('',(#9624,#9626,#9628,#9630));
#9632=FACE_OUTER_BOUND('',#9631,.F.);
#9633=ADVANCED_FACE('',(#9632),#9622,.F.);
#9634=CARTESIAN_POINT('',(1.25E0,0.E0,1.5E0));
#9635=DIRECTION('',(0.E0,0.E0,-1.E0));
#9636=DIRECTION('',(-1.E0,0.E0,0.E0));
#9637=AXIS2_PLACEMENT_3D('',#9634,#9635,#9636);
#9638=PLANE('',#9637);
#9639=ORIENTED_EDGE('',*,*,#9623,.F.);
#9641=ORIENTED_EDGE('',*,*,#9640,.T.);
#9643=ORIENTED_EDGE('',*,*,#9642,.T.);
#9645=ORIENTED_EDGE('',*,*,#9644,.F.);
#9646=EDGE_LOOP('',(#9639,#9641,#9643,#9645));
#9647=FACE_OUTER_BOUND('',#9646,.F.);
#9648=ADVANCED_FACE('',(#9647),#9638,.F.);
#9649=FILL_AREA_STYLE_COLOUR('',#29);
#9650=FILL_AREA_STYLE('',(#9649));
#9651=SURFACE_STYLE_FILL_AREA(#9650);
#9652=SURFACE_SIDE_STYLE('',(#9651));
#9653=SURFACE_STYLE_USAGE(.POSITIVE.,#9652);
#9654=PRESENTATION_STYLE_ASSIGNMENT((#9653));
#9655=OVER_RIDING_STYLED_ITEM('',(#9654),#9648,#9517);
#9656=CARTESIAN_POINT('',(9.E-1,1.E-1,1.4E0));
#9657=DIRECTION('',(-1.E0,0.E0,0.E0));
#9658=DIRECTION('',(0.E0,0.E0,1.E0));
#9659=AXIS2_PLACEMENT_3D('',#9656,#9657,#9658);
#9660=PLANE('',#9659);
#9661=ORIENTED_EDGE('',*,*,#9640,.F.);
#9662=ORIENTED_EDGE('',*,*,#9629,.F.);
#9664=ORIENTED_EDGE('',*,*,#9663,.T.);
#9666=ORIENTED_EDGE('',*,*,#9665,.T.);
#9667=EDGE_LOOP('',(#9661,#9662,#9664,#9666));
#9668=FACE_OUTER_BOUND('',#9667,.F.);
#9669=ADVANCED_FACE('',(#9668),#9660,.T.);
#9670=CARTESIAN_POINT('',(1.05E0,1.E-1,1.4E0));
#9671=DIRECTION('',(0.E0,0.E0,-1.E0));
#9672=DIRECTION('',(-1.E0,0.E0,0.E0));
#9673=AXIS2_PLACEMENT_3D('',#9670,#9671,#9672);
#9674=PLANE('',#9673);
#9675=ORIENTED_EDGE('',*,*,#9627,.F.);
#9677=ORIENTED_EDGE('',*,*,#9676,.T.);
#9679=ORIENTED_EDGE('',*,*,#9678,.T.);
#9680=ORIENTED_EDGE('',*,*,#9663,.F.);
#9681=EDGE_LOOP('',(#9675,#9677,#9679,#9680));
#9682=FACE_OUTER_BOUND('',#9681,.F.);
#9683=ADVANCED_FACE('',(#9682),#9674,.T.);
#9684=CARTESIAN_POINT('',(1.05E0,1.E-1,1.6E0));
#9685=DIRECTION('',(1.E0,0.E0,0.E0));
#9686=DIRECTION('',(0.E0,0.E0,-1.E0));
#9687=AXIS2_PLACEMENT_3D('',#9684,#9685,#9686);
#9688=PLANE('',#9687);
#9689=ORIENTED_EDGE('',*,*,#9644,.T.);
#9691=ORIENTED_EDGE('',*,*,#9690,.T.);
#9692=ORIENTED_EDGE('',*,*,#9676,.F.);
#9693=ORIENTED_EDGE('',*,*,#9625,.F.);
#9694=EDGE_LOOP('',(#9689,#9691,#9692,#9693));
#9695=FACE_OUTER_BOUND('',#9694,.F.);
#9696=ADVANCED_FACE('',(#9695),#9688,.T.);
#9697=CARTESIAN_POINT('',(0.E0,2.E-1,0.E0));
#9698=DIRECTION('',(0.E0,1.E0,0.E0));
#9699=DIRECTION('',(1.E0,0.E0,0.E0));
#9700=AXIS2_PLACEMENT_3D('',#9697,#9698,#9699);
#9701=PLANE('',#9700);
#9702=ORIENTED_EDGE('',*,*,#9642,.F.);
#9703=ORIENTED_EDGE('',*,*,#9665,.F.);
#9704=ORIENTED_EDGE('',*,*,#9678,.F.);
#9705=ORIENTED_EDGE('',*,*,#9690,.F.);
#9706=EDGE_LOOP('',(#9702,#9703,#9704,#9705));
#9707=FACE_OUTER_BOUND('',#9706,.F.);
#9708=ADVANCED_FACE('',(#9707),#9701,.T.);
#9709=CLOSED_SHELL('',(#9633,#9648,#9669,#9683,#9696,#9708));
#9710=MANIFOLD_SOLID_BREP('',#9709);
#9711=FILL_AREA_STYLE_COLOUR('',#28);
#9712=FILL_AREA_STYLE('',(#9711));
#9713=SURFACE_STYLE_FILL_AREA(#9712);
#9714=SURFACE_SIDE_STYLE('',(#9713));
#9715=SURFACE_STYLE_USAGE(.POSITIVE.,#9714);
#9716=PRESENTATION_STYLE_ASSIGNMENT((#9715));
#9517=STYLED_ITEM('',(#9716),#9710);
#9718=DIRECTION('',(1.E0,0.E0,0.E0));
#9719=VECTOR('',#9718,1.45E-1);
#9720=CARTESIAN_POINT('',(5.55E-1,1.E-1,-1.5E0));
#9721=LINE('',#9720,#9719);
#9722=CURVE_STYLE('',#36,POSITIVE_LENGTH_MEASURE(2.E-2),#28);
#9723=PRESENTATION_STYLE_ASSIGNMENT((#9722));
#9724=STYLED_ITEM('',(#9723),#9721);
#9725=DIRECTION('',(0.E0,0.E0,1.E0));
#9726=VECTOR('',#9725,1.E-1);
#9727=CARTESIAN_POINT('',(5.55E-1,1.E-1,-1.5E0));
#9728=LINE('',#9727,#9726);
#9729=CURVE_STYLE('',#36,POSITIVE_LENGTH_MEASURE(2.E-2),#28);
#9730=PRESENTATION_STYLE_ASSIGNMENT((#9729));
#9731=STYLED_ITEM('',(#9730),#9728);
#9732=DIRECTION('',(1.E0,0.E0,0.E0));
#9733=VECTOR('',#9732,1.45E-1);
#9734=CARTESIAN_POINT('',(5.55E-1,1.E-1,-1.4E0));
#9735=LINE('',#9734,#9733);
#9736=CURVE_STYLE('',#36,POSITIVE_LENGTH_MEASURE(2.E-2),#28);
#9737=PRESENTATION_STYLE_ASSIGNMENT((#9736));
#9738=STYLED_ITEM('',(#9737),#9735);
#9739=DIRECTION('',(0.E0,0.E0,-1.E0));
#9740=VECTOR('',#9739,1.E-1);
#9741=CARTESIAN_POINT('',(7.E-1,1.E-1,-1.4E0));
#9742=LINE('',#9741,#9740);
#9743=CURVE_STYLE('',#36,POSITIVE_LENGTH_MEASURE(2.E-2),#28);
#9744=PRESENTATION_STYLE_ASSIGNMENT((#9743));
#9745=STYLED_ITEM('',(#9744),#9742);
#9746=DIRECTION('',(0.E0,1.E0,0.E0));
#9747=VECTOR('',#9746,1.E-1);
#9748=CARTESIAN_POINT('',(7.E-1,1.E-1,-1.5E0));
#9749=LINE('',#9748,#9747);
#9750=CURVE_STYLE('',#36,POSITIVE_LENGTH_MEASURE(2.E-2),#28);
#9751=PRESENTATION_STYLE_ASSIGNMENT((#9750));
#9752=STYLED_ITEM('',(#9751),#9749);
#9753=DIRECTION('',(0.E0,1.E0,0.E0));
#9754=VECTOR('',#9753,1.E-1);
#9755=CARTESIAN_POINT('',(7.E-1,1.E-1,-1.4E0));
#9756=LINE('',#9755,#9754);
#9757=CURVE_STYLE('',#36,POSITIVE_LENGTH_MEASURE(2.E-2),#28);
#9758=PRESENTATION_STYLE_ASSIGNMENT((#9757));
#9759=STYLED_ITEM('',(#9758),#9756);
#9760=DIRECTION('',(0.E0,1.E0,0.E0));
#9761=VECTOR('',#9760,1.E-1);
#9762=CARTESIAN_POINT('',(5.55E-1,1.E-1,-1.4E0));
#9763=LINE('',#9762,#9761);
#9764=CURVE_STYLE('',#36,POSITIVE_LENGTH_MEASURE(2.E-2),#28);
#9765=PRESENTATION_STYLE_ASSIGNMENT((#9764));
#9766=STYLED_ITEM('',(#9765),#9763);
#9767=DIRECTION('',(0.E0,1.E0,0.E0));
#9768=VECTOR('',#9767,1.E-1);
#9769=CARTESIAN_POINT('',(5.55E-1,1.E-1,-1.5E0));
#9770=LINE('',#9769,#9768);
#9771=CURVE_STYLE('',#36,POSITIVE_LENGTH_MEASURE(2.E-2),#28);
#9772=PRESENTATION_STYLE_ASSIGNMENT((#9771));
#9773=STYLED_ITEM('',(#9772),#9770);
#9774=DIRECTION('',(1.E0,0.E0,0.E0));
#9775=VECTOR('',#9774,1.45E-1);
#9776=CARTESIAN_POINT('',(5.55E-1,2.E-1,-1.5E0));
#9777=LINE('',#9776,#9775);
#9778=CURVE_STYLE('',#36,POSITIVE_LENGTH_MEASURE(2.E-2),#28);
#9779=PRESENTATION_STYLE_ASSIGNMENT((#9778));
#9780=STYLED_ITEM('',(#9779),#9777);
#9781=DIRECTION('',(0.E0,0.E0,-1.E0));
#9782=VECTOR('',#9781,1.E-1);
#9783=CARTESIAN_POINT('',(7.E-1,2.E-1,-1.4E0));
#9784=LINE('',#9783,#9782);
#9785=CURVE_STYLE('',#36,POSITIVE_LENGTH_MEASURE(2.E-2),#28);
#9786=PRESENTATION_STYLE_ASSIGNMENT((#9785));
#9787=STYLED_ITEM('',(#9786),#9784);
#9788=DIRECTION('',(1.E0,0.E0,0.E0));
#9789=VECTOR('',#9788,1.45E-1);
#9790=CARTESIAN_POINT('',(5.55E-1,2.E-1,-1.4E0));
#9791=LINE('',#9790,#9789);
#9792=CURVE_STYLE('',#36,POSITIVE_LENGTH_MEASURE(2.E-2),#28);
#9793=PRESENTATION_STYLE_ASSIGNMENT((#9792));
#9794=STYLED_ITEM('',(#9793),#9791);
#9795=DIRECTION('',(0.E0,0.E0,1.E0));
#9796=VECTOR('',#9795,1.E-1);
#9797=CARTESIAN_POINT('',(5.55E-1,2.E-1,-1.5E0));
#9798=LINE('',#9797,#9796);
#9799=CURVE_STYLE('',#36,POSITIVE_LENGTH_MEASURE(2.E-2),#28);
#9800=PRESENTATION_STYLE_ASSIGNMENT((#9799));
#9801=STYLED_ITEM('',(#9800),#9798);
#9802=CARTESIAN_POINT('',(5.55E-1,1.E-1,-1.4E0));
#9803=CARTESIAN_POINT('',(7.E-1,1.E-1,-1.4E0));
#9804=VERTEX_POINT('',#9802);
#9805=VERTEX_POINT('',#9803);
#9806=CARTESIAN_POINT('',(5.55E-1,2.E-1,-1.4E0));
#9807=CARTESIAN_POINT('',(7.E-1,2.E-1,-1.4E0));
#9808=VERTEX_POINT('',#9806);
#9809=VERTEX_POINT('',#9807);
#9810=CARTESIAN_POINT('',(5.55E-1,1.E-1,-1.5E0));
#9811=CARTESIAN_POINT('',(7.E-1,1.E-1,-1.5E0));
#9812=VERTEX_POINT('',#9810);
#9813=VERTEX_POINT('',#9811);
#9814=CARTESIAN_POINT('',(5.55E-1,2.E-1,-1.5E0));
#9815=CARTESIAN_POINT('',(7.E-1,2.E-1,-1.5E0));
#9816=VERTEX_POINT('',#9814);
#9817=VERTEX_POINT('',#9815);
#9818=CARTESIAN_POINT('',(0.E0,1.E-1,0.E0));
#9819=DIRECTION('',(0.E0,1.E0,0.E0));
#9820=DIRECTION('',(1.E0,0.E0,0.E0));
#9821=AXIS2_PLACEMENT_3D('',#9818,#9819,#9820);
#9822=PLANE('',#9821);
#9824=ORIENTED_EDGE('',*,*,#9823,.F.);
#9826=ORIENTED_EDGE('',*,*,#9825,.T.);
#9828=ORIENTED_EDGE('',*,*,#9827,.T.);
#9830=ORIENTED_EDGE('',*,*,#9829,.T.);
#9831=EDGE_LOOP('',(#9824,#9826,#9828,#9830));
#9832=FACE_OUTER_BOUND('',#9831,.F.);
#9833=ADVANCED_FACE('',(#9832),#9822,.F.);
#9834=CARTESIAN_POINT('',(-1.25E0,0.E0,-1.5E0));
#9835=DIRECTION('',(0.E0,0.E0,1.E0));
#9836=DIRECTION('',(1.E0,0.E0,0.E0));
#9837=AXIS2_PLACEMENT_3D('',#9834,#9835,#9836);
#9838=PLANE('',#9837);
#9839=ORIENTED_EDGE('',*,*,#9823,.T.);
#9841=ORIENTED_EDGE('',*,*,#9840,.T.);
#9843=ORIENTED_EDGE('',*,*,#9842,.F.);
#9845=ORIENTED_EDGE('',*,*,#9844,.F.);
#9846=EDGE_LOOP('',(#9839,#9841,#9843,#9845));
#9847=FACE_OUTER_BOUND('',#9846,.F.);
#9848=ADVANCED_FACE('',(#9847),#9838,.F.);
#9849=FILL_AREA_STYLE_COLOUR('',#29);
#9850=FILL_AREA_STYLE('',(#9849));
#9851=SURFACE_STYLE_FILL_AREA(#9850);
#9852=SURFACE_SIDE_STYLE('',(#9851));
#9853=SURFACE_STYLE_USAGE(.POSITIVE.,#9852);
#9854=PRESENTATION_STYLE_ASSIGNMENT((#9853));
#9855=OVER_RIDING_STYLED_ITEM('',(#9854),#9848,#9717);
#9856=CARTESIAN_POINT('',(7.E-1,1.E-1,-1.4E0));
#9857=DIRECTION('',(1.E0,0.E0,0.E0));
#9858=DIRECTION('',(0.E0,0.E0,-1.E0));
#9859=AXIS2_PLACEMENT_3D('',#9856,#9857,#9858);
#9860=PLANE('',#9859);
#9861=ORIENTED_EDGE('',*,*,#9840,.F.);
#9862=ORIENTED_EDGE('',*,*,#9829,.F.);
#9864=ORIENTED_EDGE('',*,*,#9863,.T.);
#9866=ORIENTED_EDGE('',*,*,#9865,.T.);
#9867=EDGE_LOOP('',(#9861,#9862,#9864,#9866));
#9868=FACE_OUTER_BOUND('',#9867,.F.);
#9869=ADVANCED_FACE('',(#9868),#9860,.T.);
#9870=CARTESIAN_POINT('',(5.55E-1,1.E-1,-1.4E0));
#9871=DIRECTION('',(0.E0,0.E0,1.E0));
#9872=DIRECTION('',(1.E0,0.E0,0.E0));
#9873=AXIS2_PLACEMENT_3D('',#9870,#9871,#9872);
#9874=PLANE('',#9873);
#9875=ORIENTED_EDGE('',*,*,#9827,.F.);
#9877=ORIENTED_EDGE('',*,*,#9876,.T.);
#9879=ORIENTED_EDGE('',*,*,#9878,.T.);
#9880=ORIENTED_EDGE('',*,*,#9863,.F.);
#9881=EDGE_LOOP('',(#9875,#9877,#9879,#9880));
#9882=FACE_OUTER_BOUND('',#9881,.F.);
#9883=ADVANCED_FACE('',(#9882),#9874,.T.);
#9884=CARTESIAN_POINT('',(5.55E-1,1.E-1,-1.6E0));
#9885=DIRECTION('',(-1.E0,0.E0,0.E0));
#9886=DIRECTION('',(0.E0,0.E0,1.E0));
#9887=AXIS2_PLACEMENT_3D('',#9884,#9885,#9886);
#9888=PLANE('',#9887);
#9889=ORIENTED_EDGE('',*,*,#9844,.T.);
#9891=ORIENTED_EDGE('',*,*,#9890,.T.);
#9892=ORIENTED_EDGE('',*,*,#9876,.F.);
#9893=ORIENTED_EDGE('',*,*,#9825,.F.);
#9894=EDGE_LOOP('',(#9889,#9891,#9892,#9893));
#9895=FACE_OUTER_BOUND('',#9894,.F.);
#9896=ADVANCED_FACE('',(#9895),#9888,.T.);
#9897=CARTESIAN_POINT('',(0.E0,2.E-1,0.E0));
#9898=DIRECTION('',(0.E0,1.E0,0.E0));
#9899=DIRECTION('',(1.E0,0.E0,0.E0));
#9900=AXIS2_PLACEMENT_3D('',#9897,#9898,#9899);
#9901=PLANE('',#9900);
#9902=ORIENTED_EDGE('',*,*,#9842,.T.);
#9903=ORIENTED_EDGE('',*,*,#9865,.F.);
#9904=ORIENTED_EDGE('',*,*,#9878,.F.);
#9905=ORIENTED_EDGE('',*,*,#9890,.F.);
#9906=EDGE_LOOP('',(#9902,#9903,#9904,#9905));
#9907=FACE_OUTER_BOUND('',#9906,.F.);
#9908=ADVANCED_FACE('',(#9907),#9901,.T.);
#9909=CLOSED_SHELL('',(#9833,#9848,#9869,#9883,#9896,#9908));
#9910=MANIFOLD_SOLID_BREP('',#9909);
#9911=FILL_AREA_STYLE_COLOUR('',#28);
#9912=FILL_AREA_STYLE('',(#9911));
#9913=SURFACE_STYLE_FILL_AREA(#9912);
#9914=SURFACE_SIDE_STYLE('',(#9913));
#9915=SURFACE_STYLE_USAGE(.POSITIVE.,#9914);
#9916=PRESENTATION_STYLE_ASSIGNMENT((#9915));
#9717=STYLED_ITEM('',(#9916),#9910);
#9918=DIRECTION('',(1.E0,0.E0,0.E0));
#9919=VECTOR('',#9918,1.5E-1);
#9920=CARTESIAN_POINT('',(9.E-1,1.E-1,-1.5E0));
#9921=LINE('',#9920,#9919);
#9922=CURVE_STYLE('',#36,POSITIVE_LENGTH_MEASURE(2.E-2),#28);
#9923=PRESENTATION_STYLE_ASSIGNMENT((#9922));
#9924=STYLED_ITEM('',(#9923),#9921);
#9925=DIRECTION('',(0.E0,0.E0,1.E0));
#9926=VECTOR('',#9925,1.E-1);
#9927=CARTESIAN_POINT('',(9.E-1,1.E-1,-1.5E0));
#9928=LINE('',#9927,#9926);
#9929=CURVE_STYLE('',#36,POSITIVE_LENGTH_MEASURE(2.E-2),#28);
#9930=PRESENTATION_STYLE_ASSIGNMENT((#9929));
#9931=STYLED_ITEM('',(#9930),#9928);
#9932=DIRECTION('',(1.E0,0.E0,0.E0));
#9933=VECTOR('',#9932,1.5E-1);
#9934=CARTESIAN_POINT('',(9.E-1,1.E-1,-1.4E0));
#9935=LINE('',#9934,#9933);
#9936=CURVE_STYLE('',#36,POSITIVE_LENGTH_MEASURE(2.E-2),#28);
#9937=PRESENTATION_STYLE_ASSIGNMENT((#9936));
#9938=STYLED_ITEM('',(#9937),#9935);
#9939=DIRECTION('',(0.E0,0.E0,-1.E0));
#9940=VECTOR('',#9939,1.E-1);
#9941=CARTESIAN_POINT('',(1.05E0,1.E-1,-1.4E0));
#9942=LINE('',#9941,#9940);
#9943=CURVE_STYLE('',#36,POSITIVE_LENGTH_MEASURE(2.E-2),#28);
#9944=PRESENTATION_STYLE_ASSIGNMENT((#9943));
#9945=STYLED_ITEM('',(#9944),#9942);
#9946=DIRECTION('',(0.E0,1.E0,0.E0));
#9947=VECTOR('',#9946,1.E-1);
#9948=CARTESIAN_POINT('',(1.05E0,1.E-1,-1.5E0));
#9949=LINE('',#9948,#9947);
#9950=CURVE_STYLE('',#36,POSITIVE_LENGTH_MEASURE(2.E-2),#28);
#9951=PRESENTATION_STYLE_ASSIGNMENT((#9950));
#9952=STYLED_ITEM('',(#9951),#9949);
#9953=DIRECTION('',(0.E0,1.E0,0.E0));
#9954=VECTOR('',#9953,1.E-1);
#9955=CARTESIAN_POINT('',(1.05E0,1.E-1,-1.4E0));
#9956=LINE('',#9955,#9954);
#9957=CURVE_STYLE('',#36,POSITIVE_LENGTH_MEASURE(2.E-2),#28);
#9958=PRESENTATION_STYLE_ASSIGNMENT((#9957));
#9959=STYLED_ITEM('',(#9958),#9956);
#9960=DIRECTION('',(0.E0,1.E0,0.E0));
#9961=VECTOR('',#9960,1.E-1);
#9962=CARTESIAN_POINT('',(9.E-1,1.E-1,-1.4E0));
#9963=LINE('',#9962,#9961);
#9964=CURVE_STYLE('',#36,POSITIVE_LENGTH_MEASURE(2.E-2),#28);
#9965=PRESENTATION_STYLE_ASSIGNMENT((#9964));
#9966=STYLED_ITEM('',(#9965),#9963);
#9967=DIRECTION('',(0.E0,1.E0,0.E0));
#9968=VECTOR('',#9967,1.E-1);
#9969=CARTESIAN_POINT('',(9.E-1,1.E-1,-1.5E0));
#9970=LINE('',#9969,#9968);
#9971=CURVE_STYLE('',#36,POSITIVE_LENGTH_MEASURE(2.E-2),#28);
#9972=PRESENTATION_STYLE_ASSIGNMENT((#9971));
#9973=STYLED_ITEM('',(#9972),#9970);
#9974=DIRECTION('',(1.E0,0.E0,0.E0));
#9975=VECTOR('',#9974,1.5E-1);
#9976=CARTESIAN_POINT('',(9.E-1,2.E-1,-1.5E0));
#9977=LINE('',#9976,#9975);
#9978=CURVE_STYLE('',#36,POSITIVE_LENGTH_MEASURE(2.E-2),#28);
#9979=PRESENTATION_STYLE_ASSIGNMENT((#9978));
#9980=STYLED_ITEM('',(#9979),#9977);
#9981=DIRECTION('',(0.E0,0.E0,-1.E0));
#9982=VECTOR('',#9981,1.E-1);
#9983=CARTESIAN_POINT('',(1.05E0,2.E-1,-1.4E0));
#9984=LINE('',#9983,#9982);
#9985=CURVE_STYLE('',#36,POSITIVE_LENGTH_MEASURE(2.E-2),#28);
#9986=PRESENTATION_STYLE_ASSIGNMENT((#9985));
#9987=STYLED_ITEM('',(#9986),#9984);
#9988=DIRECTION('',(1.E0,0.E0,0.E0));
#9989=VECTOR('',#9988,1.5E-1);
#9990=CARTESIAN_POINT('',(9.E-1,2.E-1,-1.4E0));
#9991=LINE('',#9990,#9989);
#9992=CURVE_STYLE('',#36,POSITIVE_LENGTH_MEASURE(2.E-2),#28);
#9993=PRESENTATION_STYLE_ASSIGNMENT((#9992));
#9994=STYLED_ITEM('',(#9993),#9991);
#9995=DIRECTION('',(0.E0,0.E0,1.E0));
#9996=VECTOR('',#9995,1.E-1);
#9997=CARTESIAN_POINT('',(9.E-1,2.E-1,-1.5E0));
#9998=LINE('',#9997,#9996);
#9999=CURVE_STYLE('',#36,POSITIVE_LENGTH_MEASURE(2.E-2),#28);
#10000=PRESENTATION_STYLE_ASSIGNMENT((#9999));
#10001=STYLED_ITEM('',(#10000),#9998);
#10002=CARTESIAN_POINT('',(9.E-1,1.E-1,-1.4E0));
#10003=CARTESIAN_POINT('',(1.05E0,1.E-1,-1.4E0));
#10004=VERTEX_POINT('',#10002);
#10005=VERTEX_POINT('',#10003);
#10006=CARTESIAN_POINT('',(9.E-1,2.E-1,-1.4E0));
#10007=CARTESIAN_POINT('',(1.05E0,2.E-1,-1.4E0));
#10008=VERTEX_POINT('',#10006);
#10009=VERTEX_POINT('',#10007);
#10010=CARTESIAN_POINT('',(9.E-1,1.E-1,-1.5E0));
#10011=CARTESIAN_POINT('',(1.05E0,1.E-1,-1.5E0));
#10012=VERTEX_POINT('',#10010);
#10013=VERTEX_POINT('',#10011);
#10014=CARTESIAN_POINT('',(9.E-1,2.E-1,-1.5E0));
#10015=CARTESIAN_POINT('',(1.05E0,2.E-1,-1.5E0));
#10016=VERTEX_POINT('',#10014);
#10017=VERTEX_POINT('',#10015);
#10018=CARTESIAN_POINT('',(0.E0,1.E-1,0.E0));
#10019=DIRECTION('',(0.E0,1.E0,0.E0));
#10020=DIRECTION('',(1.E0,0.E0,0.E0));
#10021=AXIS2_PLACEMENT_3D('',#10018,#10019,#10020);
#10022=PLANE('',#10021);
#10024=ORIENTED_EDGE('',*,*,#10023,.F.);
#10026=ORIENTED_EDGE('',*,*,#10025,.T.);
#10028=ORIENTED_EDGE('',*,*,#10027,.T.);
#10030=ORIENTED_EDGE('',*,*,#10029,.T.);
#10031=EDGE_LOOP('',(#10024,#10026,#10028,#10030));
#10032=FACE_OUTER_BOUND('',#10031,.F.);
#10033=ADVANCED_FACE('',(#10032),#10022,.F.);
#10034=CARTESIAN_POINT('',(-1.25E0,0.E0,-1.5E0));
#10035=DIRECTION('',(0.E0,0.E0,1.E0));
#10036=DIRECTION('',(1.E0,0.E0,0.E0));
#10037=AXIS2_PLACEMENT_3D('',#10034,#10035,#10036);
#10038=PLANE('',#10037);
#10039=ORIENTED_EDGE('',*,*,#10023,.T.);
#10041=ORIENTED_EDGE('',*,*,#10040,.T.);
#10043=ORIENTED_EDGE('',*,*,#10042,.F.);
#10045=ORIENTED_EDGE('',*,*,#10044,.F.);
#10046=EDGE_LOOP('',(#10039,#10041,#10043,#10045));
#10047=FACE_OUTER_BOUND('',#10046,.F.);
#10048=ADVANCED_FACE('',(#10047),#10038,.F.);
#10049=FILL_AREA_STYLE_COLOUR('',#29);
#10050=FILL_AREA_STYLE('',(#10049));
#10051=SURFACE_STYLE_FILL_AREA(#10050);
#10052=SURFACE_SIDE_STYLE('',(#10051));
#10053=SURFACE_STYLE_USAGE(.POSITIVE.,#10052);
#10054=PRESENTATION_STYLE_ASSIGNMENT((#10053));
#10055=OVER_RIDING_STYLED_ITEM('',(#10054),#10048,#9917);
#10056=CARTESIAN_POINT('',(1.05E0,1.E-1,-1.4E0));
#10057=DIRECTION('',(1.E0,0.E0,0.E0));
#10058=DIRECTION('',(0.E0,0.E0,-1.E0));
#10059=AXIS2_PLACEMENT_3D('',#10056,#10057,#10058);
#10060=PLANE('',#10059);
#10061=ORIENTED_EDGE('',*,*,#10040,.F.);
#10062=ORIENTED_EDGE('',*,*,#10029,.F.);
#10064=ORIENTED_EDGE('',*,*,#10063,.T.);
#10066=ORIENTED_EDGE('',*,*,#10065,.T.);
#10067=EDGE_LOOP('',(#10061,#10062,#10064,#10066));
#10068=FACE_OUTER_BOUND('',#10067,.F.);
#10069=ADVANCED_FACE('',(#10068),#10060,.T.);
#10070=CARTESIAN_POINT('',(9.E-1,1.E-1,-1.4E0));
#10071=DIRECTION('',(0.E0,0.E0,1.E0));
#10072=DIRECTION('',(1.E0,0.E0,0.E0));
#10073=AXIS2_PLACEMENT_3D('',#10070,#10071,#10072);
#10074=PLANE('',#10073);
#10075=ORIENTED_EDGE('',*,*,#10027,.F.);
#10077=ORIENTED_EDGE('',*,*,#10076,.T.);
#10079=ORIENTED_EDGE('',*,*,#10078,.T.);
#10080=ORIENTED_EDGE('',*,*,#10063,.F.);
#10081=EDGE_LOOP('',(#10075,#10077,#10079,#10080));
#10082=FACE_OUTER_BOUND('',#10081,.F.);
#10083=ADVANCED_FACE('',(#10082),#10074,.T.);
#10084=CARTESIAN_POINT('',(9.E-1,1.E-1,-1.6E0));
#10085=DIRECTION('',(-1.E0,0.E0,0.E0));
#10086=DIRECTION('',(0.E0,0.E0,1.E0));
#10087=AXIS2_PLACEMENT_3D('',#10084,#10085,#10086);
#10088=PLANE('',#10087);
#10089=ORIENTED_EDGE('',*,*,#10044,.T.);
#10091=ORIENTED_EDGE('',*,*,#10090,.T.);
#10092=ORIENTED_EDGE('',*,*,#10076,.F.);
#10093=ORIENTED_EDGE('',*,*,#10025,.F.);
#10094=EDGE_LOOP('',(#10089,#10091,#10092,#10093));
#10095=FACE_OUTER_BOUND('',#10094,.F.);
#10096=ADVANCED_FACE('',(#10095),#10088,.T.);
#10097=CARTESIAN_POINT('',(0.E0,2.E-1,0.E0));
#10098=DIRECTION('',(0.E0,1.E0,0.E0));
#10099=DIRECTION('',(1.E0,0.E0,0.E0));
#10100=AXIS2_PLACEMENT_3D('',#10097,#10098,#10099);
#10101=PLANE('',#10100);
#10102=ORIENTED_EDGE('',*,*,#10042,.T.);
#10103=ORIENTED_EDGE('',*,*,#10065,.F.);
#10104=ORIENTED_EDGE('',*,*,#10078,.F.);
#10105=ORIENTED_EDGE('',*,*,#10090,.F.);
#10106=EDGE_LOOP('',(#10102,#10103,#10104,#10105));
#10107=FACE_OUTER_BOUND('',#10106,.F.);
#10108=ADVANCED_FACE('',(#10107),#10101,.T.);
#10109=CLOSED_SHELL('',(#10033,#10048,#10069,#10083,#10096,#10108));
#10110=MANIFOLD_SOLID_BREP('',#10109);
#10111=FILL_AREA_STYLE_COLOUR('',#28);
#10112=FILL_AREA_STYLE('',(#10111));
#10113=SURFACE_STYLE_FILL_AREA(#10112);
#10114=SURFACE_SIDE_STYLE('',(#10113));
#10115=SURFACE_STYLE_USAGE(.POSITIVE.,#10114);
#10116=PRESENTATION_STYLE_ASSIGNMENT((#10115));
#9917=STYLED_ITEM('',(#10116),#10110);
#10118=DIMENSIONAL_EXPONENTS(0.E0,0.E0,0.E0,0.E0,0.E0,0.E0,0.E0);
#10120=PLANE_ANGLE_MEASURE_WITH_UNIT(PLANE_ANGLE_MEASURE(1.745329251994E-2),
#10119);
#10121=(CONVERSION_BASED_UNIT('DEGREE',#10120)NAMED_UNIT(*)PLANE_ANGLE_UNIT());
#10123=UNCERTAINTY_MEASURE_WITH_UNIT(LENGTH_MEASURE(1.746454465288E-4),#10117,
'closure',
'Maximum model space distance between geometric entities at asserted connectivities');
#10124=(GEOMETRIC_REPRESENTATION_CONTEXT(3)GLOBAL_UNCERTAINTY_ASSIGNED_CONTEXT((
#10123))GLOBAL_UNIT_ASSIGNED_CONTEXT((#10117,#10121,#10122))REPRESENTATION_CONTEXT('ID1','3'));
#10125=CARTESIAN_POINT('',(0.E0,0.E0,0.E0));
#10126=DIRECTION('',(0.E0,0.E0,1.E0));
#10127=DIRECTION('',(1.E0,0.E0,0.E0));
#10130=APPLICATION_CONTEXT(
'CONFIGURATION CONTROLLED 3D DESIGNS OF MECHANICAL PARTS AND ASSEMBLIES');
#10131=APPLICATION_PROTOCOL_DEFINITION('international standard',
'config_control_design',1994,#10130);
#10132=DESIGN_CONTEXT('',#10130,'design');
#10133=MECHANICAL_CONTEXT('',#10130,'mechanical');
#10134=PRODUCT('FRAME','FRAME','NOT SPECIFIED',(#10133));
#10135=PRODUCT_DEFINITION_FORMATION_WITH_SPECIFIED_SOURCE('33','LAST_VERSION',
#10134,.MADE.);
#10144=CARTESIAN_POINT('',(0.E0,0.E0,0.E0));
#10145=DIRECTION('',(0.E0,-1.E0,0.E0));
#10146=DIRECTION('',(1.E0,0.E0,0.E0));
#10147=AXIS2_PLACEMENT_3D('',#10144,#10145,#10146);
#10148=ITEM_DEFINED_TRANSFORMATION('','',#10128,#10147);
#10149=(REPRESENTATION_RELATIONSHIP('','',#10129,#10141)REPRESENTATION_RELATIONSHIP_WITH_TRANSFORMATION(#10148)SHAPE_REPRESENTATION_RELATIONSHIP());
#10150=CONTEXT_DEPENDENT_SHAPE_REPRESENTATION(#10149,#10143);
#10153=DIRECTION('',(1.E0,0.E0,0.E0));
#10154=VECTOR('',#10153,2.76E-1);
#10155=CARTESIAN_POINT('',(-1.25E0,0.E0,-8.75E-1));
#10156=LINE('',#10155,#10154);
#10157=CURVE_STYLE('',#36,POSITIVE_LENGTH_MEASURE(2.E-2),#3);
#10158=PRESENTATION_STYLE_ASSIGNMENT((#10157));
#10159=STYLED_ITEM('',(#10158),#10156);
#10160=DIRECTION('',(0.E0,0.E0,1.E0));
#10161=VECTOR('',#10160,2.5E-1);
#10162=CARTESIAN_POINT('',(-1.25E0,0.E0,-8.75E-1));
#10163=LINE('',#10162,#10161);
#10164=CURVE_STYLE('',#36,POSITIVE_LENGTH_MEASURE(2.E-2),#3);
#10165=PRESENTATION_STYLE_ASSIGNMENT((#10164));
#10166=STYLED_ITEM('',(#10165),#10163);
#10167=DIRECTION('',(1.E0,0.E0,0.E0));
#10168=VECTOR('',#10167,2.76E-1);
#10169=CARTESIAN_POINT('',(-1.25E0,0.E0,-6.25E-1));
#10170=LINE('',#10169,#10168);
#10171=CURVE_STYLE('',#36,POSITIVE_LENGTH_MEASURE(2.E-2),#3);
#10172=PRESENTATION_STYLE_ASSIGNMENT((#10171));
#10173=STYLED_ITEM('',(#10172),#10170);
#10174=CARTESIAN_POINT('',(-9.74E-1,0.E0,-5.01E-1));
#10175=DIRECTION('',(0.E0,1.E0,0.E0));
#10176=DIRECTION('',(1.E0,0.E0,0.E0));
#10177=AXIS2_PLACEMENT_3D('',#10174,#10175,#10176);
#10179=CURVE_STYLE('',#36,POSITIVE_LENGTH_MEASURE(2.E-2),#3);
#10180=PRESENTATION_STYLE_ASSIGNMENT((#10179));
#10181=STYLED_ITEM('',(#10180),#10178);
#10182=DIRECTION('',(0.E0,0.E0,-1.E0));
#10183=VECTOR('',#10182,2.E-3);
#10184=CARTESIAN_POINT('',(-8.5E-1,0.E0,-4.99E-1));
#10185=LINE('',#10184,#10183);
#10186=CURVE_STYLE('',#36,POSITIVE_LENGTH_MEASURE(2.E-2),#3);
#10187=PRESENTATION_STYLE_ASSIGNMENT((#10186));
#10188=STYLED_ITEM('',(#10187),#10185);
#10189=CARTESIAN_POINT('',(-9.74E-1,0.E0,-4.99E-1));
#10190=DIRECTION('',(0.E0,1.E0,0.E0));
#10191=DIRECTION('',(0.E0,0.E0,1.E0));
#10192=AXIS2_PLACEMENT_3D('',#10189,#10190,#10191);
#10194=CURVE_STYLE('',#36,POSITIVE_LENGTH_MEASURE(2.E-2),#3);
#10195=PRESENTATION_STYLE_ASSIGNMENT((#10194));
#10196=STYLED_ITEM('',(#10195),#10193);
#10197=DIRECTION('',(1.E0,0.E0,0.E0));
#10198=VECTOR('',#10197,2.76E-1);
#10199=CARTESIAN_POINT('',(-1.25E0,0.E0,-3.75E-1));
#10200=LINE('',#10199,#10198);
#10201=CURVE_STYLE('',#36,POSITIVE_LENGTH_MEASURE(2.E-2),#3);
#10202=PRESENTATION_STYLE_ASSIGNMENT((#10201));
#10203=STYLED_ITEM('',(#10202),#10200);
#10204=DIRECTION('',(0.E0,0.E0,1.E0));
#10205=VECTOR('',#10204,2.5E-1);
#10206=CARTESIAN_POINT('',(-1.25E0,0.E0,-3.75E-1));
#10207=LINE('',#10206,#10205);
#10208=CURVE_STYLE('',#36,POSITIVE_LENGTH_MEASURE(2.E-2),#3);
#10209=PRESENTATION_STYLE_ASSIGNMENT((#10208));
#10210=STYLED_ITEM('',(#10209),#10207);
#10211=DIRECTION('',(1.E0,0.E0,0.E0));
#10212=VECTOR('',#10211,2.76E-1);
#10213=CARTESIAN_POINT('',(-1.25E0,0.E0,-1.25E-1));
#10214=LINE('',#10213,#10212);
#10215=CURVE_STYLE('',#36,POSITIVE_LENGTH_MEASURE(2.E-2),#3);
#10216=PRESENTATION_STYLE_ASSIGNMENT((#10215));
#10217=STYLED_ITEM('',(#10216),#10214);
#10218=CARTESIAN_POINT('',(-9.74E-1,0.E0,-1.E-3));
#10219=DIRECTION('',(0.E0,1.E0,0.E0));
#10220=DIRECTION('',(1.E0,0.E0,0.E0));
#10221=AXIS2_PLACEMENT_3D('',#10218,#10219,#10220);
#10223=CURVE_STYLE('',#36,POSITIVE_LENGTH_MEASURE(2.E-2),#3);
#10224=PRESENTATION_STYLE_ASSIGNMENT((#10223));
#10225=STYLED_ITEM('',(#10224),#10222);
#10226=DIRECTION('',(0.E0,0.E0,-1.E0));
#10227=VECTOR('',#10226,2.E-3);
#10228=CARTESIAN_POINT('',(-8.5E-1,0.E0,1.E-3));
#10229=LINE('',#10228,#10227);
#10230=CURVE_STYLE('',#36,POSITIVE_LENGTH_MEASURE(2.E-2),#3);
#10231=PRESENTATION_STYLE_ASSIGNMENT((#10230));
#10232=STYLED_ITEM('',(#10231),#10229);
#10233=CARTESIAN_POINT('',(-9.74E-1,0.E0,1.E-3));
#10234=DIRECTION('',(0.E0,1.E0,0.E0));
#10235=DIRECTION('',(0.E0,0.E0,1.E0));
#10236=AXIS2_PLACEMENT_3D('',#10233,#10234,#10235);
#10238=CURVE_STYLE('',#36,POSITIVE_LENGTH_MEASURE(2.E-2),#3);
#10239=PRESENTATION_STYLE_ASSIGNMENT((#10238));
#10240=STYLED_ITEM('',(#10239),#10237);
#10241=DIRECTION('',(1.E0,0.E0,0.E0));
#10242=VECTOR('',#10241,2.76E-1);
#10243=CARTESIAN_POINT('',(-1.25E0,0.E0,1.25E-1));
#10244=LINE('',#10243,#10242);
#10245=CURVE_STYLE('',#36,POSITIVE_LENGTH_MEASURE(2.E-2),#3);
#10246=PRESENTATION_STYLE_ASSIGNMENT((#10245));
#10247=STYLED_ITEM('',(#10246),#10244);
#10248=DIRECTION('',(0.E0,0.E0,1.E0));
#10249=VECTOR('',#10248,2.5E-1);
#10250=CARTESIAN_POINT('',(-1.25E0,0.E0,1.25E-1));
#10251=LINE('',#10250,#10249);
#10252=CURVE_STYLE('',#36,POSITIVE_LENGTH_MEASURE(2.E-2),#3);
#10253=PRESENTATION_STYLE_ASSIGNMENT((#10252));
#10254=STYLED_ITEM('',(#10253),#10251);
#10255=DIRECTION('',(1.E0,0.E0,0.E0));
#10256=VECTOR('',#10255,2.76E-1);
#10257=CARTESIAN_POINT('',(-1.25E0,0.E0,3.75E-1));
#10258=LINE('',#10257,#10256);
#10259=CURVE_STYLE('',#36,POSITIVE_LENGTH_MEASURE(2.E-2),#3);
#10260=PRESENTATION_STYLE_ASSIGNMENT((#10259));
#10261=STYLED_ITEM('',(#10260),#10258);
#10262=CARTESIAN_POINT('',(-9.74E-1,0.E0,4.99E-1));
#10263=DIRECTION('',(0.E0,1.E0,0.E0));
#10264=DIRECTION('',(1.E0,0.E0,0.E0));
#10265=AXIS2_PLACEMENT_3D('',#10262,#10263,#10264);
#10267=CURVE_STYLE('',#36,POSITIVE_LENGTH_MEASURE(2.E-2),#3);
#10268=PRESENTATION_STYLE_ASSIGNMENT((#10267));
#10269=STYLED_ITEM('',(#10268),#10266);
#10270=DIRECTION('',(0.E0,0.E0,-1.E0));
#10271=VECTOR('',#10270,2.E-3);
#10272=CARTESIAN_POINT('',(-8.5E-1,0.E0,5.01E-1));
#10273=LINE('',#10272,#10271);
#10274=CURVE_STYLE('',#36,POSITIVE_LENGTH_MEASURE(2.E-2),#3);
#10275=PRESENTATION_STYLE_ASSIGNMENT((#10274));
#10276=STYLED_ITEM('',(#10275),#10273);
#10277=CARTESIAN_POINT('',(-9.74E-1,0.E0,5.01E-1));
#10278=DIRECTION('',(0.E0,1.E0,0.E0));
#10279=DIRECTION('',(0.E0,0.E0,1.E0));
#10280=AXIS2_PLACEMENT_3D('',#10277,#10278,#10279);
#10282=CURVE_STYLE('',#36,POSITIVE_LENGTH_MEASURE(2.E-2),#3);
#10283=PRESENTATION_STYLE_ASSIGNMENT((#10282));
#10284=STYLED_ITEM('',(#10283),#10281);
#10285=DIRECTION('',(1.E0,0.E0,0.E0));
#10286=VECTOR('',#10285,2.76E-1);
#10287=CARTESIAN_POINT('',(-1.25E0,0.E0,6.25E-1));
#10288=LINE('',#10287,#10286);
#10289=CURVE_STYLE('',#36,POSITIVE_LENGTH_MEASURE(2.E-2),#3);
#10290=PRESENTATION_STYLE_ASSIGNMENT((#10289));
#10291=STYLED_ITEM('',(#10290),#10288);
#10292=DIRECTION('',(0.E0,0.E0,1.E0));
#10293=VECTOR('',#10292,2.5E-1);
#10294=CARTESIAN_POINT('',(-1.25E0,0.E0,6.25E-1));
#10295=LINE('',#10294,#10293);
#10296=CURVE_STYLE('',#36,POSITIVE_LENGTH_MEASURE(2.E-2),#3);
#10297=PRESENTATION_STYLE_ASSIGNMENT((#10296));
#10298=STYLED_ITEM('',(#10297),#10295);
#10299=DIRECTION('',(1.E0,0.E0,0.E0));
#10300=VECTOR('',#10299,2.76E-1);
#10301=CARTESIAN_POINT('',(-1.25E0,0.E0,8.75E-1));
#10302=LINE('',#10301,#10300);
#10303=CURVE_STYLE('',#36,POSITIVE_LENGTH_MEASURE(2.E-2),#3);
#10304=PRESENTATION_STYLE_ASSIGNMENT((#10303));
#10305=STYLED_ITEM('',(#10304),#10302);
#10306=CARTESIAN_POINT('',(-9.74E-1,0.E0,9.99E-1));
#10307=DIRECTION('',(0.E0,1.E0,0.E0));
#10308=DIRECTION('',(1.E0,0.E0,0.E0));
#10309=AXIS2_PLACEMENT_3D('',#10306,#10307,#10308);
#10311=CURVE_STYLE('',#36,POSITIVE_LENGTH_MEASURE(2.E-2),#3);
#10312=PRESENTATION_STYLE_ASSIGNMENT((#10311));
#10313=STYLED_ITEM('',(#10312),#10310);
#10314=DIRECTION('',(0.E0,0.E0,-1.E0));
#10315=VECTOR('',#10314,2.E-3);
#10316=CARTESIAN_POINT('',(-8.5E-1,0.E0,1.001E0));
#10317=LINE('',#10316,#10315);
#10318=CURVE_STYLE('',#36,POSITIVE_LENGTH_MEASURE(2.E-2),#3);
#10319=PRESENTATION_STYLE_ASSIGNMENT((#10318));
#10320=STYLED_ITEM('',(#10319),#10317);
#10321=CARTESIAN_POINT('',(-9.74E-1,0.E0,1.001E0));
#10322=DIRECTION('',(0.E0,1.E0,0.E0));
#10323=DIRECTION('',(0.E0,0.E0,1.E0));
#10324=AXIS2_PLACEMENT_3D('',#10321,#10322,#10323);
#10326=CURVE_STYLE('',#36,POSITIVE_LENGTH_MEASURE(2.E-2),#3);
#10327=PRESENTATION_STYLE_ASSIGNMENT((#10326));
#10328=STYLED_ITEM('',(#10327),#10325);
#10329=DIRECTION('',(1.E0,0.E0,0.E0));
#10330=VECTOR('',#10329,2.76E-1);
#10331=CARTESIAN_POINT('',(-1.25E0,0.E0,1.125E0));
#10332=LINE('',#10331,#10330);
#10333=CURVE_STYLE('',#36,POSITIVE_LENGTH_MEASURE(2.E-2),#3);
#10334=PRESENTATION_STYLE_ASSIGNMENT((#10333));
#10335=STYLED_ITEM('',(#10334),#10332);
#10336=DIRECTION('',(0.E0,0.E0,1.E0));
#10337=VECTOR('',#10336,3.75E-1);
#10338=CARTESIAN_POINT('',(-1.25E0,0.E0,1.125E0));
#10339=LINE('',#10338,#10337);
#10340=CURVE_STYLE('',#36,POSITIVE_LENGTH_MEASURE(2.E-2),#3);
#10341=PRESENTATION_STYLE_ASSIGNMENT((#10340));
#10342=STYLED_ITEM('',(#10341),#10339);
#10343=DIRECTION('',(1.E0,0.E0,0.E0));
#10344=VECTOR('',#10343,8.75E-1);
#10345=CARTESIAN_POINT('',(-1.25E0,0.E0,1.5E0));
#10346=LINE('',#10345,#10344);
#10347=CURVE_STYLE('',#36,POSITIVE_LENGTH_MEASURE(2.E-2),#3);
#10348=PRESENTATION_STYLE_ASSIGNMENT((#10347));
#10349=STYLED_ITEM('',(#10348),#10346);
#10350=DIRECTION('',(0.E0,0.E0,-1.E0));
#10351=VECTOR('',#10350,2.76E-1);
#10352=CARTESIAN_POINT('',(-3.75E-1,0.E0,1.5E0));
#10353=LINE('',#10352,#10351);
#10354=CURVE_STYLE('',#36,POSITIVE_LENGTH_MEASURE(2.E-2),#3);
#10355=PRESENTATION_STYLE_ASSIGNMENT((#10354));
#10356=STYLED_ITEM('',(#10355),#10353);
#10357=CARTESIAN_POINT('',(-2.51E-1,0.E0,1.224E0));
#10358=DIRECTION('',(0.E0,-1.E0,0.E0));
#10359=DIRECTION('',(-1.E0,0.E0,0.E0));
#10360=AXIS2_PLACEMENT_3D('',#10357,#10358,#10359);
#10362=CURVE_STYLE('',#36,POSITIVE_LENGTH_MEASURE(2.E-2),#3);
#10363=PRESENTATION_STYLE_ASSIGNMENT((#10362));
#10364=STYLED_ITEM('',(#10363),#10361);
#10365=DIRECTION('',(1.E0,0.E0,0.E0));
#10366=VECTOR('',#10365,2.E-3);
#10367=CARTESIAN_POINT('',(-2.51E-1,0.E0,1.1E0));
#10368=LINE('',#10367,#10366);
#10369=CURVE_STYLE('',#36,POSITIVE_LENGTH_MEASURE(2.E-2),#3);
#10370=PRESENTATION_STYLE_ASSIGNMENT((#10369));
#10371=STYLED_ITEM('',(#10370),#10368);
#10372=CARTESIAN_POINT('',(-2.49E-1,0.E0,1.224E0));
#10373=DIRECTION('',(0.E0,-1.E0,0.E0));
#10374=DIRECTION('',(0.E0,0.E0,-1.E0));
#10375=AXIS2_PLACEMENT_3D('',#10372,#10373,#10374);
#10377=CURVE_STYLE('',#36,POSITIVE_LENGTH_MEASURE(2.E-2),#3);
#10378=PRESENTATION_STYLE_ASSIGNMENT((#10377));
#10379=STYLED_ITEM('',(#10378),#10376);
#10380=DIRECTION('',(0.E0,0.E0,-1.E0));
#10381=VECTOR('',#10380,2.76E-1);
#10382=CARTESIAN_POINT('',(-1.25E-1,0.E0,1.5E0));
#10383=LINE('',#10382,#10381);
#10384=CURVE_STYLE('',#36,POSITIVE_LENGTH_MEASURE(2.E-2),#3);
#10385=PRESENTATION_STYLE_ASSIGNMENT((#10384));
#10386=STYLED_ITEM('',(#10385),#10383);
#10387=DIRECTION('',(1.E0,0.E0,0.E0));
#10388=VECTOR('',#10387,2.5E-1);
#10389=CARTESIAN_POINT('',(-1.25E-1,0.E0,1.5E0));
#10390=LINE('',#10389,#10388);
#10391=CURVE_STYLE('',#36,POSITIVE_LENGTH_MEASURE(2.E-2),#3);
#10392=PRESENTATION_STYLE_ASSIGNMENT((#10391));
#10393=STYLED_ITEM('',(#10392),#10390);
#10394=DIRECTION('',(0.E0,0.E0,-1.E0));
#10395=VECTOR('',#10394,2.76E-1);
#10396=CARTESIAN_POINT('',(1.25E-1,0.E0,1.5E0));
#10397=LINE('',#10396,#10395);
#10398=CURVE_STYLE('',#36,POSITIVE_LENGTH_MEASURE(2.E-2),#3);
#10399=PRESENTATION_STYLE_ASSIGNMENT((#10398));
#10400=STYLED_ITEM('',(#10399),#10397);
#10401=CARTESIAN_POINT('',(2.49E-1,0.E0,1.224E0));
#10402=DIRECTION('',(0.E0,-1.E0,0.E0));
#10403=DIRECTION('',(-1.E0,0.E0,0.E0));
#10404=AXIS2_PLACEMENT_3D('',#10401,#10402,#10403);
#10406=CURVE_STYLE('',#36,POSITIVE_LENGTH_MEASURE(2.E-2),#3);
#10407=PRESENTATION_STYLE_ASSIGNMENT((#10406));
#10408=STYLED_ITEM('',(#10407),#10405);
#10409=DIRECTION('',(1.E0,0.E0,0.E0));
#10410=VECTOR('',#10409,2.E-3);
#10411=CARTESIAN_POINT('',(2.49E-1,0.E0,1.1E0));
#10412=LINE('',#10411,#10410);
#10413=CURVE_STYLE('',#36,POSITIVE_LENGTH_MEASURE(2.E-2),#3);
#10414=PRESENTATION_STYLE_ASSIGNMENT((#10413));
#10415=STYLED_ITEM('',(#10414),#10412);
#10416=CARTESIAN_POINT('',(2.51E-1,0.E0,1.224E0));
#10417=DIRECTION('',(0.E0,-1.E0,0.E0));
#10418=DIRECTION('',(0.E0,0.E0,-1.E0));
#10419=AXIS2_PLACEMENT_3D('',#10416,#10417,#10418);
#10421=CURVE_STYLE('',#36,POSITIVE_LENGTH_MEASURE(2.E-2),#3);
#10422=PRESENTATION_STYLE_ASSIGNMENT((#10421));
#10423=STYLED_ITEM('',(#10422),#10420);
#10424=DIRECTION('',(0.E0,0.E0,-1.E0));
#10425=VECTOR('',#10424,2.76E-1);
#10426=CARTESIAN_POINT('',(3.75E-1,0.E0,1.5E0));
#10427=LINE('',#10426,#10425);
#10428=CURVE_STYLE('',#36,POSITIVE_LENGTH_MEASURE(2.E-2),#3);
#10429=PRESENTATION_STYLE_ASSIGNMENT((#10428));
#10430=STYLED_ITEM('',(#10429),#10427);
#10431=DIRECTION('',(1.E0,0.E0,0.E0));
#10432=VECTOR('',#10431,8.75E-1);
#10433=CARTESIAN_POINT('',(3.75E-1,0.E0,1.5E0));
#10434=LINE('',#10433,#10432);
#10435=CURVE_STYLE('',#36,POSITIVE_LENGTH_MEASURE(2.E-2),#3);
#10436=PRESENTATION_STYLE_ASSIGNMENT((#10435));
#10437=STYLED_ITEM('',(#10436),#10434);
#10438=DIRECTION('',(0.E0,0.E0,-1.E0));
#10439=VECTOR('',#10438,3.75E-1);
#10440=CARTESIAN_POINT('',(1.25E0,0.E0,1.5E0));
#10441=LINE('',#10440,#10439);
#10442=CURVE_STYLE('',#36,POSITIVE_LENGTH_MEASURE(2.E-2),#3);
#10443=PRESENTATION_STYLE_ASSIGNMENT((#10442));
#10444=STYLED_ITEM('',(#10443),#10441);
#10445=DIRECTION('',(-1.E0,0.E0,0.E0));
#10446=VECTOR('',#10445,2.76E-1);
#10447=CARTESIAN_POINT('',(1.25E0,0.E0,1.125E0));
#10448=LINE('',#10447,#10446);
#10449=CURVE_STYLE('',#36,POSITIVE_LENGTH_MEASURE(2.E-2),#3);
#10450=PRESENTATION_STYLE_ASSIGNMENT((#10449));
#10451=STYLED_ITEM('',(#10450),#10448);
#10452=CARTESIAN_POINT('',(9.74E-1,0.E0,1.001E0));
#10453=DIRECTION('',(0.E0,-1.E0,0.E0));
#10454=DIRECTION('',(0.E0,0.E0,1.E0));
#10455=AXIS2_PLACEMENT_3D('',#10452,#10453,#10454);
#10457=CURVE_STYLE('',#36,POSITIVE_LENGTH_MEASURE(2.E-2),#3);
#10458=PRESENTATION_STYLE_ASSIGNMENT((#10457));
#10459=STYLED_ITEM('',(#10458),#10456);
#10460=DIRECTION('',(0.E0,0.E0,-1.E0));
#10461=VECTOR('',#10460,2.E-3);
#10462=CARTESIAN_POINT('',(8.5E-1,0.E0,1.001E0));
#10463=LINE('',#10462,#10461);
#10464=CURVE_STYLE('',#36,POSITIVE_LENGTH_MEASURE(2.E-2),#3);
#10465=PRESENTATION_STYLE_ASSIGNMENT((#10464));
#10466=STYLED_ITEM('',(#10465),#10463);
#10467=CARTESIAN_POINT('',(9.74E-1,0.E0,9.99E-1));
#10468=DIRECTION('',(0.E0,-1.E0,0.E0));
#10469=DIRECTION('',(-1.E0,0.E0,0.E0));
#10470=AXIS2_PLACEMENT_3D('',#10467,#10468,#10469);
#10472=CURVE_STYLE('',#36,POSITIVE_LENGTH_MEASURE(2.E-2),#3);
#10473=PRESENTATION_STYLE_ASSIGNMENT((#10472));
#10474=STYLED_ITEM('',(#10473),#10471);
#10475=DIRECTION('',(-1.E0,0.E0,0.E0));
#10476=VECTOR('',#10475,2.76E-1);
#10477=CARTESIAN_POINT('',(1.25E0,0.E0,8.75E-1));
#10478=LINE('',#10477,#10476);
#10479=CURVE_STYLE('',#36,POSITIVE_LENGTH_MEASURE(2.E-2),#3);
#10480=PRESENTATION_STYLE_ASSIGNMENT((#10479));
#10481=STYLED_ITEM('',(#10480),#10478);
#10482=DIRECTION('',(0.E0,0.E0,-1.E0));
#10483=VECTOR('',#10482,2.5E-1);
#10484=CARTESIAN_POINT('',(1.25E0,0.E0,8.75E-1));
#10485=LINE('',#10484,#10483);
#10486=CURVE_STYLE('',#36,POSITIVE_LENGTH_MEASURE(2.E-2),#3);
#10487=PRESENTATION_STYLE_ASSIGNMENT((#10486));
#10488=STYLED_ITEM('',(#10487),#10485);
#10489=DIRECTION('',(-1.E0,0.E0,0.E0));
#10490=VECTOR('',#10489,2.76E-1);
#10491=CARTESIAN_POINT('',(1.25E0,0.E0,6.25E-1));
#10492=LINE('',#10491,#10490);
#10493=CURVE_STYLE('',#36,POSITIVE_LENGTH_MEASURE(2.E-2),#3);
#10494=PRESENTATION_STYLE_ASSIGNMENT((#10493));
#10495=STYLED_ITEM('',(#10494),#10492);
#10496=CARTESIAN_POINT('',(9.74E-1,0.E0,5.01E-1));
#10497=DIRECTION('',(0.E0,-1.E0,0.E0));
#10498=DIRECTION('',(0.E0,0.E0,1.E0));
#10499=AXIS2_PLACEMENT_3D('',#10496,#10497,#10498);
#10501=CURVE_STYLE('',#36,POSITIVE_LENGTH_MEASURE(2.E-2),#3);
#10502=PRESENTATION_STYLE_ASSIGNMENT((#10501));
#10503=STYLED_ITEM('',(#10502),#10500);
#10504=DIRECTION('',(0.E0,0.E0,-1.E0));
#10505=VECTOR('',#10504,2.E-3);
#10506=CARTESIAN_POINT('',(8.5E-1,0.E0,5.01E-1));
#10507=LINE('',#10506,#10505);
#10508=CURVE_STYLE('',#36,POSITIVE_LENGTH_MEASURE(2.E-2),#3);
#10509=PRESENTATION_STYLE_ASSIGNMENT((#10508));
#10510=STYLED_ITEM('',(#10509),#10507);
#10511=CARTESIAN_POINT('',(9.74E-1,0.E0,4.99E-1));
#10512=DIRECTION('',(0.E0,-1.E0,0.E0));
#10513=DIRECTION('',(-1.E0,0.E0,0.E0));
#10514=AXIS2_PLACEMENT_3D('',#10511,#10512,#10513);
#10516=CURVE_STYLE('',#36,POSITIVE_LENGTH_MEASURE(2.E-2),#3);
#10517=PRESENTATION_STYLE_ASSIGNMENT((#10516));
#10518=STYLED_ITEM('',(#10517),#10515);
#10519=DIRECTION('',(-1.E0,0.E0,0.E0));
#10520=VECTOR('',#10519,2.76E-1);
#10521=CARTESIAN_POINT('',(1.25E0,0.E0,3.75E-1));
#10522=LINE('',#10521,#10520);
#10523=CURVE_STYLE('',#36,POSITIVE_LENGTH_MEASURE(2.E-2),#3);
#10524=PRESENTATION_STYLE_ASSIGNMENT((#10523));
#10525=STYLED_ITEM('',(#10524),#10522);
#10526=DIRECTION('',(0.E0,0.E0,-1.E0));
#10527=VECTOR('',#10526,2.5E-1);
#10528=CARTESIAN_POINT('',(1.25E0,0.E0,3.75E-1));
#10529=LINE('',#10528,#10527);
#10530=CURVE_STYLE('',#36,POSITIVE_LENGTH_MEASURE(2.E-2),#3);
#10531=PRESENTATION_STYLE_ASSIGNMENT((#10530));
#10532=STYLED_ITEM('',(#10531),#10529);
#10533=DIRECTION('',(-1.E0,0.E0,0.E0));
#10534=VECTOR('',#10533,2.76E-1);
#10535=CARTESIAN_POINT('',(1.25E0,0.E0,1.25E-1));
#10536=LINE('',#10535,#10534);
#10537=CURVE_STYLE('',#36,POSITIVE_LENGTH_MEASURE(2.E-2),#3);
#10538=PRESENTATION_STYLE_ASSIGNMENT((#10537));
#10539=STYLED_ITEM('',(#10538),#10536);
#10540=CARTESIAN_POINT('',(9.74E-1,0.E0,1.E-3));
#10541=DIRECTION('',(0.E0,-1.E0,0.E0));
#10542=DIRECTION('',(0.E0,0.E0,1.E0));
#10543=AXIS2_PLACEMENT_3D('',#10540,#10541,#10542);
#10545=CURVE_STYLE('',#36,POSITIVE_LENGTH_MEASURE(2.E-2),#3);
#10546=PRESENTATION_STYLE_ASSIGNMENT((#10545));
#10547=STYLED_ITEM('',(#10546),#10544);
#10548=DIRECTION('',(0.E0,0.E0,-1.E0));
#10549=VECTOR('',#10548,2.E-3);
#10550=CARTESIAN_POINT('',(8.5E-1,0.E0,1.E-3));
#10551=LINE('',#10550,#10549);
#10552=CURVE_STYLE('',#36,POSITIVE_LENGTH_MEASURE(2.E-2),#3);
#10553=PRESENTATION_STYLE_ASSIGNMENT((#10552));
#10554=STYLED_ITEM('',(#10553),#10551);
#10555=CARTESIAN_POINT('',(9.74E-1,0.E0,-1.E-3));
#10556=DIRECTION('',(0.E0,-1.E0,0.E0));
#10557=DIRECTION('',(-1.E0,0.E0,0.E0));
#10558=AXIS2_PLACEMENT_3D('',#10555,#10556,#10557);
#10560=CURVE_STYLE('',#36,POSITIVE_LENGTH_MEASURE(2.E-2),#3);
#10561=PRESENTATION_STYLE_ASSIGNMENT((#10560));
#10562=STYLED_ITEM('',(#10561),#10559);
#10563=DIRECTION('',(-1.E0,0.E0,0.E0));
#10564=VECTOR('',#10563,2.76E-1);
#10565=CARTESIAN_POINT('',(1.25E0,0.E0,-1.25E-1));
#10566=LINE('',#10565,#10564);
#10567=CURVE_STYLE('',#36,POSITIVE_LENGTH_MEASURE(2.E-2),#3);
#10568=PRESENTATION_STYLE_ASSIGNMENT((#10567));
#10569=STYLED_ITEM('',(#10568),#10566);
#10570=DIRECTION('',(0.E0,0.E0,-1.E0));
#10571=VECTOR('',#10570,2.5E-1);
#10572=CARTESIAN_POINT('',(1.25E0,0.E0,-1.25E-1));
#10573=LINE('',#10572,#10571);
#10574=CURVE_STYLE('',#36,POSITIVE_LENGTH_MEASURE(2.E-2),#3);
#10575=PRESENTATION_STYLE_ASSIGNMENT((#10574));
#10576=STYLED_ITEM('',(#10575),#10573);
#10577=DIRECTION('',(-1.E0,0.E0,0.E0));
#10578=VECTOR('',#10577,2.76E-1);
#10579=CARTESIAN_POINT('',(1.25E0,0.E0,-3.75E-1));
#10580=LINE('',#10579,#10578);
#10581=CURVE_STYLE('',#36,POSITIVE_LENGTH_MEASURE(2.E-2),#3);
#10582=PRESENTATION_STYLE_ASSIGNMENT((#10581));
#10583=STYLED_ITEM('',(#10582),#10580);
#10584=CARTESIAN_POINT('',(9.74E-1,0.E0,-4.99E-1));
#10585=DIRECTION('',(0.E0,-1.E0,0.E0));
#10586=DIRECTION('',(0.E0,0.E0,1.E0));
#10587=AXIS2_PLACEMENT_3D('',#10584,#10585,#10586);
#10589=CURVE_STYLE('',#36,POSITIVE_LENGTH_MEASURE(2.E-2),#3);
#10590=PRESENTATION_STYLE_ASSIGNMENT((#10589));
#10591=STYLED_ITEM('',(#10590),#10588);
#10592=DIRECTION('',(0.E0,0.E0,-1.E0));
#10593=VECTOR('',#10592,2.E-3);
#10594=CARTESIAN_POINT('',(8.5E-1,0.E0,-4.99E-1));
#10595=LINE('',#10594,#10593);
#10596=CURVE_STYLE('',#36,POSITIVE_LENGTH_MEASURE(2.E-2),#3);
#10597=PRESENTATION_STYLE_ASSIGNMENT((#10596));
#10598=STYLED_ITEM('',(#10597),#10595);
#10599=CARTESIAN_POINT('',(9.74E-1,0.E0,-5.01E-1));
#10600=DIRECTION('',(0.E0,-1.E0,0.E0));
#10601=DIRECTION('',(-1.E0,0.E0,0.E0));
#10602=AXIS2_PLACEMENT_3D('',#10599,#10600,#10601);
#10604=CURVE_STYLE('',#36,POSITIVE_LENGTH_MEASURE(2.E-2),#3);
#10605=PRESENTATION_STYLE_ASSIGNMENT((#10604));
#10606=STYLED_ITEM('',(#10605),#10603);
#10607=DIRECTION('',(-1.E0,0.E0,0.E0));
#10608=VECTOR('',#10607,2.76E-1);
#10609=CARTESIAN_POINT('',(1.25E0,0.E0,-6.25E-1));
#10610=LINE('',#10609,#10608);
#10611=CURVE_STYLE('',#36,POSITIVE_LENGTH_MEASURE(2.E-2),#3);
#10612=PRESENTATION_STYLE_ASSIGNMENT((#10611));
#10613=STYLED_ITEM('',(#10612),#10610);
#10614=DIRECTION('',(0.E0,0.E0,-1.E0));
#10615=VECTOR('',#10614,2.5E-1);
#10616=CARTESIAN_POINT('',(1.25E0,0.E0,-6.25E-1));
#10617=LINE('',#10616,#10615);
#10618=CURVE_STYLE('',#36,POSITIVE_LENGTH_MEASURE(2.E-2),#3);
#10619=PRESENTATION_STYLE_ASSIGNMENT((#10618));
#10620=STYLED_ITEM('',(#10619),#10617);
#10621=DIRECTION('',(-1.E0,0.E0,0.E0));
#10622=VECTOR('',#10621,2.76E-1);
#10623=CARTESIAN_POINT('',(1.25E0,0.E0,-8.75E-1));
#10624=LINE('',#10623,#10622);
#10625=CURVE_STYLE('',#36,POSITIVE_LENGTH_MEASURE(2.E-2),#3);
#10626=PRESENTATION_STYLE_ASSIGNMENT((#10625));
#10627=STYLED_ITEM('',(#10626),#10624);
#10628=CARTESIAN_POINT('',(9.74E-1,0.E0,-9.99E-1));
#10629=DIRECTION('',(0.E0,-1.E0,0.E0));
#10630=DIRECTION('',(0.E0,0.E0,1.E0));
#10631=AXIS2_PLACEMENT_3D('',#10628,#10629,#10630);
#10633=CURVE_STYLE('',#36,POSITIVE_LENGTH_MEASURE(2.E-2),#3);
#10634=PRESENTATION_STYLE_ASSIGNMENT((#10633));
#10635=STYLED_ITEM('',(#10634),#10632);
#10636=DIRECTION('',(0.E0,0.E0,-1.E0));
#10637=VECTOR('',#10636,2.E-3);
#10638=CARTESIAN_POINT('',(8.5E-1,0.E0,-9.99E-1));
#10639=LINE('',#10638,#10637);
#10640=CURVE_STYLE('',#36,POSITIVE_LENGTH_MEASURE(2.E-2),#3);
#10641=PRESENTATION_STYLE_ASSIGNMENT((#10640));
#10642=STYLED_ITEM('',(#10641),#10639);
#10643=CARTESIAN_POINT('',(9.74E-1,0.E0,-1.001E0));
#10644=DIRECTION('',(0.E0,-1.E0,0.E0));
#10645=DIRECTION('',(-1.E0,0.E0,0.E0));
#10646=AXIS2_PLACEMENT_3D('',#10643,#10644,#10645);
#10648=CURVE_STYLE('',#36,POSITIVE_LENGTH_MEASURE(2.E-2),#3);
#10649=PRESENTATION_STYLE_ASSIGNMENT((#10648));
#10650=STYLED_ITEM('',(#10649),#10647);
#10651=DIRECTION('',(-1.E0,0.E0,0.E0));
#10652=VECTOR('',#10651,2.76E-1);
#10653=CARTESIAN_POINT('',(1.25E0,0.E0,-1.125E0));
#10654=LINE('',#10653,#10652);
#10655=CURVE_STYLE('',#36,POSITIVE_LENGTH_MEASURE(2.E-2),#3);
#10656=PRESENTATION_STYLE_ASSIGNMENT((#10655));
#10657=STYLED_ITEM('',(#10656),#10654);
#10658=DIRECTION('',(0.E0,0.E0,-1.E0));
#10659=VECTOR('',#10658,3.75E-1);
#10660=CARTESIAN_POINT('',(1.25E0,0.E0,-1.125E0));
#10661=LINE('',#10660,#10659);
#10662=CURVE_STYLE('',#36,POSITIVE_LENGTH_MEASURE(2.E-2),#3);
#10663=PRESENTATION_STYLE_ASSIGNMENT((#10662));
#10664=STYLED_ITEM('',(#10663),#10661);
#10665=DIRECTION('',(-1.E0,0.E0,0.E0));
#10666=VECTOR('',#10665,8.75E-1);
#10667=CARTESIAN_POINT('',(1.25E0,0.E0,-1.5E0));
#10668=LINE('',#10667,#10666);
#10669=CURVE_STYLE('',#36,POSITIVE_LENGTH_MEASURE(2.E-2),#3);
#10670=PRESENTATION_STYLE_ASSIGNMENT((#10669));
#10671=STYLED_ITEM('',(#10670),#10668);
#10672=DIRECTION('',(0.E0,0.E0,1.E0));
#10673=VECTOR('',#10672,2.76E-1);
#10674=CARTESIAN_POINT('',(3.75E-1,0.E0,-1.5E0));
#10675=LINE('',#10674,#10673);
#10676=CURVE_STYLE('',#36,POSITIVE_LENGTH_MEASURE(2.E-2),#3);
#10677=PRESENTATION_STYLE_ASSIGNMENT((#10676));
#10678=STYLED_ITEM('',(#10677),#10675);
#10679=CARTESIAN_POINT('',(2.51E-1,0.E0,-1.224E0));
#10680=DIRECTION('',(0.E0,1.E0,0.E0));
#10681=DIRECTION('',(0.E0,0.E0,1.E0));
#10682=AXIS2_PLACEMENT_3D('',#10679,#10680,#10681);
#10684=CURVE_STYLE('',#36,POSITIVE_LENGTH_MEASURE(2.E-2),#3);
#10685=PRESENTATION_STYLE_ASSIGNMENT((#10684));
#10686=STYLED_ITEM('',(#10685),#10683);
#10687=DIRECTION('',(1.E0,0.E0,0.E0));
#10688=VECTOR('',#10687,2.E-3);
#10689=CARTESIAN_POINT('',(2.49E-1,0.E0,-1.1E0));
#10690=LINE('',#10689,#10688);
#10691=CURVE_STYLE('',#36,POSITIVE_LENGTH_MEASURE(2.E-2),#3);
#10692=PRESENTATION_STYLE_ASSIGNMENT((#10691));
#10693=STYLED_ITEM('',(#10692),#10690);
#10694=CARTESIAN_POINT('',(2.49E-1,0.E0,-1.224E0));
#10695=DIRECTION('',(0.E0,1.E0,0.E0));
#10696=DIRECTION('',(-1.E0,0.E0,0.E0));
#10697=AXIS2_PLACEMENT_3D('',#10694,#10695,#10696);
#10699=CURVE_STYLE('',#36,POSITIVE_LENGTH_MEASURE(2.E-2),#3);
#10700=PRESENTATION_STYLE_ASSIGNMENT((#10699));
#10701=STYLED_ITEM('',(#10700),#10698);
#10702=DIRECTION('',(0.E0,0.E0,1.E0));
#10703=VECTOR('',#10702,2.76E-1);
#10704=CARTESIAN_POINT('',(1.25E-1,0.E0,-1.5E0));
#10705=LINE('',#10704,#10703);
#10706=CURVE_STYLE('',#36,POSITIVE_LENGTH_MEASURE(2.E-2),#3);
#10707=PRESENTATION_STYLE_ASSIGNMENT((#10706));
#10708=STYLED_ITEM('',(#10707),#10705);
#10709=DIRECTION('',(-1.E0,0.E0,0.E0));
#10710=VECTOR('',#10709,2.5E-1);
#10711=CARTESIAN_POINT('',(1.25E-1,0.E0,-1.5E0));
#10712=LINE('',#10711,#10710);
#10713=CURVE_STYLE('',#36,POSITIVE_LENGTH_MEASURE(2.E-2),#3);
#10714=PRESENTATION_STYLE_ASSIGNMENT((#10713));
#10715=STYLED_ITEM('',(#10714),#10712);
#10716=DIRECTION('',(0.E0,0.E0,1.E0));
#10717=VECTOR('',#10716,2.76E-1);
#10718=CARTESIAN_POINT('',(-1.25E-1,0.E0,-1.5E0));
#10719=LINE('',#10718,#10717);
#10720=CURVE_STYLE('',#36,POSITIVE_LENGTH_MEASURE(2.E-2),#3);
#10721=PRESENTATION_STYLE_ASSIGNMENT((#10720));
#10722=STYLED_ITEM('',(#10721),#10719);
#10723=CARTESIAN_POINT('',(-2.49E-1,0.E0,-1.224E0));
#10724=DIRECTION('',(0.E0,1.E0,0.E0));
#10725=DIRECTION('',(0.E0,0.E0,1.E0));
#10726=AXIS2_PLACEMENT_3D('',#10723,#10724,#10725);
#10728=CURVE_STYLE('',#36,POSITIVE_LENGTH_MEASURE(2.E-2),#3);
#10729=PRESENTATION_STYLE_ASSIGNMENT((#10728));
#10730=STYLED_ITEM('',(#10729),#10727);
#10731=DIRECTION('',(1.E0,0.E0,0.E0));
#10732=VECTOR('',#10731,2.E-3);
#10733=CARTESIAN_POINT('',(-2.51E-1,0.E0,-1.1E0));
#10734=LINE('',#10733,#10732);
#10735=CURVE_STYLE('',#36,POSITIVE_LENGTH_MEASURE(2.E-2),#3);
#10736=PRESENTATION_STYLE_ASSIGNMENT((#10735));
#10737=STYLED_ITEM('',(#10736),#10734);
#10738=CARTESIAN_POINT('',(-2.51E-1,0.E0,-1.224E0));
#10739=DIRECTION('',(0.E0,1.E0,0.E0));
#10740=DIRECTION('',(-1.E0,0.E0,0.E0));
#10741=AXIS2_PLACEMENT_3D('',#10738,#10739,#10740);
#10743=CURVE_STYLE('',#36,POSITIVE_LENGTH_MEASURE(2.E-2),#3);
#10744=PRESENTATION_STYLE_ASSIGNMENT((#10743));
#10745=STYLED_ITEM('',(#10744),#10742);
#10746=DIRECTION('',(0.E0,0.E0,1.E0));
#10747=VECTOR('',#10746,2.76E-1);
#10748=CARTESIAN_POINT('',(-3.75E-1,0.E0,-1.5E0));
#10749=LINE('',#10748,#10747);
#10750=CURVE_STYLE('',#36,POSITIVE_LENGTH_MEASURE(2.E-2),#3);
#10751=PRESENTATION_STYLE_ASSIGNMENT((#10750));
#10752=STYLED_ITEM('',(#10751),#10749);
#10753=DIRECTION('',(-1.E0,0.E0,0.E0));
#10754=VECTOR('',#10753,8.75E-1);
#10755=CARTESIAN_POINT('',(-3.75E-1,0.E0,-1.5E0));
#10756=LINE('',#10755,#10754);
#10757=CURVE_STYLE('',#36,POSITIVE_LENGTH_MEASURE(2.E-2),#3);
#10758=PRESENTATION_STYLE_ASSIGNMENT((#10757));
#10759=STYLED_ITEM('',(#10758),#10756);
#10760=DIRECTION('',(0.E0,0.E0,1.E0));
#10761=VECTOR('',#10760,3.75E-1);
#10762=CARTESIAN_POINT('',(-1.25E0,0.E0,-1.5E0));
#10763=LINE('',#10762,#10761);
#10764=CURVE_STYLE('',#36,POSITIVE_LENGTH_MEASURE(2.E-2),#3);
#10765=PRESENTATION_STYLE_ASSIGNMENT((#10764));
#10766=STYLED_ITEM('',(#10765),#10763);
#10767=DIRECTION('',(1.E0,0.E0,0.E0));
#10768=VECTOR('',#10767,2.76E-1);
#10769=CARTESIAN_POINT('',(-1.25E0,0.E0,-1.125E0));
#10770=LINE('',#10769,#10768);
#10771=CURVE_STYLE('',#36,POSITIVE_LENGTH_MEASURE(2.E-2),#3);
#10772=PRESENTATION_STYLE_ASSIGNMENT((#10771));
#10773=STYLED_ITEM('',(#10772),#10770);
#10774=CARTESIAN_POINT('',(-9.74E-1,0.E0,-1.001E0));
#10775=DIRECTION('',(0.E0,1.E0,0.E0));
#10776=DIRECTION('',(1.E0,0.E0,0.E0));
#10777=AXIS2_PLACEMENT_3D('',#10774,#10775,#10776);
#10779=CURVE_STYLE('',#36,POSITIVE_LENGTH_MEASURE(2.E-2),#3);
#10780=PRESENTATION_STYLE_ASSIGNMENT((#10779));
#10781=STYLED_ITEM('',(#10780),#10778);
#10782=DIRECTION('',(0.E0,0.E0,-1.E0));
#10783=VECTOR('',#10782,2.E-3);
#10784=CARTESIAN_POINT('',(-8.5E-1,0.E0,-9.99E-1));
#10785=LINE('',#10784,#10783);
#10786=CURVE_STYLE('',#36,POSITIVE_LENGTH_MEASURE(2.E-2),#3);
#10787=PRESENTATION_STYLE_ASSIGNMENT((#10786));
#10788=STYLED_ITEM('',(#10787),#10785);
#10789=CARTESIAN_POINT('',(-9.74E-1,0.E0,-9.99E-1));
#10790=DIRECTION('',(0.E0,1.E0,0.E0));
#10791=DIRECTION('',(0.E0,0.E0,1.E0));
#10792=AXIS2_PLACEMENT_3D('',#10789,#10790,#10791);
#10794=CURVE_STYLE('',#36,POSITIVE_LENGTH_MEASURE(2.E-2),#3);
#10795=PRESENTATION_STYLE_ASSIGNMENT((#10794));
#10796=STYLED_ITEM('',(#10795),#10793);
#10797=DIRECTION('',(0.E0,0.E0,1.E0));
#10798=VECTOR('',#10797,1.2E0);
#10799=CARTESIAN_POINT('',(-5.E-1,0.E0,-4.5E-1));
#10800=LINE('',#10799,#10798);
#10801=CURVE_STYLE('',#36,POSITIVE_LENGTH_MEASURE(2.E-2),#3);
#10802=PRESENTATION_STYLE_ASSIGNMENT((#10801));
#10803=STYLED_ITEM('',(#10802),#10800);
#10804=DIRECTION('',(7.071067811865E-1,0.E0,-7.071067811865E-1));
#10805=VECTOR('',#10804,4.242640687119E-1);
#10806=CARTESIAN_POINT('',(-5.E-1,0.E0,-4.5E-1));
#10807=LINE('',#10806,#10805);
#10808=CURVE_STYLE('',#36,POSITIVE_LENGTH_MEASURE(2.E-2),#3);
#10809=PRESENTATION_STYLE_ASSIGNMENT((#10808));
#10810=STYLED_ITEM('',(#10809),#10807);
#10811=DIRECTION('',(-1.E0,0.E0,0.E0));
#10812=VECTOR('',#10811,7.E-1);
#10813=CARTESIAN_POINT('',(5.E-1,0.E0,-7.5E-1));
#10814=LINE('',#10813,#10812);
#10815=CURVE_STYLE('',#36,POSITIVE_LENGTH_MEASURE(2.E-2),#3);
#10816=PRESENTATION_STYLE_ASSIGNMENT((#10815));
#10817=STYLED_ITEM('',(#10816),#10814);
#10818=DIRECTION('',(0.E0,0.E0,-1.E0));
#10819=VECTOR('',#10818,1.5E0);
#10820=CARTESIAN_POINT('',(5.E-1,0.E0,7.5E-1));
#10821=LINE('',#10820,#10819);
#10822=CURVE_STYLE('',#36,POSITIVE_LENGTH_MEASURE(2.E-2),#3);
#10823=PRESENTATION_STYLE_ASSIGNMENT((#10822));
#10824=STYLED_ITEM('',(#10823),#10821);
#10825=DIRECTION('',(1.E0,0.E0,0.E0));
#10826=VECTOR('',#10825,1.E0);
#10827=CARTESIAN_POINT('',(-5.E-1,0.E0,7.5E-1));
#10828=LINE('',#10827,#10826);
#10829=CURVE_STYLE('',#36,POSITIVE_LENGTH_MEASURE(2.E-2),#3);
#10830=PRESENTATION_STYLE_ASSIGNMENT((#10829));
#10831=STYLED_ITEM('',(#10830),#10828);
#10832=DIRECTION('',(0.E0,1.E0,0.E0));
#10833=VECTOR('',#10832,1.75E-1);
#10834=CARTESIAN_POINT('',(-9.74E-1,0.E0,-8.75E-1));
#10835=LINE('',#10834,#10833);
#10836=CURVE_STYLE('',#36,POSITIVE_LENGTH_MEASURE(2.E-2),#3);
#10837=PRESENTATION_STYLE_ASSIGNMENT((#10836));
#10838=STYLED_ITEM('',(#10837),#10835);
#10839=DIRECTION('',(0.E0,1.E0,0.E0));
#10840=VECTOR('',#10839,1.75E-1);
#10841=CARTESIAN_POINT('',(-8.5E-1,0.E0,-9.99E-1));
#10842=LINE('',#10841,#10840);
#10843=CURVE_STYLE('',#36,POSITIVE_LENGTH_MEASURE(2.E-2),#3);
#10844=PRESENTATION_STYLE_ASSIGNMENT((#10843));
#10845=STYLED_ITEM('',(#10844),#10842);
#10846=DIRECTION('',(0.E0,1.E0,0.E0));
#10847=VECTOR('',#10846,1.75E-1);
#10848=CARTESIAN_POINT('',(-8.5E-1,0.E0,-1.001E0));
#10849=LINE('',#10848,#10847);
#10850=CURVE_STYLE('',#36,POSITIVE_LENGTH_MEASURE(2.E-2),#3);
#10851=PRESENTATION_STYLE_ASSIGNMENT((#10850));
#10852=STYLED_ITEM('',(#10851),#10849);
#10853=DIRECTION('',(0.E0,1.E0,0.E0));
#10854=VECTOR('',#10853,1.75E-1);
#10855=CARTESIAN_POINT('',(-9.74E-1,0.E0,-1.125E0));
#10856=LINE('',#10855,#10854);
#10857=CURVE_STYLE('',#36,POSITIVE_LENGTH_MEASURE(2.E-2),#3);
#10858=PRESENTATION_STYLE_ASSIGNMENT((#10857));
#10859=STYLED_ITEM('',(#10858),#10856);
#10860=DIRECTION('',(0.E0,0.E0,-1.E0));
#10861=VECTOR('',#10860,2.5E-1);
#10862=CARTESIAN_POINT('',(-1.25E0,1.75E-1,-8.75E-1));
#10863=LINE('',#10862,#10861);
#10864=CURVE_STYLE('',#36,POSITIVE_LENGTH_MEASURE(2.E-2),#3);
#10865=PRESENTATION_STYLE_ASSIGNMENT((#10864));
#10866=STYLED_ITEM('',(#10865),#10863);
#10867=DIRECTION('',(0.E0,1.E0,0.E0));
#10868=VECTOR('',#10867,1.75E-1);
#10869=CARTESIAN_POINT('',(-1.25E0,0.E0,-1.125E0));
#10870=LINE('',#10869,#10868);
#10871=CURVE_STYLE('',#36,POSITIVE_LENGTH_MEASURE(2.E-2),#3);
#10872=PRESENTATION_STYLE_ASSIGNMENT((#10871));
#10873=STYLED_ITEM('',(#10872),#10870);
#10874=DIRECTION('',(0.E0,1.E0,0.E0));
#10875=VECTOR('',#10874,7.75E-1);
#10876=CARTESIAN_POINT('',(-1.25E0,0.E0,-1.5E0));
#10877=LINE('',#10876,#10875);
#10878=CURVE_STYLE('',#36,POSITIVE_LENGTH_MEASURE(2.E-2),#3);
#10879=PRESENTATION_STYLE_ASSIGNMENT((#10878));
#10880=STYLED_ITEM('',(#10879),#10877);
#10881=DIRECTION('',(0.E0,1.E0,0.E0));
#10882=VECTOR('',#10881,1.75E-1);
#10883=CARTESIAN_POINT('',(-1.25E0,0.E0,1.125E0));
#10884=LINE('',#10883,#10882);
#10885=CURVE_STYLE('',#36,POSITIVE_LENGTH_MEASURE(2.E-2),#3);
#10886=PRESENTATION_STYLE_ASSIGNMENT((#10885));
#10887=STYLED_ITEM('',(#10886),#10884);
#10888=DIRECTION('',(0.E0,0.E0,-1.E0));
#10889=VECTOR('',#10888,2.5E-1);
#10890=CARTESIAN_POINT('',(-1.25E0,1.75E-1,1.125E0));
#10891=LINE('',#10890,#10889);
#10892=CURVE_STYLE('',#36,POSITIVE_LENGTH_MEASURE(2.E-2),#3);
#10893=PRESENTATION_STYLE_ASSIGNMENT((#10892));
#10894=STYLED_ITEM('',(#10893),#10891);
#10895=DIRECTION('',(0.E0,1.E0,0.E0));
#10896=VECTOR('',#10895,1.75E-1);
#10897=CARTESIAN_POINT('',(-1.25E0,0.E0,8.75E-1));
#10898=LINE('',#10897,#10896);
#10899=CURVE_STYLE('',#36,POSITIVE_LENGTH_MEASURE(2.E-2),#3);
#10900=PRESENTATION_STYLE_ASSIGNMENT((#10899));
#10901=STYLED_ITEM('',(#10900),#10898);
#10902=DIRECTION('',(0.E0,1.E0,0.E0));
#10903=VECTOR('',#10902,1.75E-1);
#10904=CARTESIAN_POINT('',(-1.25E0,0.E0,6.25E-1));
#10905=LINE('',#10904,#10903);
#10906=CURVE_STYLE('',#36,POSITIVE_LENGTH_MEASURE(2.E-2),#3);
#10907=PRESENTATION_STYLE_ASSIGNMENT((#10906));
#10908=STYLED_ITEM('',(#10907),#10905);
#10909=DIRECTION('',(0.E0,0.E0,-1.E0));
#10910=VECTOR('',#10909,2.5E-1);
#10911=CARTESIAN_POINT('',(-1.25E0,1.75E-1,6.25E-1));
#10912=LINE('',#10911,#10910);
#10913=CURVE_STYLE('',#36,POSITIVE_LENGTH_MEASURE(2.E-2),#3);
#10914=PRESENTATION_STYLE_ASSIGNMENT((#10913));
#10915=STYLED_ITEM('',(#10914),#10912);
#10916=DIRECTION('',(0.E0,1.E0,0.E0));
#10917=VECTOR('',#10916,1.75E-1);
#10918=CARTESIAN_POINT('',(-1.25E0,0.E0,3.75E-1));
#10919=LINE('',#10918,#10917);
#10920=CURVE_STYLE('',#36,POSITIVE_LENGTH_MEASURE(2.E-2),#3);
#10921=PRESENTATION_STYLE_ASSIGNMENT((#10920));
#10922=STYLED_ITEM('',(#10921),#10919);
#10923=DIRECTION('',(0.E0,1.E0,0.E0));
#10924=VECTOR('',#10923,1.75E-1);
#10925=CARTESIAN_POINT('',(-1.25E0,0.E0,1.25E-1));
#10926=LINE('',#10925,#10924);
#10927=CURVE_STYLE('',#36,POSITIVE_LENGTH_MEASURE(2.E-2),#3);
#10928=PRESENTATION_STYLE_ASSIGNMENT((#10927));
#10929=STYLED_ITEM('',(#10928),#10926);
#10930=DIRECTION('',(0.E0,0.E0,-1.E0));
#10931=VECTOR('',#10930,2.5E-1);
#10932=CARTESIAN_POINT('',(-1.25E0,1.75E-1,1.25E-1));
#10933=LINE('',#10932,#10931);
#10934=CURVE_STYLE('',#36,POSITIVE_LENGTH_MEASURE(2.E-2),#3);
#10935=PRESENTATION_STYLE_ASSIGNMENT((#10934));
#10936=STYLED_ITEM('',(#10935),#10933);
#10937=DIRECTION('',(0.E0,1.E0,0.E0));
#10938=VECTOR('',#10937,1.75E-1);
#10939=CARTESIAN_POINT('',(-1.25E0,0.E0,-1.25E-1));
#10940=LINE('',#10939,#10938);
#10941=CURVE_STYLE('',#36,POSITIVE_LENGTH_MEASURE(2.E-2),#3);
#10942=PRESENTATION_STYLE_ASSIGNMENT((#10941));
#10943=STYLED_ITEM('',(#10942),#10940);
#10944=DIRECTION('',(0.E0,1.E0,0.E0));
#10945=VECTOR('',#10944,1.75E-1);
#10946=CARTESIAN_POINT('',(-1.25E0,0.E0,-3.75E-1));
#10947=LINE('',#10946,#10945);
#10948=CURVE_STYLE('',#36,POSITIVE_LENGTH_MEASURE(2.E-2),#3);
#10949=PRESENTATION_STYLE_ASSIGNMENT((#10948));
#10950=STYLED_ITEM('',(#10949),#10947);
#10951=DIRECTION('',(0.E0,0.E0,-1.E0));
#10952=VECTOR('',#10951,2.5E-1);
#10953=CARTESIAN_POINT('',(-1.25E0,1.75E-1,-3.75E-1));
#10954=LINE('',#10953,#10952);
#10955=CURVE_STYLE('',#36,POSITIVE_LENGTH_MEASURE(2.E-2),#3);
#10956=PRESENTATION_STYLE_ASSIGNMENT((#10955));
#10957=STYLED_ITEM('',(#10956),#10954);
#10958=DIRECTION('',(0.E0,1.E0,0.E0));
#10959=VECTOR('',#10958,1.75E-1);
#10960=CARTESIAN_POINT('',(-1.25E0,0.E0,-6.25E-1));
#10961=LINE('',#10960,#10959);
#10962=CURVE_STYLE('',#36,POSITIVE_LENGTH_MEASURE(2.E-2),#3);
#10963=PRESENTATION_STYLE_ASSIGNMENT((#10962));
#10964=STYLED_ITEM('',(#10963),#10961);
#10965=DIRECTION('',(0.E0,1.E0,0.E0));
#10966=VECTOR('',#10965,1.75E-1);
#10967=CARTESIAN_POINT('',(-1.25E0,0.E0,-8.75E-1));
#10968=LINE('',#10967,#10966);
#10969=CURVE_STYLE('',#36,POSITIVE_LENGTH_MEASURE(2.E-2),#3);
#10970=PRESENTATION_STYLE_ASSIGNMENT((#10969));
#10971=STYLED_ITEM('',(#10970),#10968);
#10972=DIRECTION('',(1.E0,0.E0,0.E0));
#10973=VECTOR('',#10972,2.76E-1);
#10974=CARTESIAN_POINT('',(-1.25E0,1.75E-1,-8.75E-1));
#10975=LINE('',#10974,#10973);
#10976=CURVE_STYLE('',#36,POSITIVE_LENGTH_MEASURE(2.E-2),#3);
#10977=PRESENTATION_STYLE_ASSIGNMENT((#10976));
#10978=STYLED_ITEM('',(#10977),#10975);
#10979=CARTESIAN_POINT('',(-9.74E-1,1.75E-1,-9.99E-1));
#10980=DIRECTION('',(0.E0,1.E0,0.E0));
#10981=DIRECTION('',(0.E0,0.E0,1.E0));
#10982=AXIS2_PLACEMENT_3D('',#10979,#10980,#10981);
#10984=CURVE_STYLE('',#36,POSITIVE_LENGTH_MEASURE(2.E-2),#3);
#10985=PRESENTATION_STYLE_ASSIGNMENT((#10984));
#10986=STYLED_ITEM('',(#10985),#10983);
#10987=DIRECTION('',(0.E0,0.E0,-1.E0));
#10988=VECTOR('',#10987,2.E-3);
#10989=CARTESIAN_POINT('',(-8.5E-1,1.75E-1,-9.99E-1));
#10990=LINE('',#10989,#10988);
#10991=CURVE_STYLE('',#36,POSITIVE_LENGTH_MEASURE(2.E-2),#3);
#10992=PRESENTATION_STYLE_ASSIGNMENT((#10991));
#10993=STYLED_ITEM('',(#10992),#10990);
#10994=CARTESIAN_POINT('',(-9.74E-1,1.75E-1,-1.001E0));
#10995=DIRECTION('',(0.E0,1.E0,0.E0));
#10996=DIRECTION('',(1.E0,0.E0,0.E0));
#10997=AXIS2_PLACEMENT_3D('',#10994,#10995,#10996);
#10999=CURVE_STYLE('',#36,POSITIVE_LENGTH_MEASURE(2.E-2),#3);
#11000=PRESENTATION_STYLE_ASSIGNMENT((#10999));
#11001=STYLED_ITEM('',(#11000),#10998);
#11002=DIRECTION('',(-1.E0,0.E0,0.E0));
#11003=VECTOR('',#11002,2.76E-1);
#11004=CARTESIAN_POINT('',(-9.74E-1,1.75E-1,-1.125E0));
#11005=LINE('',#11004,#11003);
#11006=CURVE_STYLE('',#36,POSITIVE_LENGTH_MEASURE(2.E-2),#3);
#11007=PRESENTATION_STYLE_ASSIGNMENT((#11006));
#11008=STYLED_ITEM('',(#11007),#11005);
#11009=DIRECTION('',(0.E0,1.E0,0.E0));
#11010=VECTOR('',#11009,1.75E-1);
#11011=CARTESIAN_POINT('',(-3.75E-1,0.E0,-1.5E0));
#11012=LINE('',#11011,#11010);
#11013=CURVE_STYLE('',#36,POSITIVE_LENGTH_MEASURE(2.E-2),#3);
#11014=PRESENTATION_STYLE_ASSIGNMENT((#11013));
#11015=STYLED_ITEM('',(#11014),#11012);
#11016=DIRECTION('',(1.E0,0.E0,0.E0));
#11017=VECTOR('',#11016,2.5E-1);
#11018=CARTESIAN_POINT('',(-3.75E-1,1.75E-1,-1.5E0));
#11019=LINE('',#11018,#11017);
#11020=CURVE_STYLE('',#36,POSITIVE_LENGTH_MEASURE(2.E-2),#3);
#11021=PRESENTATION_STYLE_ASSIGNMENT((#11020));
#11022=STYLED_ITEM('',(#11021),#11019);
#11023=DIRECTION('',(0.E0,1.E0,0.E0));
#11024=VECTOR('',#11023,1.75E-1);
#11025=CARTESIAN_POINT('',(-1.25E-1,0.E0,-1.5E0));
#11026=LINE('',#11025,#11024);
#11027=CURVE_STYLE('',#36,POSITIVE_LENGTH_MEASURE(2.E-2),#3);
#11028=PRESENTATION_STYLE_ASSIGNMENT((#11027));
#11029=STYLED_ITEM('',(#11028),#11026);
#11030=DIRECTION('',(0.E0,1.E0,0.E0));
#11031=VECTOR('',#11030,1.75E-1);
#11032=CARTESIAN_POINT('',(1.25E-1,0.E0,-1.5E0));
#11033=LINE('',#11032,#11031);
#11034=CURVE_STYLE('',#36,POSITIVE_LENGTH_MEASURE(2.E-2),#3);
#11035=PRESENTATION_STYLE_ASSIGNMENT((#11034));
#11036=STYLED_ITEM('',(#11035),#11033);
#11037=DIRECTION('',(1.E0,0.E0,0.E0));
#11038=VECTOR('',#11037,2.5E-1);
#11039=CARTESIAN_POINT('',(1.25E-1,1.75E-1,-1.5E0));
#11040=LINE('',#11039,#11038);
#11041=CURVE_STYLE('',#36,POSITIVE_LENGTH_MEASURE(2.E-2),#3);
#11042=PRESENTATION_STYLE_ASSIGNMENT((#11041));
#11043=STYLED_ITEM('',(#11042),#11040);
#11044=DIRECTION('',(0.E0,1.E0,0.E0));
#11045=VECTOR('',#11044,1.75E-1);
#11046=CARTESIAN_POINT('',(3.75E-1,0.E0,-1.5E0));
#11047=LINE('',#11046,#11045);
#11048=CURVE_STYLE('',#36,POSITIVE_LENGTH_MEASURE(2.E-2),#3);
#11049=PRESENTATION_STYLE_ASSIGNMENT((#11048));
#11050=STYLED_ITEM('',(#11049),#11047);
#11051=DIRECTION('',(0.E0,1.E0,0.E0));
#11052=VECTOR('',#11051,7.75E-1);
#11053=CARTESIAN_POINT('',(1.25E0,0.E0,-1.5E0));
#11054=LINE('',#11053,#11052);
#11055=CURVE_STYLE('',#36,POSITIVE_LENGTH_MEASURE(2.E-2),#3);
#11056=PRESENTATION_STYLE_ASSIGNMENT((#11055));
#11057=STYLED_ITEM('',(#11056),#11054);
#11058=DIRECTION('',(-1.E0,0.E0,0.E0));
#11059=VECTOR('',#11058,1.5E-1);
#11060=CARTESIAN_POINT('',(-9.E-1,7.5E-2,-1.5E0));
#11061=LINE('',#11060,#11059);
#11062=CURVE_STYLE('',#36,POSITIVE_LENGTH_MEASURE(2.E-2),#3);
#11063=PRESENTATION_STYLE_ASSIGNMENT((#11062));
#11064=STYLED_ITEM('',(#11063),#11061);
#11065=DIRECTION('',(0.E0,1.E0,0.E0));
#11066=VECTOR('',#11065,1.E-1);
#11067=CARTESIAN_POINT('',(-1.05E0,7.5E-2,-1.5E0));
#11068=LINE('',#11067,#11066);
#11069=CURVE_STYLE('',#36,POSITIVE_LENGTH_MEASURE(2.E-2),#3);
#11070=PRESENTATION_STYLE_ASSIGNMENT((#11069));
#11071=STYLED_ITEM('',(#11070),#11068);
#11072=DIRECTION('',(-1.E0,0.E0,0.E0));
#11073=VECTOR('',#11072,1.5E-1);
#11074=CARTESIAN_POINT('',(-9.E-1,1.75E-1,-1.5E0));
#11075=LINE('',#11074,#11073);
#11076=CURVE_STYLE('',#36,POSITIVE_LENGTH_MEASURE(2.E-2),#3);
#11077=PRESENTATION_STYLE_ASSIGNMENT((#11076));
#11078=STYLED_ITEM('',(#11077),#11075);
#11079=DIRECTION('',(0.E0,1.E0,0.E0));
#11080=VECTOR('',#11079,1.E-1);
#11081=CARTESIAN_POINT('',(-9.E-1,7.5E-2,-1.5E0));
#11082=LINE('',#11081,#11080);
#11083=CURVE_STYLE('',#36,POSITIVE_LENGTH_MEASURE(2.E-2),#3);
#11084=PRESENTATION_STYLE_ASSIGNMENT((#11083));
#11085=STYLED_ITEM('',(#11084),#11082);
#11086=DIRECTION('',(-1.E0,0.E0,0.E0));
#11087=VECTOR('',#11086,1.45E-1);
#11088=CARTESIAN_POINT('',(-5.55E-1,7.5E-2,-1.5E0));
#11089=LINE('',#11088,#11087);
#11090=CURVE_STYLE('',#36,POSITIVE_LENGTH_MEASURE(2.E-2),#3);
#11091=PRESENTATION_STYLE_ASSIGNMENT((#11090));
#11092=STYLED_ITEM('',(#11091),#11089);
#11093=DIRECTION('',(0.E0,1.E0,0.E0));
#11094=VECTOR('',#11093,1.E-1);
#11095=CARTESIAN_POINT('',(-7.E-1,7.5E-2,-1.5E0));
#11096=LINE('',#11095,#11094);
#11097=CURVE_STYLE('',#36,POSITIVE_LENGTH_MEASURE(2.E-2),#3);
#11098=PRESENTATION_STYLE_ASSIGNMENT((#11097));
#11099=STYLED_ITEM('',(#11098),#11096);
#11100=DIRECTION('',(-1.E0,0.E0,0.E0));
#11101=VECTOR('',#11100,1.45E-1);
#11102=CARTESIAN_POINT('',(-5.55E-1,1.75E-1,-1.5E0));
#11103=LINE('',#11102,#11101);
#11104=CURVE_STYLE('',#36,POSITIVE_LENGTH_MEASURE(2.E-2),#3);
#11105=PRESENTATION_STYLE_ASSIGNMENT((#11104));
#11106=STYLED_ITEM('',(#11105),#11103);
#11107=DIRECTION('',(0.E0,1.E0,0.E0));
#11108=VECTOR('',#11107,1.E-1);
#11109=CARTESIAN_POINT('',(-5.55E-1,7.5E-2,-1.5E0));
#11110=LINE('',#11109,#11108);
#11111=CURVE_STYLE('',#36,POSITIVE_LENGTH_MEASURE(2.E-2),#3);
#11112=PRESENTATION_STYLE_ASSIGNMENT((#11111));
#11113=STYLED_ITEM('',(#11112),#11110);
#11114=DIRECTION('',(1.E0,0.E0,0.E0));
#11115=VECTOR('',#11114,1.45E-1);
#11116=CARTESIAN_POINT('',(5.55E-1,7.5E-2,-1.5E0));
#11117=LINE('',#11116,#11115);
#11118=CURVE_STYLE('',#36,POSITIVE_LENGTH_MEASURE(2.E-2),#3);
#11119=PRESENTATION_STYLE_ASSIGNMENT((#11118));
#11120=STYLED_ITEM('',(#11119),#11117);
#11121=DIRECTION('',(0.E0,1.E0,0.E0));
#11122=VECTOR('',#11121,1.E-1);
#11123=CARTESIAN_POINT('',(5.55E-1,7.5E-2,-1.5E0));
#11124=LINE('',#11123,#11122);
#11125=CURVE_STYLE('',#36,POSITIVE_LENGTH_MEASURE(2.E-2),#3);
#11126=PRESENTATION_STYLE_ASSIGNMENT((#11125));
#11127=STYLED_ITEM('',(#11126),#11124);
#11128=DIRECTION('',(1.E0,0.E0,0.E0));
#11129=VECTOR('',#11128,1.45E-1);
#11130=CARTESIAN_POINT('',(5.55E-1,1.75E-1,-1.5E0));
#11131=LINE('',#11130,#11129);
#11132=CURVE_STYLE('',#36,POSITIVE_LENGTH_MEASURE(2.E-2),#3);
#11133=PRESENTATION_STYLE_ASSIGNMENT((#11132));
#11134=STYLED_ITEM('',(#11133),#11131);
#11135=DIRECTION('',(0.E0,1.E0,0.E0));
#11136=VECTOR('',#11135,1.E-1);
#11137=CARTESIAN_POINT('',(7.E-1,7.5E-2,-1.5E0));
#11138=LINE('',#11137,#11136);
#11139=CURVE_STYLE('',#36,POSITIVE_LENGTH_MEASURE(2.E-2),#3);
#11140=PRESENTATION_STYLE_ASSIGNMENT((#11139));
#11141=STYLED_ITEM('',(#11140),#11138);
#11142=DIRECTION('',(1.E0,0.E0,0.E0));
#11143=VECTOR('',#11142,1.5E-1);
#11144=CARTESIAN_POINT('',(9.E-1,7.5E-2,-1.5E0));
#11145=LINE('',#11144,#11143);
#11146=CURVE_STYLE('',#36,POSITIVE_LENGTH_MEASURE(2.E-2),#3);
#11147=PRESENTATION_STYLE_ASSIGNMENT((#11146));
#11148=STYLED_ITEM('',(#11147),#11145);
#11149=DIRECTION('',(0.E0,1.E0,0.E0));
#11150=VECTOR('',#11149,1.E-1);
#11151=CARTESIAN_POINT('',(9.E-1,7.5E-2,-1.5E0));
#11152=LINE('',#11151,#11150);
#11153=CURVE_STYLE('',#36,POSITIVE_LENGTH_MEASURE(2.E-2),#3);
#11154=PRESENTATION_STYLE_ASSIGNMENT((#11153));
#11155=STYLED_ITEM('',(#11154),#11152);
#11156=DIRECTION('',(1.E0,0.E0,0.E0));
#11157=VECTOR('',#11156,1.5E-1);
#11158=CARTESIAN_POINT('',(9.E-1,1.75E-1,-1.5E0));
#11159=LINE('',#11158,#11157);
#11160=CURVE_STYLE('',#36,POSITIVE_LENGTH_MEASURE(2.E-2),#3);
#11161=PRESENTATION_STYLE_ASSIGNMENT((#11160));
#11162=STYLED_ITEM('',(#11161),#11159);
#11163=DIRECTION('',(0.E0,1.E0,0.E0));
#11164=VECTOR('',#11163,1.E-1);
#11165=CARTESIAN_POINT('',(1.05E0,7.5E-2,-1.5E0));
#11166=LINE('',#11165,#11164);
#11167=CURVE_STYLE('',#36,POSITIVE_LENGTH_MEASURE(2.E-2),#3);
#11168=PRESENTATION_STYLE_ASSIGNMENT((#11167));
#11169=STYLED_ITEM('',(#11168),#11166);
#11170=DIRECTION('',(0.E0,1.E0,0.E0));
#11171=VECTOR('',#11170,1.75E-1);
#11172=CARTESIAN_POINT('',(-3.75E-1,0.E0,-1.224E0));
#11173=LINE('',#11172,#11171);
#11174=CURVE_STYLE('',#36,POSITIVE_LENGTH_MEASURE(2.E-2),#3);
#11175=PRESENTATION_STYLE_ASSIGNMENT((#11174));
#11176=STYLED_ITEM('',(#11175),#11173);
#11177=DIRECTION('',(0.E0,1.E0,0.E0));
#11178=VECTOR('',#11177,1.75E-1);
#11179=CARTESIAN_POINT('',(-2.51E-1,0.E0,-1.1E0));
#11180=LINE('',#11179,#11178);
#11181=CURVE_STYLE('',#36,POSITIVE_LENGTH_MEASURE(2.E-2),#3);
#11182=PRESENTATION_STYLE_ASSIGNMENT((#11181));
#11183=STYLED_ITEM('',(#11182),#11180);
#11184=DIRECTION('',(0.E0,1.E0,0.E0));
#11185=VECTOR('',#11184,1.75E-1);
#11186=CARTESIAN_POINT('',(-2.49E-1,0.E0,-1.1E0));
#11187=LINE('',#11186,#11185);
#11188=CURVE_STYLE('',#36,POSITIVE_LENGTH_MEASURE(2.E-2),#3);
#11189=PRESENTATION_STYLE_ASSIGNMENT((#11188));
#11190=STYLED_ITEM('',(#11189),#11187);
#11191=DIRECTION('',(0.E0,1.E0,0.E0));
#11192=VECTOR('',#11191,1.75E-1);
#11193=CARTESIAN_POINT('',(-1.25E-1,0.E0,-1.224E0));
#11194=LINE('',#11193,#11192);
#11195=CURVE_STYLE('',#36,POSITIVE_LENGTH_MEASURE(2.E-2),#3);
#11196=PRESENTATION_STYLE_ASSIGNMENT((#11195));
#11197=STYLED_ITEM('',(#11196),#11194);
#11198=DIRECTION('',(0.E0,0.E0,1.E0));
#11199=VECTOR('',#11198,2.76E-1);
#11200=CARTESIAN_POINT('',(-3.75E-1,1.75E-1,-1.5E0));
#11201=LINE('',#11200,#11199);
#11202=CURVE_STYLE('',#36,POSITIVE_LENGTH_MEASURE(2.E-2),#3);
#11203=PRESENTATION_STYLE_ASSIGNMENT((#11202));
#11204=STYLED_ITEM('',(#11203),#11201);
#11205=CARTESIAN_POINT('',(-2.51E-1,1.75E-1,-1.224E0));
#11206=DIRECTION('',(0.E0,1.E0,0.E0));
#11207=DIRECTION('',(-1.E0,0.E0,0.E0));
#11208=AXIS2_PLACEMENT_3D('',#11205,#11206,#11207);
#11210=CURVE_STYLE('',#36,POSITIVE_LENGTH_MEASURE(2.E-2),#3);
#11211=PRESENTATION_STYLE_ASSIGNMENT((#11210));
#11212=STYLED_ITEM('',(#11211),#11209);
#11213=DIRECTION('',(1.E0,0.E0,0.E0));
#11214=VECTOR('',#11213,2.E-3);
#11215=CARTESIAN_POINT('',(-2.51E-1,1.75E-1,-1.1E0));
#11216=LINE('',#11215,#11214);
#11217=CURVE_STYLE('',#36,POSITIVE_LENGTH_MEASURE(2.E-2),#3);
#11218=PRESENTATION_STYLE_ASSIGNMENT((#11217));
#11219=STYLED_ITEM('',(#11218),#11216);
#11220=CARTESIAN_POINT('',(-2.49E-1,1.75E-1,-1.224E0));
#11221=DIRECTION('',(0.E0,1.E0,0.E0));
#11222=DIRECTION('',(0.E0,0.E0,1.E0));
#11223=AXIS2_PLACEMENT_3D('',#11220,#11221,#11222);
#11225=CURVE_STYLE('',#36,POSITIVE_LENGTH_MEASURE(2.E-2),#3);
#11226=PRESENTATION_STYLE_ASSIGNMENT((#11225));
#11227=STYLED_ITEM('',(#11226),#11224);
#11228=DIRECTION('',(0.E0,0.E0,-1.E0));
#11229=VECTOR('',#11228,2.76E-1);
#11230=CARTESIAN_POINT('',(-1.25E-1,1.75E-1,-1.224E0));
#11231=LINE('',#11230,#11229);
#11232=CURVE_STYLE('',#36,POSITIVE_LENGTH_MEASURE(2.E-2),#3);
#11233=PRESENTATION_STYLE_ASSIGNMENT((#11232));
#11234=STYLED_ITEM('',(#11233),#11231);
#11235=DIRECTION('',(0.E0,1.E0,0.E0));
#11236=VECTOR('',#11235,1.75E-1);
#11237=CARTESIAN_POINT('',(1.25E-1,0.E0,-1.224E0));
#11238=LINE('',#11237,#11236);
#11239=CURVE_STYLE('',#36,POSITIVE_LENGTH_MEASURE(2.E-2),#3);
#11240=PRESENTATION_STYLE_ASSIGNMENT((#11239));
#11241=STYLED_ITEM('',(#11240),#11238);
#11242=DIRECTION('',(0.E0,1.E0,0.E0));
#11243=VECTOR('',#11242,1.75E-1);
#11244=CARTESIAN_POINT('',(2.49E-1,0.E0,-1.1E0));
#11245=LINE('',#11244,#11243);
#11246=CURVE_STYLE('',#36,POSITIVE_LENGTH_MEASURE(2.E-2),#3);
#11247=PRESENTATION_STYLE_ASSIGNMENT((#11246));
#11248=STYLED_ITEM('',(#11247),#11245);
#11249=DIRECTION('',(0.E0,1.E0,0.E0));
#11250=VECTOR('',#11249,1.75E-1);
#11251=CARTESIAN_POINT('',(2.51E-1,0.E0,-1.1E0));
#11252=LINE('',#11251,#11250);
#11253=CURVE_STYLE('',#36,POSITIVE_LENGTH_MEASURE(2.E-2),#3);
#11254=PRESENTATION_STYLE_ASSIGNMENT((#11253));
#11255=STYLED_ITEM('',(#11254),#11252);
#11256=DIRECTION('',(0.E0,1.E0,0.E0));
#11257=VECTOR('',#11256,1.75E-1);
#11258=CARTESIAN_POINT('',(3.75E-1,0.E0,-1.224E0));
#11259=LINE('',#11258,#11257);
#11260=CURVE_STYLE('',#36,POSITIVE_LENGTH_MEASURE(2.E-2),#3);
#11261=PRESENTATION_STYLE_ASSIGNMENT((#11260));
#11262=STYLED_ITEM('',(#11261),#11259);
#11263=DIRECTION('',(0.E0,0.E0,1.E0));
#11264=VECTOR('',#11263,2.76E-1);
#11265=CARTESIAN_POINT('',(1.25E-1,1.75E-1,-1.5E0));
#11266=LINE('',#11265,#11264);
#11267=CURVE_STYLE('',#36,POSITIVE_LENGTH_MEASURE(2.E-2),#3);
#11268=PRESENTATION_STYLE_ASSIGNMENT((#11267));
#11269=STYLED_ITEM('',(#11268),#11266);
#11270=CARTESIAN_POINT('',(2.49E-1,1.75E-1,-1.224E0));
#11271=DIRECTION('',(0.E0,1.E0,0.E0));
#11272=DIRECTION('',(-1.E0,0.E0,0.E0));
#11273=AXIS2_PLACEMENT_3D('',#11270,#11271,#11272);
#11275=CURVE_STYLE('',#36,POSITIVE_LENGTH_MEASURE(2.E-2),#3);
#11276=PRESENTATION_STYLE_ASSIGNMENT((#11275));
#11277=STYLED_ITEM('',(#11276),#11274);
#11278=DIRECTION('',(1.E0,0.E0,0.E0));
#11279=VECTOR('',#11278,2.E-3);
#11280=CARTESIAN_POINT('',(2.49E-1,1.75E-1,-1.1E0));
#11281=LINE('',#11280,#11279);
#11282=CURVE_STYLE('',#36,POSITIVE_LENGTH_MEASURE(2.E-2),#3);
#11283=PRESENTATION_STYLE_ASSIGNMENT((#11282));
#11284=STYLED_ITEM('',(#11283),#11281);
#11285=CARTESIAN_POINT('',(2.51E-1,1.75E-1,-1.224E0));
#11286=DIRECTION('',(0.E0,1.E0,0.E0));
#11287=DIRECTION('',(0.E0,0.E0,1.E0));
#11288=AXIS2_PLACEMENT_3D('',#11285,#11286,#11287);
#11290=CURVE_STYLE('',#36,POSITIVE_LENGTH_MEASURE(2.E-2),#3);
#11291=PRESENTATION_STYLE_ASSIGNMENT((#11290));
#11292=STYLED_ITEM('',(#11291),#11289);
#11293=DIRECTION('',(0.E0,0.E0,-1.E0));
#11294=VECTOR('',#11293,2.76E-1);
#11295=CARTESIAN_POINT('',(3.75E-1,1.75E-1,-1.224E0));
#11296=LINE('',#11295,#11294);
#11297=CURVE_STYLE('',#36,POSITIVE_LENGTH_MEASURE(2.E-2),#3);
#11298=PRESENTATION_STYLE_ASSIGNMENT((#11297));
#11299=STYLED_ITEM('',(#11298),#11296);
#11300=DIRECTION('',(0.E0,0.E0,-1.E0));
#11301=VECTOR('',#11300,2.5E-1);
#11302=CARTESIAN_POINT('',(1.25E0,1.75E-1,-8.75E-1));
#11303=LINE('',#11302,#11301);
#11304=CURVE_STYLE('',#36,POSITIVE_LENGTH_MEASURE(2.E-2),#3);
#11305=PRESENTATION_STYLE_ASSIGNMENT((#11304));
#11306=STYLED_ITEM('',(#11305),#11303);
#11307=DIRECTION('',(0.E0,1.E0,0.E0));
#11308=VECTOR('',#11307,1.75E-1);
#11309=CARTESIAN_POINT('',(1.25E0,0.E0,-8.75E-1));
#11310=LINE('',#11309,#11308);
#11311=CURVE_STYLE('',#36,POSITIVE_LENGTH_MEASURE(2.E-2),#3);
#11312=PRESENTATION_STYLE_ASSIGNMENT((#11311));
#11313=STYLED_ITEM('',(#11312),#11310);
#11314=DIRECTION('',(0.E0,1.E0,0.E0));
#11315=VECTOR('',#11314,1.75E-1);
#11316=CARTESIAN_POINT('',(1.25E0,0.E0,-6.25E-1));
#11317=LINE('',#11316,#11315);
#11318=CURVE_STYLE('',#36,POSITIVE_LENGTH_MEASURE(2.E-2),#3);
#11319=PRESENTATION_STYLE_ASSIGNMENT((#11318));
#11320=STYLED_ITEM('',(#11319),#11317);
#11321=DIRECTION('',(0.E0,0.E0,-1.E0));
#11322=VECTOR('',#11321,2.5E-1);
#11323=CARTESIAN_POINT('',(1.25E0,1.75E-1,-3.75E-1));
#11324=LINE('',#11323,#11322);
#11325=CURVE_STYLE('',#36,POSITIVE_LENGTH_MEASURE(2.E-2),#3);
#11326=PRESENTATION_STYLE_ASSIGNMENT((#11325));
#11327=STYLED_ITEM('',(#11326),#11324);
#11328=DIRECTION('',(0.E0,1.E0,0.E0));
#11329=VECTOR('',#11328,1.75E-1);
#11330=CARTESIAN_POINT('',(1.25E0,0.E0,-3.75E-1));
#11331=LINE('',#11330,#11329);
#11332=CURVE_STYLE('',#36,POSITIVE_LENGTH_MEASURE(2.E-2),#3);
#11333=PRESENTATION_STYLE_ASSIGNMENT((#11332));
#11334=STYLED_ITEM('',(#11333),#11331);
#11335=DIRECTION('',(0.E0,1.E0,0.E0));
#11336=VECTOR('',#11335,1.75E-1);
#11337=CARTESIAN_POINT('',(1.25E0,0.E0,-1.25E-1));
#11338=LINE('',#11337,#11336);
#11339=CURVE_STYLE('',#36,POSITIVE_LENGTH_MEASURE(2.E-2),#3);
#11340=PRESENTATION_STYLE_ASSIGNMENT((#11339));
#11341=STYLED_ITEM('',(#11340),#11338);
#11342=DIRECTION('',(0.E0,0.E0,-1.E0));
#11343=VECTOR('',#11342,2.5E-1);
#11344=CARTESIAN_POINT('',(1.25E0,1.75E-1,1.25E-1));
#11345=LINE('',#11344,#11343);
#11346=CURVE_STYLE('',#36,POSITIVE_LENGTH_MEASURE(2.E-2),#3);
#11347=PRESENTATION_STYLE_ASSIGNMENT((#11346));
#11348=STYLED_ITEM('',(#11347),#11345);
#11349=DIRECTION('',(0.E0,1.E0,0.E0));
#11350=VECTOR('',#11349,1.75E-1);
#11351=CARTESIAN_POINT('',(1.25E0,0.E0,1.25E-1));
#11352=LINE('',#11351,#11350);
#11353=CURVE_STYLE('',#36,POSITIVE_LENGTH_MEASURE(2.E-2),#3);
#11354=PRESENTATION_STYLE_ASSIGNMENT((#11353));
#11355=STYLED_ITEM('',(#11354),#11352);
#11356=DIRECTION('',(0.E0,1.E0,0.E0));
#11357=VECTOR('',#11356,1.75E-1);
#11358=CARTESIAN_POINT('',(1.25E0,0.E0,3.75E-1));
#11359=LINE('',#11358,#11357);
#11360=CURVE_STYLE('',#36,POSITIVE_LENGTH_MEASURE(2.E-2),#3);
#11361=PRESENTATION_STYLE_ASSIGNMENT((#11360));
#11362=STYLED_ITEM('',(#11361),#11359);
#11363=DIRECTION('',(0.E0,0.E0,-1.E0));
#11364=VECTOR('',#11363,2.5E-1);
#11365=CARTESIAN_POINT('',(1.25E0,1.75E-1,6.25E-1));
#11366=LINE('',#11365,#11364);
#11367=CURVE_STYLE('',#36,POSITIVE_LENGTH_MEASURE(2.E-2),#3);
#11368=PRESENTATION_STYLE_ASSIGNMENT((#11367));
#11369=STYLED_ITEM('',(#11368),#11366);
#11370=DIRECTION('',(0.E0,1.E0,0.E0));
#11371=VECTOR('',#11370,1.75E-1);
#11372=CARTESIAN_POINT('',(1.25E0,0.E0,6.25E-1));
#11373=LINE('',#11372,#11371);
#11374=CURVE_STYLE('',#36,POSITIVE_LENGTH_MEASURE(2.E-2),#3);
#11375=PRESENTATION_STYLE_ASSIGNMENT((#11374));
#11376=STYLED_ITEM('',(#11375),#11373);
#11377=DIRECTION('',(0.E0,1.E0,0.E0));
#11378=VECTOR('',#11377,1.75E-1);
#11379=CARTESIAN_POINT('',(1.25E0,0.E0,8.75E-1));
#11380=LINE('',#11379,#11378);
#11381=CURVE_STYLE('',#36,POSITIVE_LENGTH_MEASURE(2.E-2),#3);
#11382=PRESENTATION_STYLE_ASSIGNMENT((#11381));
#11383=STYLED_ITEM('',(#11382),#11380);
#11384=DIRECTION('',(0.E0,0.E0,-1.E0));
#11385=VECTOR('',#11384,2.5E-1);
#11386=CARTESIAN_POINT('',(1.25E0,1.75E-1,1.125E0));
#11387=LINE('',#11386,#11385);
#11388=CURVE_STYLE('',#36,POSITIVE_LENGTH_MEASURE(2.E-2),#3);
#11389=PRESENTATION_STYLE_ASSIGNMENT((#11388));
#11390=STYLED_ITEM('',(#11389),#11387);
#11391=DIRECTION('',(0.E0,1.E0,0.E0));
#11392=VECTOR('',#11391,1.75E-1);
#11393=CARTESIAN_POINT('',(1.25E0,0.E0,1.125E0));
#11394=LINE('',#11393,#11392);
#11395=CURVE_STYLE('',#36,POSITIVE_LENGTH_MEASURE(2.E-2),#3);
#11396=PRESENTATION_STYLE_ASSIGNMENT((#11395));
#11397=STYLED_ITEM('',(#11396),#11394);
#11398=DIRECTION('',(0.E0,1.E0,0.E0));
#11399=VECTOR('',#11398,7.75E-1);
#11400=CARTESIAN_POINT('',(1.25E0,0.E0,1.5E0));
#11401=LINE('',#11400,#11399);
#11402=CURVE_STYLE('',#36,POSITIVE_LENGTH_MEASURE(2.E-2),#3);
#11403=PRESENTATION_STYLE_ASSIGNMENT((#11402));
#11404=STYLED_ITEM('',(#11403),#11401);
#11405=DIRECTION('',(0.E0,1.E0,0.E0));
#11406=VECTOR('',#11405,1.75E-1);
#11407=CARTESIAN_POINT('',(1.25E0,0.E0,-1.125E0));
#11408=LINE('',#11407,#11406);
#11409=CURVE_STYLE('',#36,POSITIVE_LENGTH_MEASURE(2.E-2),#3);
#11410=PRESENTATION_STYLE_ASSIGNMENT((#11409));
#11411=STYLED_ITEM('',(#11410),#11408);
#11412=DIRECTION('',(1.E0,0.E0,0.E0));
#11413=VECTOR('',#11412,2.76E-1);
#11414=CARTESIAN_POINT('',(9.74E-1,1.75E-1,-1.125E0));
#11415=LINE('',#11414,#11413);
#11416=CURVE_STYLE('',#36,POSITIVE_LENGTH_MEASURE(2.E-2),#3);
#11417=PRESENTATION_STYLE_ASSIGNMENT((#11416));
#11418=STYLED_ITEM('',(#11417),#11415);
#11419=CARTESIAN_POINT('',(9.74E-1,1.75E-1,-1.001E0));
#11420=DIRECTION('',(0.E0,-1.E0,0.E0));
#11421=DIRECTION('',(-1.E0,0.E0,0.E0));
#11422=AXIS2_PLACEMENT_3D('',#11419,#11420,#11421);
#11424=CURVE_STYLE('',#36,POSITIVE_LENGTH_MEASURE(2.E-2),#3);
#11425=PRESENTATION_STYLE_ASSIGNMENT((#11424));
#11426=STYLED_ITEM('',(#11425),#11423);
#11427=DIRECTION('',(0.E0,0.E0,-1.E0));
#11428=VECTOR('',#11427,2.E-3);
#11429=CARTESIAN_POINT('',(8.5E-1,1.75E-1,-9.99E-1));
#11430=LINE('',#11429,#11428);
#11431=CURVE_STYLE('',#36,POSITIVE_LENGTH_MEASURE(2.E-2),#3);
#11432=PRESENTATION_STYLE_ASSIGNMENT((#11431));
#11433=STYLED_ITEM('',(#11432),#11430);
#11434=CARTESIAN_POINT('',(9.74E-1,1.75E-1,-9.99E-1));
#11435=DIRECTION('',(0.E0,-1.E0,0.E0));
#11436=DIRECTION('',(0.E0,0.E0,1.E0));
#11437=AXIS2_PLACEMENT_3D('',#11434,#11435,#11436);
#11439=CURVE_STYLE('',#36,POSITIVE_LENGTH_MEASURE(2.E-2),#3);
#11440=PRESENTATION_STYLE_ASSIGNMENT((#11439));
#11441=STYLED_ITEM('',(#11440),#11438);
#11442=DIRECTION('',(-1.E0,0.E0,0.E0));
#11443=VECTOR('',#11442,2.76E-1);
#11444=CARTESIAN_POINT('',(1.25E0,1.75E-1,-8.75E-1));
#11445=LINE('',#11444,#11443);
#11446=CURVE_STYLE('',#36,POSITIVE_LENGTH_MEASURE(2.E-2),#3);
#11447=PRESENTATION_STYLE_ASSIGNMENT((#11446));
#11448=STYLED_ITEM('',(#11447),#11445);
#11449=DIRECTION('',(0.E0,1.E0,0.E0));
#11450=VECTOR('',#11449,1.75E-1);
#11451=CARTESIAN_POINT('',(9.74E-1,0.E0,-1.125E0));
#11452=LINE('',#11451,#11450);
#11453=CURVE_STYLE('',#36,POSITIVE_LENGTH_MEASURE(2.E-2),#3);
#11454=PRESENTATION_STYLE_ASSIGNMENT((#11453));
#11455=STYLED_ITEM('',(#11454),#11452);
#11456=DIRECTION('',(0.E0,1.E0,0.E0));
#11457=VECTOR('',#11456,1.75E-1);
#11458=CARTESIAN_POINT('',(8.5E-1,0.E0,-1.001E0));
#11459=LINE('',#11458,#11457);
#11460=CURVE_STYLE('',#36,POSITIVE_LENGTH_MEASURE(2.E-2),#3);
#11461=PRESENTATION_STYLE_ASSIGNMENT((#11460));
#11462=STYLED_ITEM('',(#11461),#11459);
#11463=DIRECTION('',(0.E0,1.E0,0.E0));
#11464=VECTOR('',#11463,1.75E-1);
#11465=CARTESIAN_POINT('',(8.5E-1,0.E0,-9.99E-1));
#11466=LINE('',#11465,#11464);
#11467=CURVE_STYLE('',#36,POSITIVE_LENGTH_MEASURE(2.E-2),#3);
#11468=PRESENTATION_STYLE_ASSIGNMENT((#11467));
#11469=STYLED_ITEM('',(#11468),#11466);
#11470=DIRECTION('',(0.E0,1.E0,0.E0));
#11471=VECTOR('',#11470,1.75E-1);
#11472=CARTESIAN_POINT('',(9.74E-1,0.E0,-8.75E-1));
#11473=LINE('',#11472,#11471);
#11474=CURVE_STYLE('',#36,POSITIVE_LENGTH_MEASURE(2.E-2),#3);
#11475=PRESENTATION_STYLE_ASSIGNMENT((#11474));
#11476=STYLED_ITEM('',(#11475),#11473);
#11477=DIRECTION('',(0.E0,1.E0,0.E0));
#11478=VECTOR('',#11477,1.75E-1);
#11479=CARTESIAN_POINT('',(9.74E-1,0.E0,-6.25E-1));
#11480=LINE('',#11479,#11478);
#11481=CURVE_STYLE('',#36,POSITIVE_LENGTH_MEASURE(2.E-2),#3);
#11482=PRESENTATION_STYLE_ASSIGNMENT((#11481));
#11483=STYLED_ITEM('',(#11482),#11480);
#11484=DIRECTION('',(0.E0,1.E0,0.E0));
#11485=VECTOR('',#11484,1.75E-1);
#11486=CARTESIAN_POINT('',(8.5E-1,0.E0,-5.01E-1));
#11487=LINE('',#11486,#11485);
#11488=CURVE_STYLE('',#36,POSITIVE_LENGTH_MEASURE(2.E-2),#3);
#11489=PRESENTATION_STYLE_ASSIGNMENT((#11488));
#11490=STYLED_ITEM('',(#11489),#11487);
#11491=DIRECTION('',(0.E0,1.E0,0.E0));
#11492=VECTOR('',#11491,1.75E-1);
#11493=CARTESIAN_POINT('',(8.5E-1,0.E0,-4.99E-1));
#11494=LINE('',#11493,#11492);
#11495=CURVE_STYLE('',#36,POSITIVE_LENGTH_MEASURE(2.E-2),#3);
#11496=PRESENTATION_STYLE_ASSIGNMENT((#11495));
#11497=STYLED_ITEM('',(#11496),#11494);
#11498=DIRECTION('',(0.E0,1.E0,0.E0));
#11499=VECTOR('',#11498,1.75E-1);
#11500=CARTESIAN_POINT('',(9.74E-1,0.E0,-3.75E-1));
#11501=LINE('',#11500,#11499);
#11502=CURVE_STYLE('',#36,POSITIVE_LENGTH_MEASURE(2.E-2),#3);
#11503=PRESENTATION_STYLE_ASSIGNMENT((#11502));
#11504=STYLED_ITEM('',(#11503),#11501);
#11505=DIRECTION('',(1.E0,0.E0,0.E0));
#11506=VECTOR('',#11505,2.76E-1);
#11507=CARTESIAN_POINT('',(9.74E-1,1.75E-1,-6.25E-1));
#11508=LINE('',#11507,#11506);
#11509=CURVE_STYLE('',#36,POSITIVE_LENGTH_MEASURE(2.E-2),#3);
#11510=PRESENTATION_STYLE_ASSIGNMENT((#11509));
#11511=STYLED_ITEM('',(#11510),#11508);
#11512=CARTESIAN_POINT('',(9.74E-1,1.75E-1,-5.01E-1));
#11513=DIRECTION('',(0.E0,-1.E0,0.E0));
#11514=DIRECTION('',(-1.E0,0.E0,0.E0));
#11515=AXIS2_PLACEMENT_3D('',#11512,#11513,#11514);
#11517=CURVE_STYLE('',#36,POSITIVE_LENGTH_MEASURE(2.E-2),#3);
#11518=PRESENTATION_STYLE_ASSIGNMENT((#11517));
#11519=STYLED_ITEM('',(#11518),#11516);
#11520=DIRECTION('',(0.E0,0.E0,-1.E0));
#11521=VECTOR('',#11520,2.E-3);
#11522=CARTESIAN_POINT('',(8.5E-1,1.75E-1,-4.99E-1));
#11523=LINE('',#11522,#11521);
#11524=CURVE_STYLE('',#36,POSITIVE_LENGTH_MEASURE(2.E-2),#3);
#11525=PRESENTATION_STYLE_ASSIGNMENT((#11524));
#11526=STYLED_ITEM('',(#11525),#11523);
#11527=CARTESIAN_POINT('',(9.74E-1,1.75E-1,-4.99E-1));
#11528=DIRECTION('',(0.E0,-1.E0,0.E0));
#11529=DIRECTION('',(0.E0,0.E0,1.E0));
#11530=AXIS2_PLACEMENT_3D('',#11527,#11528,#11529);
#11532=CURVE_STYLE('',#36,POSITIVE_LENGTH_MEASURE(2.E-2),#3);
#11533=PRESENTATION_STYLE_ASSIGNMENT((#11532));
#11534=STYLED_ITEM('',(#11533),#11531);
#11535=DIRECTION('',(-1.E0,0.E0,0.E0));
#11536=VECTOR('',#11535,2.76E-1);
#11537=CARTESIAN_POINT('',(1.25E0,1.75E-1,-3.75E-1));
#11538=LINE('',#11537,#11536);
#11539=CURVE_STYLE('',#36,POSITIVE_LENGTH_MEASURE(2.E-2),#3);
#11540=PRESENTATION_STYLE_ASSIGNMENT((#11539));
#11541=STYLED_ITEM('',(#11540),#11538);
#11542=DIRECTION('',(0.E0,1.E0,0.E0));
#11543=VECTOR('',#11542,1.75E-1);
#11544=CARTESIAN_POINT('',(9.74E-1,0.E0,-1.25E-1));
#11545=LINE('',#11544,#11543);
#11546=CURVE_STYLE('',#36,POSITIVE_LENGTH_MEASURE(2.E-2),#3);
#11547=PRESENTATION_STYLE_ASSIGNMENT((#11546));
#11548=STYLED_ITEM('',(#11547),#11545);
#11549=DIRECTION('',(0.E0,1.E0,0.E0));
#11550=VECTOR('',#11549,1.75E-1);
#11551=CARTESIAN_POINT('',(8.5E-1,0.E0,-1.E-3));
#11552=LINE('',#11551,#11550);
#11553=CURVE_STYLE('',#36,POSITIVE_LENGTH_MEASURE(2.E-2),#3);
#11554=PRESENTATION_STYLE_ASSIGNMENT((#11553));
#11555=STYLED_ITEM('',(#11554),#11552);
#11556=DIRECTION('',(0.E0,1.E0,0.E0));
#11557=VECTOR('',#11556,1.75E-1);
#11558=CARTESIAN_POINT('',(8.5E-1,0.E0,1.E-3));
#11559=LINE('',#11558,#11557);
#11560=CURVE_STYLE('',#36,POSITIVE_LENGTH_MEASURE(2.E-2),#3);
#11561=PRESENTATION_STYLE_ASSIGNMENT((#11560));
#11562=STYLED_ITEM('',(#11561),#11559);
#11563=DIRECTION('',(0.E0,1.E0,0.E0));
#11564=VECTOR('',#11563,1.75E-1);
#11565=CARTESIAN_POINT('',(9.74E-1,0.E0,1.25E-1));
#11566=LINE('',#11565,#11564);
#11567=CURVE_STYLE('',#36,POSITIVE_LENGTH_MEASURE(2.E-2),#3);
#11568=PRESENTATION_STYLE_ASSIGNMENT((#11567));
#11569=STYLED_ITEM('',(#11568),#11566);
#11570=DIRECTION('',(1.E0,0.E0,0.E0));
#11571=VECTOR('',#11570,2.76E-1);
#11572=CARTESIAN_POINT('',(9.74E-1,1.75E-1,-1.25E-1));
#11573=LINE('',#11572,#11571);
#11574=CURVE_STYLE('',#36,POSITIVE_LENGTH_MEASURE(2.E-2),#3);
#11575=PRESENTATION_STYLE_ASSIGNMENT((#11574));
#11576=STYLED_ITEM('',(#11575),#11573);
#11577=CARTESIAN_POINT('',(9.74E-1,1.75E-1,-1.E-3));
#11578=DIRECTION('',(0.E0,-1.E0,0.E0));
#11579=DIRECTION('',(-1.E0,0.E0,0.E0));
#11580=AXIS2_PLACEMENT_3D('',#11577,#11578,#11579);
#11582=CURVE_STYLE('',#36,POSITIVE_LENGTH_MEASURE(2.E-2),#3);
#11583=PRESENTATION_STYLE_ASSIGNMENT((#11582));
#11584=STYLED_ITEM('',(#11583),#11581);
#11585=DIRECTION('',(0.E0,0.E0,-1.E0));
#11586=VECTOR('',#11585,2.E-3);
#11587=CARTESIAN_POINT('',(8.5E-1,1.75E-1,1.E-3));
#11588=LINE('',#11587,#11586);
#11589=CURVE_STYLE('',#36,POSITIVE_LENGTH_MEASURE(2.E-2),#3);
#11590=PRESENTATION_STYLE_ASSIGNMENT((#11589));
#11591=STYLED_ITEM('',(#11590),#11588);
#11592=CARTESIAN_POINT('',(9.74E-1,1.75E-1,1.E-3));
#11593=DIRECTION('',(0.E0,-1.E0,0.E0));
#11594=DIRECTION('',(0.E0,0.E0,1.E0));
#11595=AXIS2_PLACEMENT_3D('',#11592,#11593,#11594);
#11597=CURVE_STYLE('',#36,POSITIVE_LENGTH_MEASURE(2.E-2),#3);
#11598=PRESENTATION_STYLE_ASSIGNMENT((#11597));
#11599=STYLED_ITEM('',(#11598),#11596);
#11600=DIRECTION('',(-1.E0,0.E0,0.E0));
#11601=VECTOR('',#11600,2.76E-1);
#11602=CARTESIAN_POINT('',(1.25E0,1.75E-1,1.25E-1));
#11603=LINE('',#11602,#11601);
#11604=CURVE_STYLE('',#36,POSITIVE_LENGTH_MEASURE(2.E-2),#3);
#11605=PRESENTATION_STYLE_ASSIGNMENT((#11604));
#11606=STYLED_ITEM('',(#11605),#11603);
#11607=DIRECTION('',(0.E0,1.E0,0.E0));
#11608=VECTOR('',#11607,1.75E-1);
#11609=CARTESIAN_POINT('',(9.74E-1,0.E0,3.75E-1));
#11610=LINE('',#11609,#11608);
#11611=CURVE_STYLE('',#36,POSITIVE_LENGTH_MEASURE(2.E-2),#3);
#11612=PRESENTATION_STYLE_ASSIGNMENT((#11611));
#11613=STYLED_ITEM('',(#11612),#11610);
#11614=DIRECTION('',(0.E0,1.E0,0.E0));
#11615=VECTOR('',#11614,1.75E-1);
#11616=CARTESIAN_POINT('',(8.5E-1,0.E0,4.99E-1));
#11617=LINE('',#11616,#11615);
#11618=CURVE_STYLE('',#36,POSITIVE_LENGTH_MEASURE(2.E-2),#3);
#11619=PRESENTATION_STYLE_ASSIGNMENT((#11618));
#11620=STYLED_ITEM('',(#11619),#11617);
#11621=DIRECTION('',(0.E0,1.E0,0.E0));
#11622=VECTOR('',#11621,1.75E-1);
#11623=CARTESIAN_POINT('',(8.5E-1,0.E0,5.01E-1));
#11624=LINE('',#11623,#11622);
#11625=CURVE_STYLE('',#36,POSITIVE_LENGTH_MEASURE(2.E-2),#3);
#11626=PRESENTATION_STYLE_ASSIGNMENT((#11625));
#11627=STYLED_ITEM('',(#11626),#11624);
#11628=DIRECTION('',(0.E0,1.E0,0.E0));
#11629=VECTOR('',#11628,1.75E-1);
#11630=CARTESIAN_POINT('',(9.74E-1,0.E0,6.25E-1));
#11631=LINE('',#11630,#11629);
#11632=CURVE_STYLE('',#36,POSITIVE_LENGTH_MEASURE(2.E-2),#3);
#11633=PRESENTATION_STYLE_ASSIGNMENT((#11632));
#11634=STYLED_ITEM('',(#11633),#11631);
#11635=DIRECTION('',(1.E0,0.E0,0.E0));
#11636=VECTOR('',#11635,2.76E-1);
#11637=CARTESIAN_POINT('',(9.74E-1,1.75E-1,3.75E-1));
#11638=LINE('',#11637,#11636);
#11639=CURVE_STYLE('',#36,POSITIVE_LENGTH_MEASURE(2.E-2),#3);
#11640=PRESENTATION_STYLE_ASSIGNMENT((#11639));
#11641=STYLED_ITEM('',(#11640),#11638);
#11642=CARTESIAN_POINT('',(9.74E-1,1.75E-1,4.99E-1));
#11643=DIRECTION('',(0.E0,-1.E0,0.E0));
#11644=DIRECTION('',(-1.E0,0.E0,0.E0));
#11645=AXIS2_PLACEMENT_3D('',#11642,#11643,#11644);
#11647=CURVE_STYLE('',#36,POSITIVE_LENGTH_MEASURE(2.E-2),#3);
#11648=PRESENTATION_STYLE_ASSIGNMENT((#11647));
#11649=STYLED_ITEM('',(#11648),#11646);
#11650=DIRECTION('',(0.E0,0.E0,-1.E0));
#11651=VECTOR('',#11650,2.E-3);
#11652=CARTESIAN_POINT('',(8.5E-1,1.75E-1,5.01E-1));
#11653=LINE('',#11652,#11651);
#11654=CURVE_STYLE('',#36,POSITIVE_LENGTH_MEASURE(2.E-2),#3);
#11655=PRESENTATION_STYLE_ASSIGNMENT((#11654));
#11656=STYLED_ITEM('',(#11655),#11653);
#11657=CARTESIAN_POINT('',(9.74E-1,1.75E-1,5.01E-1));
#11658=DIRECTION('',(0.E0,-1.E0,0.E0));
#11659=DIRECTION('',(0.E0,0.E0,1.E0));
#11660=AXIS2_PLACEMENT_3D('',#11657,#11658,#11659);
#11662=CURVE_STYLE('',#36,POSITIVE_LENGTH_MEASURE(2.E-2),#3);
#11663=PRESENTATION_STYLE_ASSIGNMENT((#11662));
#11664=STYLED_ITEM('',(#11663),#11661);
#11665=DIRECTION('',(-1.E0,0.E0,0.E0));
#11666=VECTOR('',#11665,2.76E-1);
#11667=CARTESIAN_POINT('',(1.25E0,1.75E-1,6.25E-1));
#11668=LINE('',#11667,#11666);
#11669=CURVE_STYLE('',#36,POSITIVE_LENGTH_MEASURE(2.E-2),#3);
#11670=PRESENTATION_STYLE_ASSIGNMENT((#11669));
#11671=STYLED_ITEM('',(#11670),#11668);
#11672=DIRECTION('',(0.E0,1.E0,0.E0));
#11673=VECTOR('',#11672,1.75E-1);
#11674=CARTESIAN_POINT('',(9.74E-1,0.E0,8.75E-1));
#11675=LINE('',#11674,#11673);
#11676=CURVE_STYLE('',#36,POSITIVE_LENGTH_MEASURE(2.E-2),#3);
#11677=PRESENTATION_STYLE_ASSIGNMENT((#11676));
#11678=STYLED_ITEM('',(#11677),#11675);
#11679=DIRECTION('',(0.E0,1.E0,0.E0));
#11680=VECTOR('',#11679,1.75E-1);
#11681=CARTESIAN_POINT('',(8.5E-1,0.E0,9.99E-1));
#11682=LINE('',#11681,#11680);
#11683=CURVE_STYLE('',#36,POSITIVE_LENGTH_MEASURE(2.E-2),#3);
#11684=PRESENTATION_STYLE_ASSIGNMENT((#11683));
#11685=STYLED_ITEM('',(#11684),#11682);
#11686=DIRECTION('',(0.E0,1.E0,0.E0));
#11687=VECTOR('',#11686,1.75E-1);
#11688=CARTESIAN_POINT('',(8.5E-1,0.E0,1.001E0));
#11689=LINE('',#11688,#11687);
#11690=CURVE_STYLE('',#36,POSITIVE_LENGTH_MEASURE(2.E-2),#3);
#11691=PRESENTATION_STYLE_ASSIGNMENT((#11690));
#11692=STYLED_ITEM('',(#11691),#11689);
#11693=DIRECTION('',(0.E0,1.E0,0.E0));
#11694=VECTOR('',#11693,1.75E-1);
#11695=CARTESIAN_POINT('',(9.74E-1,0.E0,1.125E0));
#11696=LINE('',#11695,#11694);
#11697=CURVE_STYLE('',#36,POSITIVE_LENGTH_MEASURE(2.E-2),#3);
#11698=PRESENTATION_STYLE_ASSIGNMENT((#11697));
#11699=STYLED_ITEM('',(#11698),#11696);
#11700=DIRECTION('',(1.E0,0.E0,0.E0));
#11701=VECTOR('',#11700,2.76E-1);
#11702=CARTESIAN_POINT('',(9.74E-1,1.75E-1,8.75E-1));
#11703=LINE('',#11702,#11701);
#11704=CURVE_STYLE('',#36,POSITIVE_LENGTH_MEASURE(2.E-2),#3);
#11705=PRESENTATION_STYLE_ASSIGNMENT((#11704));
#11706=STYLED_ITEM('',(#11705),#11703);
#11707=CARTESIAN_POINT('',(9.74E-1,1.75E-1,9.99E-1));
#11708=DIRECTION('',(0.E0,-1.E0,0.E0));
#11709=DIRECTION('',(-1.E0,0.E0,0.E0));
#11710=AXIS2_PLACEMENT_3D('',#11707,#11708,#11709);
#11712=CURVE_STYLE('',#36,POSITIVE_LENGTH_MEASURE(2.E-2),#3);
#11713=PRESENTATION_STYLE_ASSIGNMENT((#11712));
#11714=STYLED_ITEM('',(#11713),#11711);
#11715=DIRECTION('',(0.E0,0.E0,-1.E0));
#11716=VECTOR('',#11715,2.E-3);
#11717=CARTESIAN_POINT('',(8.5E-1,1.75E-1,1.001E0));
#11718=LINE('',#11717,#11716);
#11719=CURVE_STYLE('',#36,POSITIVE_LENGTH_MEASURE(2.E-2),#3);
#11720=PRESENTATION_STYLE_ASSIGNMENT((#11719));
#11721=STYLED_ITEM('',(#11720),#11718);
#11722=CARTESIAN_POINT('',(9.74E-1,1.75E-1,1.001E0));
#11723=DIRECTION('',(0.E0,-1.E0,0.E0));
#11724=DIRECTION('',(0.E0,0.E0,1.E0));
#11725=AXIS2_PLACEMENT_3D('',#11722,#11723,#11724);
#11727=CURVE_STYLE('',#36,POSITIVE_LENGTH_MEASURE(2.E-2),#3);
#11728=PRESENTATION_STYLE_ASSIGNMENT((#11727));
#11729=STYLED_ITEM('',(#11728),#11726);
#11730=DIRECTION('',(-1.E0,0.E0,0.E0));
#11731=VECTOR('',#11730,2.76E-1);
#11732=CARTESIAN_POINT('',(1.25E0,1.75E-1,1.125E0));
#11733=LINE('',#11732,#11731);
#11734=CURVE_STYLE('',#36,POSITIVE_LENGTH_MEASURE(2.E-2),#3);
#11735=PRESENTATION_STYLE_ASSIGNMENT((#11734));
#11736=STYLED_ITEM('',(#11735),#11733);
#11737=DIRECTION('',(0.E0,1.E0,0.E0));
#11738=VECTOR('',#11737,1.75E-1);
#11739=CARTESIAN_POINT('',(-3.75E-1,0.E0,1.5E0));
#11740=LINE('',#11739,#11738);
#11741=CURVE_STYLE('',#36,POSITIVE_LENGTH_MEASURE(2.E-2),#3);
#11742=PRESENTATION_STYLE_ASSIGNMENT((#11741));
#11743=STYLED_ITEM('',(#11742),#11740);
#11744=DIRECTION('',(0.E0,1.E0,0.E0));
#11745=VECTOR('',#11744,7.75E-1);
#11746=CARTESIAN_POINT('',(-1.25E0,0.E0,1.5E0));
#11747=LINE('',#11746,#11745);
#11748=CURVE_STYLE('',#36,POSITIVE_LENGTH_MEASURE(2.E-2),#3);
#11749=PRESENTATION_STYLE_ASSIGNMENT((#11748));
#11750=STYLED_ITEM('',(#11749),#11747);
#11751=DIRECTION('',(0.E0,1.E0,0.E0));
#11752=VECTOR('',#11751,1.75E-1);
#11753=CARTESIAN_POINT('',(3.75E-1,0.E0,1.5E0));
#11754=LINE('',#11753,#11752);
#11755=CURVE_STYLE('',#36,POSITIVE_LENGTH_MEASURE(2.E-2),#3);
#11756=PRESENTATION_STYLE_ASSIGNMENT((#11755));
#11757=STYLED_ITEM('',(#11756),#11754);
#11758=DIRECTION('',(1.E0,0.E0,0.E0));
#11759=VECTOR('',#11758,2.5E-1);
#11760=CARTESIAN_POINT('',(1.25E-1,1.75E-1,1.5E0));
#11761=LINE('',#11760,#11759);
#11762=CURVE_STYLE('',#36,POSITIVE_LENGTH_MEASURE(2.E-2),#3);
#11763=PRESENTATION_STYLE_ASSIGNMENT((#11762));
#11764=STYLED_ITEM('',(#11763),#11761);
#11765=DIRECTION('',(0.E0,1.E0,0.E0));
#11766=VECTOR('',#11765,1.75E-1);
#11767=CARTESIAN_POINT('',(1.25E-1,0.E0,1.5E0));
#11768=LINE('',#11767,#11766);
#11769=CURVE_STYLE('',#36,POSITIVE_LENGTH_MEASURE(2.E-2),#3);
#11770=PRESENTATION_STYLE_ASSIGNMENT((#11769));
#11771=STYLED_ITEM('',(#11770),#11768);
#11772=DIRECTION('',(0.E0,1.E0,0.E0));
#11773=VECTOR('',#11772,1.75E-1);
#11774=CARTESIAN_POINT('',(-1.25E-1,0.E0,1.5E0));
#11775=LINE('',#11774,#11773);
#11776=CURVE_STYLE('',#36,POSITIVE_LENGTH_MEASURE(2.E-2),#3);
#11777=PRESENTATION_STYLE_ASSIGNMENT((#11776));
#11778=STYLED_ITEM('',(#11777),#11775);
#11779=DIRECTION('',(1.E0,0.E0,0.E0));
#11780=VECTOR('',#11779,2.5E-1);
#11781=CARTESIAN_POINT('',(-3.75E-1,1.75E-1,1.5E0));
#11782=LINE('',#11781,#11780);
#11783=CURVE_STYLE('',#36,POSITIVE_LENGTH_MEASURE(2.E-2),#3);
#11784=PRESENTATION_STYLE_ASSIGNMENT((#11783));
#11785=STYLED_ITEM('',(#11784),#11782);
#11786=DIRECTION('',(1.E0,0.E0,0.E0));
#11787=VECTOR('',#11786,1.5E-1);
#11788=CARTESIAN_POINT('',(-1.05E0,7.5E-2,1.5E0));
#11789=LINE('',#11788,#11787);
#11790=CURVE_STYLE('',#36,POSITIVE_LENGTH_MEASURE(2.E-2),#3);
#11791=PRESENTATION_STYLE_ASSIGNMENT((#11790));
#11792=STYLED_ITEM('',(#11791),#11789);
#11793=DIRECTION('',(0.E0,1.E0,0.E0));
#11794=VECTOR('',#11793,1.E-1);
#11795=CARTESIAN_POINT('',(-9.E-1,7.5E-2,1.5E0));
#11796=LINE('',#11795,#11794);
#11797=CURVE_STYLE('',#36,POSITIVE_LENGTH_MEASURE(2.E-2),#3);
#11798=PRESENTATION_STYLE_ASSIGNMENT((#11797));
#11799=STYLED_ITEM('',(#11798),#11796);
#11800=DIRECTION('',(1.E0,0.E0,0.E0));
#11801=VECTOR('',#11800,1.5E-1);
#11802=CARTESIAN_POINT('',(-1.05E0,1.75E-1,1.5E0));
#11803=LINE('',#11802,#11801);
#11804=CURVE_STYLE('',#36,POSITIVE_LENGTH_MEASURE(2.E-2),#3);
#11805=PRESENTATION_STYLE_ASSIGNMENT((#11804));
#11806=STYLED_ITEM('',(#11805),#11803);
#11807=DIRECTION('',(0.E0,1.E0,0.E0));
#11808=VECTOR('',#11807,1.E-1);
#11809=CARTESIAN_POINT('',(-1.05E0,7.5E-2,1.5E0));
#11810=LINE('',#11809,#11808);
#11811=CURVE_STYLE('',#36,POSITIVE_LENGTH_MEASURE(2.E-2),#3);
#11812=PRESENTATION_STYLE_ASSIGNMENT((#11811));
#11813=STYLED_ITEM('',(#11812),#11810);
#11814=DIRECTION('',(1.E0,0.E0,0.E0));
#11815=VECTOR('',#11814,1.45E-1);
#11816=CARTESIAN_POINT('',(-7.E-1,7.5E-2,1.5E0));
#11817=LINE('',#11816,#11815);
#11818=CURVE_STYLE('',#36,POSITIVE_LENGTH_MEASURE(2.E-2),#3);
#11819=PRESENTATION_STYLE_ASSIGNMENT((#11818));
#11820=STYLED_ITEM('',(#11819),#11817);
#11821=DIRECTION('',(0.E0,1.E0,0.E0));
#11822=VECTOR('',#11821,1.E-1);
#11823=CARTESIAN_POINT('',(-5.55E-1,7.5E-2,1.5E0));
#11824=LINE('',#11823,#11822);
#11825=CURVE_STYLE('',#36,POSITIVE_LENGTH_MEASURE(2.E-2),#3);
#11826=PRESENTATION_STYLE_ASSIGNMENT((#11825));
#11827=STYLED_ITEM('',(#11826),#11824);
#11828=DIRECTION('',(1.E0,0.E0,0.E0));
#11829=VECTOR('',#11828,1.45E-1);
#11830=CARTESIAN_POINT('',(-7.E-1,1.75E-1,1.5E0));
#11831=LINE('',#11830,#11829);
#11832=CURVE_STYLE('',#36,POSITIVE_LENGTH_MEASURE(2.E-2),#3);
#11833=PRESENTATION_STYLE_ASSIGNMENT((#11832));
#11834=STYLED_ITEM('',(#11833),#11831);
#11835=DIRECTION('',(0.E0,1.E0,0.E0));
#11836=VECTOR('',#11835,1.E-1);
#11837=CARTESIAN_POINT('',(-7.E-1,7.5E-2,1.5E0));
#11838=LINE('',#11837,#11836);
#11839=CURVE_STYLE('',#36,POSITIVE_LENGTH_MEASURE(2.E-2),#3);
#11840=PRESENTATION_STYLE_ASSIGNMENT((#11839));
#11841=STYLED_ITEM('',(#11840),#11838);
#11842=DIRECTION('',(1.E0,0.E0,0.E0));
#11843=VECTOR('',#11842,1.45E-1);
#11844=CARTESIAN_POINT('',(5.55E-1,7.5E-2,1.5E0));
#11845=LINE('',#11844,#11843);
#11846=CURVE_STYLE('',#36,POSITIVE_LENGTH_MEASURE(2.E-2),#3);
#11847=PRESENTATION_STYLE_ASSIGNMENT((#11846));
#11848=STYLED_ITEM('',(#11847),#11845);
#11849=DIRECTION('',(0.E0,1.E0,0.E0));
#11850=VECTOR('',#11849,1.E-1);
#11851=CARTESIAN_POINT('',(7.E-1,7.5E-2,1.5E0));
#11852=LINE('',#11851,#11850);
#11853=CURVE_STYLE('',#36,POSITIVE_LENGTH_MEASURE(2.E-2),#3);
#11854=PRESENTATION_STYLE_ASSIGNMENT((#11853));
#11855=STYLED_ITEM('',(#11854),#11852);
#11856=DIRECTION('',(1.E0,0.E0,0.E0));
#11857=VECTOR('',#11856,1.45E-1);
#11858=CARTESIAN_POINT('',(5.55E-1,1.75E-1,1.5E0));
#11859=LINE('',#11858,#11857);
#11860=CURVE_STYLE('',#36,POSITIVE_LENGTH_MEASURE(2.E-2),#3);
#11861=PRESENTATION_STYLE_ASSIGNMENT((#11860));
#11862=STYLED_ITEM('',(#11861),#11859);
#11863=DIRECTION('',(0.E0,1.E0,0.E0));
#11864=VECTOR('',#11863,1.E-1);
#11865=CARTESIAN_POINT('',(5.55E-1,7.5E-2,1.5E0));
#11866=LINE('',#11865,#11864);
#11867=CURVE_STYLE('',#36,POSITIVE_LENGTH_MEASURE(2.E-2),#3);
#11868=PRESENTATION_STYLE_ASSIGNMENT((#11867));
#11869=STYLED_ITEM('',(#11868),#11866);
#11870=DIRECTION('',(1.E0,0.E0,0.E0));
#11871=VECTOR('',#11870,1.5E-1);
#11872=CARTESIAN_POINT('',(9.E-1,7.5E-2,1.5E0));
#11873=LINE('',#11872,#11871);
#11874=CURVE_STYLE('',#36,POSITIVE_LENGTH_MEASURE(2.E-2),#3);
#11875=PRESENTATION_STYLE_ASSIGNMENT((#11874));
#11876=STYLED_ITEM('',(#11875),#11873);
#11877=DIRECTION('',(0.E0,1.E0,0.E0));
#11878=VECTOR('',#11877,1.E-1);
#11879=CARTESIAN_POINT('',(1.05E0,7.5E-2,1.5E0));
#11880=LINE('',#11879,#11878);
#11881=CURVE_STYLE('',#36,POSITIVE_LENGTH_MEASURE(2.E-2),#3);
#11882=PRESENTATION_STYLE_ASSIGNMENT((#11881));
#11883=STYLED_ITEM('',(#11882),#11880);
#11884=DIRECTION('',(1.E0,0.E0,0.E0));
#11885=VECTOR('',#11884,1.5E-1);
#11886=CARTESIAN_POINT('',(9.E-1,1.75E-1,1.5E0));
#11887=LINE('',#11886,#11885);
#11888=CURVE_STYLE('',#36,POSITIVE_LENGTH_MEASURE(2.E-2),#3);
#11889=PRESENTATION_STYLE_ASSIGNMENT((#11888));
#11890=STYLED_ITEM('',(#11889),#11887);
#11891=DIRECTION('',(0.E0,1.E0,0.E0));
#11892=VECTOR('',#11891,1.E-1);
#11893=CARTESIAN_POINT('',(9.E-1,7.5E-2,1.5E0));
#11894=LINE('',#11893,#11892);
#11895=CURVE_STYLE('',#36,POSITIVE_LENGTH_MEASURE(2.E-2),#3);
#11896=PRESENTATION_STYLE_ASSIGNMENT((#11895));
#11897=STYLED_ITEM('',(#11896),#11894);
#11898=DIRECTION('',(0.E0,0.E0,1.E0));
#11899=VECTOR('',#11898,2.76E-1);
#11900=CARTESIAN_POINT('',(-1.25E-1,1.75E-1,1.224E0));
#11901=LINE('',#11900,#11899);
#11902=CURVE_STYLE('',#36,POSITIVE_LENGTH_MEASURE(2.E-2),#3);
#11903=PRESENTATION_STYLE_ASSIGNMENT((#11902));
#11904=STYLED_ITEM('',(#11903),#11901);
#11905=CARTESIAN_POINT('',(-2.49E-1,1.75E-1,1.224E0));
#11906=DIRECTION('',(0.E0,-1.E0,0.E0));
#11907=DIRECTION('',(0.E0,0.E0,-1.E0));
#11908=AXIS2_PLACEMENT_3D('',#11905,#11906,#11907);
#11910=CURVE_STYLE('',#36,POSITIVE_LENGTH_MEASURE(2.E-2),#3);
#11911=PRESENTATION_STYLE_ASSIGNMENT((#11910));
#11912=STYLED_ITEM('',(#11911),#11909);
#11913=DIRECTION('',(1.E0,0.E0,0.E0));
#11914=VECTOR('',#11913,2.E-3);
#11915=CARTESIAN_POINT('',(-2.51E-1,1.75E-1,1.1E0));
#11916=LINE('',#11915,#11914);
#11917=CURVE_STYLE('',#36,POSITIVE_LENGTH_MEASURE(2.E-2),#3);
#11918=PRESENTATION_STYLE_ASSIGNMENT((#11917));
#11919=STYLED_ITEM('',(#11918),#11916);
#11920=CARTESIAN_POINT('',(-2.51E-1,1.75E-1,1.224E0));
#11921=DIRECTION('',(0.E0,-1.E0,0.E0));
#11922=DIRECTION('',(-1.E0,0.E0,0.E0));
#11923=AXIS2_PLACEMENT_3D('',#11920,#11921,#11922);
#11925=CURVE_STYLE('',#36,POSITIVE_LENGTH_MEASURE(2.E-2),#3);
#11926=PRESENTATION_STYLE_ASSIGNMENT((#11925));
#11927=STYLED_ITEM('',(#11926),#11924);
#11928=DIRECTION('',(0.E0,0.E0,-1.E0));
#11929=VECTOR('',#11928,2.76E-1);
#11930=CARTESIAN_POINT('',(-3.75E-1,1.75E-1,1.5E0));
#11931=LINE('',#11930,#11929);
#11932=CURVE_STYLE('',#36,POSITIVE_LENGTH_MEASURE(2.E-2),#3);
#11933=PRESENTATION_STYLE_ASSIGNMENT((#11932));
#11934=STYLED_ITEM('',(#11933),#11931);
#11935=DIRECTION('',(0.E0,1.E0,0.E0));
#11936=VECTOR('',#11935,1.75E-1);
#11937=CARTESIAN_POINT('',(-1.25E-1,0.E0,1.224E0));
#11938=LINE('',#11937,#11936);
#11939=CURVE_STYLE('',#36,POSITIVE_LENGTH_MEASURE(2.E-2),#3);
#11940=PRESENTATION_STYLE_ASSIGNMENT((#11939));
#11941=STYLED_ITEM('',(#11940),#11938);
#11942=DIRECTION('',(0.E0,1.E0,0.E0));
#11943=VECTOR('',#11942,1.75E-1);
#11944=CARTESIAN_POINT('',(-2.49E-1,0.E0,1.1E0));
#11945=LINE('',#11944,#11943);
#11946=CURVE_STYLE('',#36,POSITIVE_LENGTH_MEASURE(2.E-2),#3);
#11947=PRESENTATION_STYLE_ASSIGNMENT((#11946));
#11948=STYLED_ITEM('',(#11947),#11945);
#11949=DIRECTION('',(0.E0,1.E0,0.E0));
#11950=VECTOR('',#11949,1.75E-1);
#11951=CARTESIAN_POINT('',(-2.51E-1,0.E0,1.1E0));
#11952=LINE('',#11951,#11950);
#11953=CURVE_STYLE('',#36,POSITIVE_LENGTH_MEASURE(2.E-2),#3);
#11954=PRESENTATION_STYLE_ASSIGNMENT((#11953));
#11955=STYLED_ITEM('',(#11954),#11952);
#11956=DIRECTION('',(0.E0,1.E0,0.E0));
#11957=VECTOR('',#11956,1.75E-1);
#11958=CARTESIAN_POINT('',(-3.75E-1,0.E0,1.224E0));
#11959=LINE('',#11958,#11957);
#11960=CURVE_STYLE('',#36,POSITIVE_LENGTH_MEASURE(2.E-2),#3);
#11961=PRESENTATION_STYLE_ASSIGNMENT((#11960));
#11962=STYLED_ITEM('',(#11961),#11959);
#11963=DIRECTION('',(0.E0,0.E0,1.E0));
#11964=VECTOR('',#11963,3.E0);
#11965=CARTESIAN_POINT('',(-1.25E0,7.75E-1,-1.5E0));
#11966=LINE('',#11965,#11964);
#11967=CURVE_STYLE('',#36,POSITIVE_LENGTH_MEASURE(2.E-2),#3);
#11968=PRESENTATION_STYLE_ASSIGNMENT((#11967));
#11969=STYLED_ITEM('',(#11968),#11966);
#11970=DIRECTION('',(-1.E0,0.E0,0.E0));
#11971=VECTOR('',#11970,2.5E0);
#11972=CARTESIAN_POINT('',(1.25E0,7.75E-1,-1.5E0));
#11973=LINE('',#11972,#11971);
#11974=CURVE_STYLE('',#36,POSITIVE_LENGTH_MEASURE(2.E-2),#3);
#11975=PRESENTATION_STYLE_ASSIGNMENT((#11974));
#11976=STYLED_ITEM('',(#11975),#11973);
#11977=DIRECTION('',(0.E0,0.E0,-1.E0));
#11978=VECTOR('',#11977,3.E0);
#11979=CARTESIAN_POINT('',(1.25E0,7.75E-1,1.5E0));
#11980=LINE('',#11979,#11978);
#11981=CURVE_STYLE('',#36,POSITIVE_LENGTH_MEASURE(2.E-2),#3);
#11982=PRESENTATION_STYLE_ASSIGNMENT((#11981));
#11983=STYLED_ITEM('',(#11982),#11980);
#11984=DIRECTION('',(1.E0,0.E0,0.E0));
#11985=VECTOR('',#11984,2.5E0);
#11986=CARTESIAN_POINT('',(-1.25E0,7.75E-1,1.5E0));
#11987=LINE('',#11986,#11985);
#11988=CURVE_STYLE('',#36,POSITIVE_LENGTH_MEASURE(2.E-2),#3);
#11989=PRESENTATION_STYLE_ASSIGNMENT((#11988));
#11990=STYLED_ITEM('',(#11989),#11987);
#11991=DIRECTION('',(0.E0,1.E0,0.E0));
#11992=VECTOR('',#11991,1.75E-1);
#11993=CARTESIAN_POINT('',(3.75E-1,0.E0,1.224E0));
#11994=LINE('',#11993,#11992);
#11995=CURVE_STYLE('',#36,POSITIVE_LENGTH_MEASURE(2.E-2),#3);
#11996=PRESENTATION_STYLE_ASSIGNMENT((#11995));
#11997=STYLED_ITEM('',(#11996),#11994);
#11998=DIRECTION('',(0.E0,1.E0,0.E0));
#11999=VECTOR('',#11998,1.75E-1);
#12000=CARTESIAN_POINT('',(2.51E-1,0.E0,1.1E0));
#12001=LINE('',#12000,#11999);
#12002=CURVE_STYLE('',#36,POSITIVE_LENGTH_MEASURE(2.E-2),#3);
#12003=PRESENTATION_STYLE_ASSIGNMENT((#12002));
#12004=STYLED_ITEM('',(#12003),#12001);
#12005=DIRECTION('',(0.E0,1.E0,0.E0));
#12006=VECTOR('',#12005,1.75E-1);
#12007=CARTESIAN_POINT('',(2.49E-1,0.E0,1.1E0));
#12008=LINE('',#12007,#12006);
#12009=CURVE_STYLE('',#36,POSITIVE_LENGTH_MEASURE(2.E-2),#3);
#12010=PRESENTATION_STYLE_ASSIGNMENT((#12009));
#12011=STYLED_ITEM('',(#12010),#12008);
#12012=DIRECTION('',(0.E0,1.E0,0.E0));
#12013=VECTOR('',#12012,1.75E-1);
#12014=CARTESIAN_POINT('',(1.25E-1,0.E0,1.224E0));
#12015=LINE('',#12014,#12013);
#12016=CURVE_STYLE('',#36,POSITIVE_LENGTH_MEASURE(2.E-2),#3);
#12017=PRESENTATION_STYLE_ASSIGNMENT((#12016));
#12018=STYLED_ITEM('',(#12017),#12015);
#12019=DIRECTION('',(0.E0,0.E0,1.E0));
#12020=VECTOR('',#12019,2.76E-1);
#12021=CARTESIAN_POINT('',(3.75E-1,1.75E-1,1.224E0));
#12022=LINE('',#12021,#12020);
#12023=CURVE_STYLE('',#36,POSITIVE_LENGTH_MEASURE(2.E-2),#3);
#12024=PRESENTATION_STYLE_ASSIGNMENT((#12023));
#12025=STYLED_ITEM('',(#12024),#12022);
#12026=CARTESIAN_POINT('',(2.51E-1,1.75E-1,1.224E0));
#12027=DIRECTION('',(0.E0,-1.E0,0.E0));
#12028=DIRECTION('',(0.E0,0.E0,-1.E0));
#12029=AXIS2_PLACEMENT_3D('',#12026,#12027,#12028);
#12031=CURVE_STYLE('',#36,POSITIVE_LENGTH_MEASURE(2.E-2),#3);
#12032=PRESENTATION_STYLE_ASSIGNMENT((#12031));
#12033=STYLED_ITEM('',(#12032),#12030);
#12034=DIRECTION('',(1.E0,0.E0,0.E0));
#12035=VECTOR('',#12034,2.E-3);
#12036=CARTESIAN_POINT('',(2.49E-1,1.75E-1,1.1E0));
#12037=LINE('',#12036,#12035);
#12038=CURVE_STYLE('',#36,POSITIVE_LENGTH_MEASURE(2.E-2),#3);
#12039=PRESENTATION_STYLE_ASSIGNMENT((#12038));
#12040=STYLED_ITEM('',(#12039),#12037);
#12041=CARTESIAN_POINT('',(2.49E-1,1.75E-1,1.224E0));
#12042=DIRECTION('',(0.E0,-1.E0,0.E0));
#12043=DIRECTION('',(-1.E0,0.E0,0.E0));
#12044=AXIS2_PLACEMENT_3D('',#12041,#12042,#12043);
#12046=CURVE_STYLE('',#36,POSITIVE_LENGTH_MEASURE(2.E-2),#3);
#12047=PRESENTATION_STYLE_ASSIGNMENT((#12046));
#12048=STYLED_ITEM('',(#12047),#12045);
#12049=DIRECTION('',(0.E0,0.E0,-1.E0));
#12050=VECTOR('',#12049,2.76E-1);
#12051=CARTESIAN_POINT('',(1.25E-1,1.75E-1,1.5E0));
#12052=LINE('',#12051,#12050);
#12053=CURVE_STYLE('',#36,POSITIVE_LENGTH_MEASURE(2.E-2),#3);
#12054=PRESENTATION_STYLE_ASSIGNMENT((#12053));
#12055=STYLED_ITEM('',(#12054),#12052);
#12056=DIRECTION('',(0.E0,0.E0,1.E0));
#12057=VECTOR('',#12056,1.E-1);
#12058=CARTESIAN_POINT('',(-1.05E0,7.5E-2,1.4E0));
#12059=LINE('',#12058,#12057);
#12060=CURVE_STYLE('',#36,POSITIVE_LENGTH_MEASURE(2.E-2),#3);
#12061=PRESENTATION_STYLE_ASSIGNMENT((#12060));
#12062=STYLED_ITEM('',(#12061),#12059);
#12063=DIRECTION('',(-1.E0,0.E0,0.E0));
#12064=VECTOR('',#12063,1.5E-1);
#12065=CARTESIAN_POINT('',(-9.E-1,7.5E-2,1.4E0));
#12066=LINE('',#12065,#12064);
#12067=CURVE_STYLE('',#36,POSITIVE_LENGTH_MEASURE(2.E-2),#3);
#12068=PRESENTATION_STYLE_ASSIGNMENT((#12067));
#12069=STYLED_ITEM('',(#12068),#12066);
#12070=DIRECTION('',(0.E0,0.E0,-1.E0));
#12071=VECTOR('',#12070,1.E-1);
#12072=CARTESIAN_POINT('',(-9.E-1,7.5E-2,1.5E0));
#12073=LINE('',#12072,#12071);
#12074=CURVE_STYLE('',#36,POSITIVE_LENGTH_MEASURE(2.E-2),#3);
#12075=PRESENTATION_STYLE_ASSIGNMENT((#12074));
#12076=STYLED_ITEM('',(#12075),#12073);
#12077=DIRECTION('',(0.E0,0.E0,1.E0));
#12078=VECTOR('',#12077,1.E-1);
#12079=CARTESIAN_POINT('',(-7.E-1,7.5E-2,1.4E0));
#12080=LINE('',#12079,#12078);
#12081=CURVE_STYLE('',#36,POSITIVE_LENGTH_MEASURE(2.E-2),#3);
#12082=PRESENTATION_STYLE_ASSIGNMENT((#12081));
#12083=STYLED_ITEM('',(#12082),#12080);
#12084=DIRECTION('',(-1.E0,0.E0,0.E0));
#12085=VECTOR('',#12084,1.45E-1);
#12086=CARTESIAN_POINT('',(-5.55E-1,7.5E-2,1.4E0));
#12087=LINE('',#12086,#12085);
#12088=CURVE_STYLE('',#36,POSITIVE_LENGTH_MEASURE(2.E-2),#3);
#12089=PRESENTATION_STYLE_ASSIGNMENT((#12088));
#12090=STYLED_ITEM('',(#12089),#12087);
#12091=DIRECTION('',(0.E0,0.E0,-1.E0));
#12092=VECTOR('',#12091,1.E-1);
#12093=CARTESIAN_POINT('',(-5.55E-1,7.5E-2,1.5E0));
#12094=LINE('',#12093,#12092);
#12095=CURVE_STYLE('',#36,POSITIVE_LENGTH_MEASURE(2.E-2),#3);
#12096=PRESENTATION_STYLE_ASSIGNMENT((#12095));
#12097=STYLED_ITEM('',(#12096),#12094);
#12098=DIRECTION('',(0.E0,0.E0,-1.E0));
#12099=VECTOR('',#12098,1.E-1);
#12100=CARTESIAN_POINT('',(-9.E-1,7.5E-2,-1.4E0));
#12101=LINE('',#12100,#12099);
#12102=CURVE_STYLE('',#36,POSITIVE_LENGTH_MEASURE(2.E-2),#3);
#12103=PRESENTATION_STYLE_ASSIGNMENT((#12102));
#12104=STYLED_ITEM('',(#12103),#12101);
#12105=DIRECTION('',(1.E0,0.E0,0.E0));
#12106=VECTOR('',#12105,1.5E-1);
#12107=CARTESIAN_POINT('',(-1.05E0,7.5E-2,-1.4E0));
#12108=LINE('',#12107,#12106);
#12109=CURVE_STYLE('',#36,POSITIVE_LENGTH_MEASURE(2.E-2),#3);
#12110=PRESENTATION_STYLE_ASSIGNMENT((#12109));
#12111=STYLED_ITEM('',(#12110),#12108);
#12112=DIRECTION('',(0.E0,0.E0,1.E0));
#12113=VECTOR('',#12112,1.E-1);
#12114=CARTESIAN_POINT('',(-1.05E0,7.5E-2,-1.5E0));
#12115=LINE('',#12114,#12113);
#12116=CURVE_STYLE('',#36,POSITIVE_LENGTH_MEASURE(2.E-2),#3);
#12117=PRESENTATION_STYLE_ASSIGNMENT((#12116));
#12118=STYLED_ITEM('',(#12117),#12115);
#12119=DIRECTION('',(0.E0,0.E0,-1.E0));
#12120=VECTOR('',#12119,1.E-1);
#12121=CARTESIAN_POINT('',(-5.55E-1,7.5E-2,-1.4E0));
#12122=LINE('',#12121,#12120);
#12123=CURVE_STYLE('',#36,POSITIVE_LENGTH_MEASURE(2.E-2),#3);
#12124=PRESENTATION_STYLE_ASSIGNMENT((#12123));
#12125=STYLED_ITEM('',(#12124),#12122);
#12126=DIRECTION('',(1.E0,0.E0,0.E0));
#12127=VECTOR('',#12126,1.45E-1);
#12128=CARTESIAN_POINT('',(-7.E-1,7.5E-2,-1.4E0));
#12129=LINE('',#12128,#12127);
#12130=CURVE_STYLE('',#36,POSITIVE_LENGTH_MEASURE(2.E-2),#3);
#12131=PRESENTATION_STYLE_ASSIGNMENT((#12130));
#12132=STYLED_ITEM('',(#12131),#12129);
#12133=DIRECTION('',(0.E0,0.E0,1.E0));
#12134=VECTOR('',#12133,1.E-1);
#12135=CARTESIAN_POINT('',(-7.E-1,7.5E-2,-1.5E0));
#12136=LINE('',#12135,#12134);
#12137=CURVE_STYLE('',#36,POSITIVE_LENGTH_MEASURE(2.E-2),#3);
#12138=PRESENTATION_STYLE_ASSIGNMENT((#12137));
#12139=STYLED_ITEM('',(#12138),#12136);
#12140=DIRECTION('',(0.E0,0.E0,1.E0));
#12141=VECTOR('',#12140,1.E-1);
#12142=CARTESIAN_POINT('',(5.55E-1,7.5E-2,1.4E0));
#12143=LINE('',#12142,#12141);
#12144=CURVE_STYLE('',#36,POSITIVE_LENGTH_MEASURE(2.E-2),#3);
#12145=PRESENTATION_STYLE_ASSIGNMENT((#12144));
#12146=STYLED_ITEM('',(#12145),#12143);
#12147=DIRECTION('',(-1.E0,0.E0,0.E0));
#12148=VECTOR('',#12147,1.45E-1);
#12149=CARTESIAN_POINT('',(7.E-1,7.5E-2,1.4E0));
#12150=LINE('',#12149,#12148);
#12151=CURVE_STYLE('',#36,POSITIVE_LENGTH_MEASURE(2.E-2),#3);
#12152=PRESENTATION_STYLE_ASSIGNMENT((#12151));
#12153=STYLED_ITEM('',(#12152),#12150);
#12154=DIRECTION('',(0.E0,0.E0,-1.E0));
#12155=VECTOR('',#12154,1.E-1);
#12156=CARTESIAN_POINT('',(7.E-1,7.5E-2,1.5E0));
#12157=LINE('',#12156,#12155);
#12158=CURVE_STYLE('',#36,POSITIVE_LENGTH_MEASURE(2.E-2),#3);
#12159=PRESENTATION_STYLE_ASSIGNMENT((#12158));
#12160=STYLED_ITEM('',(#12159),#12157);
#12161=DIRECTION('',(0.E0,0.E0,1.E0));
#12162=VECTOR('',#12161,1.E-1);
#12163=CARTESIAN_POINT('',(9.E-1,7.5E-2,1.4E0));
#12164=LINE('',#12163,#12162);
#12165=CURVE_STYLE('',#36,POSITIVE_LENGTH_MEASURE(2.E-2),#3);
#12166=PRESENTATION_STYLE_ASSIGNMENT((#12165));
#12167=STYLED_ITEM('',(#12166),#12164);
#12168=DIRECTION('',(-1.E0,0.E0,0.E0));
#12169=VECTOR('',#12168,1.5E-1);
#12170=CARTESIAN_POINT('',(1.05E0,7.5E-2,1.4E0));
#12171=LINE('',#12170,#12169);
#12172=CURVE_STYLE('',#36,POSITIVE_LENGTH_MEASURE(2.E-2),#3);
#12173=PRESENTATION_STYLE_ASSIGNMENT((#12172));
#12174=STYLED_ITEM('',(#12173),#12171);
#12175=DIRECTION('',(0.E0,0.E0,-1.E0));
#12176=VECTOR('',#12175,1.E-1);
#12177=CARTESIAN_POINT('',(1.05E0,7.5E-2,1.5E0));
#12178=LINE('',#12177,#12176);
#12179=CURVE_STYLE('',#36,POSITIVE_LENGTH_MEASURE(2.E-2),#3);
#12180=PRESENTATION_STYLE_ASSIGNMENT((#12179));
#12181=STYLED_ITEM('',(#12180),#12178);
#12182=DIRECTION('',(0.E0,0.E0,-1.E0));
#12183=VECTOR('',#12182,1.E-1);
#12184=CARTESIAN_POINT('',(7.E-1,7.5E-2,-1.4E0));
#12185=LINE('',#12184,#12183);
#12186=CURVE_STYLE('',#36,POSITIVE_LENGTH_MEASURE(2.E-2),#3);
#12187=PRESENTATION_STYLE_ASSIGNMENT((#12186));
#12188=STYLED_ITEM('',(#12187),#12185);
#12189=DIRECTION('',(1.E0,0.E0,0.E0));
#12190=VECTOR('',#12189,1.45E-1);
#12191=CARTESIAN_POINT('',(5.55E-1,7.5E-2,-1.4E0));
#12192=LINE('',#12191,#12190);
#12193=CURVE_STYLE('',#36,POSITIVE_LENGTH_MEASURE(2.E-2),#3);
#12194=PRESENTATION_STYLE_ASSIGNMENT((#12193));
#12195=STYLED_ITEM('',(#12194),#12192);
#12196=DIRECTION('',(0.E0,0.E0,1.E0));
#12197=VECTOR('',#12196,1.E-1);
#12198=CARTESIAN_POINT('',(5.55E-1,7.5E-2,-1.5E0));
#12199=LINE('',#12198,#12197);
#12200=CURVE_STYLE('',#36,POSITIVE_LENGTH_MEASURE(2.E-2),#3);
#12201=PRESENTATION_STYLE_ASSIGNMENT((#12200));
#12202=STYLED_ITEM('',(#12201),#12199);
#12203=DIRECTION('',(0.E0,0.E0,-1.E0));
#12204=VECTOR('',#12203,1.E-1);
#12205=CARTESIAN_POINT('',(1.05E0,7.5E-2,-1.4E0));
#12206=LINE('',#12205,#12204);
#12207=CURVE_STYLE('',#36,POSITIVE_LENGTH_MEASURE(2.E-2),#3);
#12208=PRESENTATION_STYLE_ASSIGNMENT((#12207));
#12209=STYLED_ITEM('',(#12208),#12206);
#12210=DIRECTION('',(1.E0,0.E0,0.E0));
#12211=VECTOR('',#12210,1.5E-1);
#12212=CARTESIAN_POINT('',(9.E-1,7.5E-2,-1.4E0));
#12213=LINE('',#12212,#12211);
#12214=CURVE_STYLE('',#36,POSITIVE_LENGTH_MEASURE(2.E-2),#3);
#12215=PRESENTATION_STYLE_ASSIGNMENT((#12214));
#12216=STYLED_ITEM('',(#12215),#12213);
#12217=DIRECTION('',(0.E0,0.E0,1.E0));
#12218=VECTOR('',#12217,1.E-1);
#12219=CARTESIAN_POINT('',(9.E-1,7.5E-2,-1.5E0));
#12220=LINE('',#12219,#12218);
#12221=CURVE_STYLE('',#36,POSITIVE_LENGTH_MEASURE(2.E-2),#3);
#12222=PRESENTATION_STYLE_ASSIGNMENT((#12221));
#12223=STYLED_ITEM('',(#12222),#12220);
#12224=DIRECTION('',(0.E0,1.E0,0.E0));
#12225=VECTOR('',#12224,1.E-1);
#12226=CARTESIAN_POINT('',(-1.05E0,7.5E-2,1.4E0));
#12227=LINE('',#12226,#12225);
#12228=CURVE_STYLE('',#36,POSITIVE_LENGTH_MEASURE(2.E-2),#3);
#12229=PRESENTATION_STYLE_ASSIGNMENT((#12228));
#12230=STYLED_ITEM('',(#12229),#12227);
#12231=DIRECTION('',(0.E0,0.E0,-1.E0));
#12232=VECTOR('',#12231,1.E-1);
#12233=CARTESIAN_POINT('',(-9.E-1,1.75E-1,1.5E0));
#12234=LINE('',#12233,#12232);
#12235=CURVE_STYLE('',#36,POSITIVE_LENGTH_MEASURE(2.E-2),#3);
#12236=PRESENTATION_STYLE_ASSIGNMENT((#12235));
#12237=STYLED_ITEM('',(#12236),#12234);
#12238=DIRECTION('',(-1.E0,0.E0,0.E0));
#12239=VECTOR('',#12238,1.5E-1);
#12240=CARTESIAN_POINT('',(-9.E-1,1.75E-1,1.4E0));
#12241=LINE('',#12240,#12239);
#12242=CURVE_STYLE('',#36,POSITIVE_LENGTH_MEASURE(2.E-2),#3);
#12243=PRESENTATION_STYLE_ASSIGNMENT((#12242));
#12244=STYLED_ITEM('',(#12243),#12241);
#12245=DIRECTION('',(0.E0,0.E0,1.E0));
#12246=VECTOR('',#12245,1.E-1);
#12247=CARTESIAN_POINT('',(-1.05E0,1.75E-1,1.4E0));
#12248=LINE('',#12247,#12246);
#12249=CURVE_STYLE('',#36,POSITIVE_LENGTH_MEASURE(2.E-2),#3);
#12250=PRESENTATION_STYLE_ASSIGNMENT((#12249));
#12251=STYLED_ITEM('',(#12250),#12248);
#12252=DIRECTION('',(0.E0,0.E0,-1.E0));
#12253=VECTOR('',#12252,1.E-1);
#12254=CARTESIAN_POINT('',(-5.55E-1,1.75E-1,1.5E0));
#12255=LINE('',#12254,#12253);
#12256=CURVE_STYLE('',#36,POSITIVE_LENGTH_MEASURE(2.E-2),#3);
#12257=PRESENTATION_STYLE_ASSIGNMENT((#12256));
#12258=STYLED_ITEM('',(#12257),#12255);
#12259=DIRECTION('',(-1.E0,0.E0,0.E0));
#12260=VECTOR('',#12259,1.45E-1);
#12261=CARTESIAN_POINT('',(-5.55E-1,1.75E-1,1.4E0));
#12262=LINE('',#12261,#12260);
#12263=CURVE_STYLE('',#36,POSITIVE_LENGTH_MEASURE(2.E-2),#3);
#12264=PRESENTATION_STYLE_ASSIGNMENT((#12263));
#12265=STYLED_ITEM('',(#12264),#12262);
#12266=DIRECTION('',(0.E0,0.E0,1.E0));
#12267=VECTOR('',#12266,1.E-1);
#12268=CARTESIAN_POINT('',(-7.E-1,1.75E-1,1.4E0));
#12269=LINE('',#12268,#12267);
#12270=CURVE_STYLE('',#36,POSITIVE_LENGTH_MEASURE(2.E-2),#3);
#12271=PRESENTATION_STYLE_ASSIGNMENT((#12270));
#12272=STYLED_ITEM('',(#12271),#12269);
#12273=DIRECTION('',(0.E0,0.E0,1.E0));
#12274=VECTOR('',#12273,1.E-1);
#12275=CARTESIAN_POINT('',(-1.05E0,1.75E-1,-1.5E0));
#12276=LINE('',#12275,#12274);
#12277=CURVE_STYLE('',#36,POSITIVE_LENGTH_MEASURE(2.E-2),#3);
#12278=PRESENTATION_STYLE_ASSIGNMENT((#12277));
#12279=STYLED_ITEM('',(#12278),#12276);
#12280=DIRECTION('',(1.E0,0.E0,0.E0));
#12281=VECTOR('',#12280,1.5E-1);
#12282=CARTESIAN_POINT('',(-1.05E0,1.75E-1,-1.4E0));
#12283=LINE('',#12282,#12281);
#12284=CURVE_STYLE('',#36,POSITIVE_LENGTH_MEASURE(2.E-2),#3);
#12285=PRESENTATION_STYLE_ASSIGNMENT((#12284));
#12286=STYLED_ITEM('',(#12285),#12283);
#12287=DIRECTION('',(0.E0,0.E0,-1.E0));
#12288=VECTOR('',#12287,1.E-1);
#12289=CARTESIAN_POINT('',(-9.E-1,1.75E-1,-1.4E0));
#12290=LINE('',#12289,#12288);
#12291=CURVE_STYLE('',#36,POSITIVE_LENGTH_MEASURE(2.E-2),#3);
#12292=PRESENTATION_STYLE_ASSIGNMENT((#12291));
#12293=STYLED_ITEM('',(#12292),#12290);
#12294=DIRECTION('',(0.E0,0.E0,1.E0));
#12295=VECTOR('',#12294,1.E-1);
#12296=CARTESIAN_POINT('',(-7.E-1,1.75E-1,-1.5E0));
#12297=LINE('',#12296,#12295);
#12298=CURVE_STYLE('',#36,POSITIVE_LENGTH_MEASURE(2.E-2),#3);
#12299=PRESENTATION_STYLE_ASSIGNMENT((#12298));
#12300=STYLED_ITEM('',(#12299),#12297);
#12301=DIRECTION('',(1.E0,0.E0,0.E0));
#12302=VECTOR('',#12301,1.45E-1);
#12303=CARTESIAN_POINT('',(-7.E-1,1.75E-1,-1.4E0));
#12304=LINE('',#12303,#12302);
#12305=CURVE_STYLE('',#36,POSITIVE_LENGTH_MEASURE(2.E-2),#3);
#12306=PRESENTATION_STYLE_ASSIGNMENT((#12305));
#12307=STYLED_ITEM('',(#12306),#12304);
#12308=DIRECTION('',(0.E0,0.E0,-1.E0));
#12309=VECTOR('',#12308,1.E-1);
#12310=CARTESIAN_POINT('',(-5.55E-1,1.75E-1,-1.4E0));
#12311=LINE('',#12310,#12309);
#12312=CURVE_STYLE('',#36,POSITIVE_LENGTH_MEASURE(2.E-2),#3);
#12313=PRESENTATION_STYLE_ASSIGNMENT((#12312));
#12314=STYLED_ITEM('',(#12313),#12311);
#12315=DIRECTION('',(0.E0,0.E0,-1.E0));
#12316=VECTOR('',#12315,1.E-1);
#12317=CARTESIAN_POINT('',(7.E-1,1.75E-1,1.5E0));
#12318=LINE('',#12317,#12316);
#12319=CURVE_STYLE('',#36,POSITIVE_LENGTH_MEASURE(2.E-2),#3);
#12320=PRESENTATION_STYLE_ASSIGNMENT((#12319));
#12321=STYLED_ITEM('',(#12320),#12318);
#12322=DIRECTION('',(-1.E0,0.E0,0.E0));
#12323=VECTOR('',#12322,1.45E-1);
#12324=CARTESIAN_POINT('',(7.E-1,1.75E-1,1.4E0));
#12325=LINE('',#12324,#12323);
#12326=CURVE_STYLE('',#36,POSITIVE_LENGTH_MEASURE(2.E-2),#3);
#12327=PRESENTATION_STYLE_ASSIGNMENT((#12326));
#12328=STYLED_ITEM('',(#12327),#12325);
#12329=DIRECTION('',(0.E0,0.E0,1.E0));
#12330=VECTOR('',#12329,1.E-1);
#12331=CARTESIAN_POINT('',(5.55E-1,1.75E-1,1.4E0));
#12332=LINE('',#12331,#12330);
#12333=CURVE_STYLE('',#36,POSITIVE_LENGTH_MEASURE(2.E-2),#3);
#12334=PRESENTATION_STYLE_ASSIGNMENT((#12333));
#12335=STYLED_ITEM('',(#12334),#12332);
#12336=DIRECTION('',(0.E0,0.E0,-1.E0));
#12337=VECTOR('',#12336,1.E-1);
#12338=CARTESIAN_POINT('',(1.05E0,1.75E-1,1.5E0));
#12339=LINE('',#12338,#12337);
#12340=CURVE_STYLE('',#36,POSITIVE_LENGTH_MEASURE(2.E-2),#3);
#12341=PRESENTATION_STYLE_ASSIGNMENT((#12340));
#12342=STYLED_ITEM('',(#12341),#12339);
#12343=DIRECTION('',(-1.E0,0.E0,0.E0));
#12344=VECTOR('',#12343,1.5E-1);
#12345=CARTESIAN_POINT('',(1.05E0,1.75E-1,1.4E0));
#12346=LINE('',#12345,#12344);
#12347=CURVE_STYLE('',#36,POSITIVE_LENGTH_MEASURE(2.E-2),#3);
#12348=PRESENTATION_STYLE_ASSIGNMENT((#12347));
#12349=STYLED_ITEM('',(#12348),#12346);
#12350=DIRECTION('',(0.E0,0.E0,1.E0));
#12351=VECTOR('',#12350,1.E-1);
#12352=CARTESIAN_POINT('',(9.E-1,1.75E-1,1.4E0));
#12353=LINE('',#12352,#12351);
#12354=CURVE_STYLE('',#36,POSITIVE_LENGTH_MEASURE(2.E-2),#3);
#12355=PRESENTATION_STYLE_ASSIGNMENT((#12354));
#12356=STYLED_ITEM('',(#12355),#12353);
#12357=DIRECTION('',(0.E0,0.E0,1.E0));
#12358=VECTOR('',#12357,1.E-1);
#12359=CARTESIAN_POINT('',(5.55E-1,1.75E-1,-1.5E0));
#12360=LINE('',#12359,#12358);
#12361=CURVE_STYLE('',#36,POSITIVE_LENGTH_MEASURE(2.E-2),#3);
#12362=PRESENTATION_STYLE_ASSIGNMENT((#12361));
#12363=STYLED_ITEM('',(#12362),#12360);
#12364=DIRECTION('',(1.E0,0.E0,0.E0));
#12365=VECTOR('',#12364,1.45E-1);
#12366=CARTESIAN_POINT('',(5.55E-1,1.75E-1,-1.4E0));
#12367=LINE('',#12366,#12365);
#12368=CURVE_STYLE('',#36,POSITIVE_LENGTH_MEASURE(2.E-2),#3);
#12369=PRESENTATION_STYLE_ASSIGNMENT((#12368));
#12370=STYLED_ITEM('',(#12369),#12367);
#12371=DIRECTION('',(0.E0,0.E0,-1.E0));
#12372=VECTOR('',#12371,1.E-1);
#12373=CARTESIAN_POINT('',(7.E-1,1.75E-1,-1.4E0));
#12374=LINE('',#12373,#12372);
#12375=CURVE_STYLE('',#36,POSITIVE_LENGTH_MEASURE(2.E-2),#3);
#12376=PRESENTATION_STYLE_ASSIGNMENT((#12375));
#12377=STYLED_ITEM('',(#12376),#12374);
#12378=DIRECTION('',(0.E0,0.E0,1.E0));
#12379=VECTOR('',#12378,1.E-1);
#12380=CARTESIAN_POINT('',(9.E-1,1.75E-1,-1.5E0));
#12381=LINE('',#12380,#12379);
#12382=CURVE_STYLE('',#36,POSITIVE_LENGTH_MEASURE(2.E-2),#3);
#12383=PRESENTATION_STYLE_ASSIGNMENT((#12382));
#12384=STYLED_ITEM('',(#12383),#12381);
#12385=DIRECTION('',(1.E0,0.E0,0.E0));
#12386=VECTOR('',#12385,1.5E-1);
#12387=CARTESIAN_POINT('',(9.E-1,1.75E-1,-1.4E0));
#12388=LINE('',#12387,#12386);
#12389=CURVE_STYLE('',#36,POSITIVE_LENGTH_MEASURE(2.E-2),#3);
#12390=PRESENTATION_STYLE_ASSIGNMENT((#12389));
#12391=STYLED_ITEM('',(#12390),#12388);
#12392=DIRECTION('',(0.E0,0.E0,-1.E0));
#12393=VECTOR('',#12392,1.E-1);
#12394=CARTESIAN_POINT('',(1.05E0,1.75E-1,-1.4E0));
#12395=LINE('',#12394,#12393);
#12396=CURVE_STYLE('',#36,POSITIVE_LENGTH_MEASURE(2.E-2),#3);
#12397=PRESENTATION_STYLE_ASSIGNMENT((#12396));
#12398=STYLED_ITEM('',(#12397),#12395);
#12399=DIRECTION('',(0.E0,1.E0,0.E0));
#12400=VECTOR('',#12399,1.E-1);
#12401=CARTESIAN_POINT('',(-9.E-1,7.5E-2,1.4E0));
#12402=LINE('',#12401,#12400);
#12403=CURVE_STYLE('',#36,POSITIVE_LENGTH_MEASURE(2.E-2),#3);
#12404=PRESENTATION_STYLE_ASSIGNMENT((#12403));
#12405=STYLED_ITEM('',(#12404),#12402);
#12406=DIRECTION('',(0.E0,1.E0,0.E0));
#12407=VECTOR('',#12406,1.E-1);
#12408=CARTESIAN_POINT('',(-5.55E-1,7.5E-2,1.4E0));
#12409=LINE('',#12408,#12407);
#12410=CURVE_STYLE('',#36,POSITIVE_LENGTH_MEASURE(2.E-2),#3);
#12411=PRESENTATION_STYLE_ASSIGNMENT((#12410));
#12412=STYLED_ITEM('',(#12411),#12409);
#12413=DIRECTION('',(0.E0,1.E0,0.E0));
#12414=VECTOR('',#12413,1.E-1);
#12415=CARTESIAN_POINT('',(-7.E-1,7.5E-2,1.4E0));
#12416=LINE('',#12415,#12414);
#12417=CURVE_STYLE('',#36,POSITIVE_LENGTH_MEASURE(2.E-2),#3);
#12418=PRESENTATION_STYLE_ASSIGNMENT((#12417));
#12419=STYLED_ITEM('',(#12418),#12416);
#12420=DIRECTION('',(0.E0,1.E0,0.E0));
#12421=VECTOR('',#12420,1.E-1);
#12422=CARTESIAN_POINT('',(-1.05E0,7.5E-2,-1.4E0));
#12423=LINE('',#12422,#12421);
#12424=CURVE_STYLE('',#36,POSITIVE_LENGTH_MEASURE(2.E-2),#3);
#12425=PRESENTATION_STYLE_ASSIGNMENT((#12424));
#12426=STYLED_ITEM('',(#12425),#12423);
#12427=DIRECTION('',(0.E0,1.E0,0.E0));
#12428=VECTOR('',#12427,1.E-1);
#12429=CARTESIAN_POINT('',(-9.E-1,7.5E-2,-1.4E0));
#12430=LINE('',#12429,#12428);
#12431=CURVE_STYLE('',#36,POSITIVE_LENGTH_MEASURE(2.E-2),#3);
#12432=PRESENTATION_STYLE_ASSIGNMENT((#12431));
#12433=STYLED_ITEM('',(#12432),#12430);
#12434=DIRECTION('',(0.E0,1.E0,0.E0));
#12435=VECTOR('',#12434,1.E-1);
#12436=CARTESIAN_POINT('',(-7.E-1,7.5E-2,-1.4E0));
#12437=LINE('',#12436,#12435);
#12438=CURVE_STYLE('',#36,POSITIVE_LENGTH_MEASURE(2.E-2),#3);
#12439=PRESENTATION_STYLE_ASSIGNMENT((#12438));
#12440=STYLED_ITEM('',(#12439),#12437);
#12441=DIRECTION('',(0.E0,1.E0,0.E0));
#12442=VECTOR('',#12441,1.E-1);
#12443=CARTESIAN_POINT('',(-5.55E-1,7.5E-2,-1.4E0));
#12444=LINE('',#12443,#12442);
#12445=CURVE_STYLE('',#36,POSITIVE_LENGTH_MEASURE(2.E-2),#3);
#12446=PRESENTATION_STYLE_ASSIGNMENT((#12445));
#12447=STYLED_ITEM('',(#12446),#12444);
#12448=DIRECTION('',(0.E0,1.E0,0.E0));
#12449=VECTOR('',#12448,1.E-1);
#12450=CARTESIAN_POINT('',(7.E-1,7.5E-2,1.4E0));
#12451=LINE('',#12450,#12449);
#12452=CURVE_STYLE('',#36,POSITIVE_LENGTH_MEASURE(2.E-2),#3);
#12453=PRESENTATION_STYLE_ASSIGNMENT((#12452));
#12454=STYLED_ITEM('',(#12453),#12451);
#12455=DIRECTION('',(0.E0,1.E0,0.E0));
#12456=VECTOR('',#12455,1.E-1);
#12457=CARTESIAN_POINT('',(5.55E-1,7.5E-2,1.4E0));
#12458=LINE('',#12457,#12456);
#12459=CURVE_STYLE('',#36,POSITIVE_LENGTH_MEASURE(2.E-2),#3);
#12460=PRESENTATION_STYLE_ASSIGNMENT((#12459));
#12461=STYLED_ITEM('',(#12460),#12458);
#12462=DIRECTION('',(0.E0,1.E0,0.E0));
#12463=VECTOR('',#12462,1.E-1);
#12464=CARTESIAN_POINT('',(1.05E0,7.5E-2,1.4E0));
#12465=LINE('',#12464,#12463);
#12466=CURVE_STYLE('',#36,POSITIVE_LENGTH_MEASURE(2.E-2),#3);
#12467=PRESENTATION_STYLE_ASSIGNMENT((#12466));
#12468=STYLED_ITEM('',(#12467),#12465);
#12469=DIRECTION('',(0.E0,1.E0,0.E0));
#12470=VECTOR('',#12469,1.E-1);
#12471=CARTESIAN_POINT('',(9.E-1,7.5E-2,1.4E0));
#12472=LINE('',#12471,#12470);
#12473=CURVE_STYLE('',#36,POSITIVE_LENGTH_MEASURE(2.E-2),#3);
#12474=PRESENTATION_STYLE_ASSIGNMENT((#12473));
#12475=STYLED_ITEM('',(#12474),#12472);
#12476=DIRECTION('',(0.E0,1.E0,0.E0));
#12477=VECTOR('',#12476,1.E-1);
#12478=CARTESIAN_POINT('',(5.55E-1,7.5E-2,-1.4E0));
#12479=LINE('',#12478,#12477);
#12480=CURVE_STYLE('',#36,POSITIVE_LENGTH_MEASURE(2.E-2),#3);
#12481=PRESENTATION_STYLE_ASSIGNMENT((#12480));
#12482=STYLED_ITEM('',(#12481),#12479);
#12483=DIRECTION('',(0.E0,1.E0,0.E0));
#12484=VECTOR('',#12483,1.E-1);
#12485=CARTESIAN_POINT('',(7.E-1,7.5E-2,-1.4E0));
#12486=LINE('',#12485,#12484);
#12487=CURVE_STYLE('',#36,POSITIVE_LENGTH_MEASURE(2.E-2),#3);
#12488=PRESENTATION_STYLE_ASSIGNMENT((#12487));
#12489=STYLED_ITEM('',(#12488),#12486);
#12490=DIRECTION('',(0.E0,1.E0,0.E0));
#12491=VECTOR('',#12490,1.E-1);
#12492=CARTESIAN_POINT('',(9.E-1,7.5E-2,-1.4E0));
#12493=LINE('',#12492,#12491);
#12494=CURVE_STYLE('',#36,POSITIVE_LENGTH_MEASURE(2.E-2),#3);
#12495=PRESENTATION_STYLE_ASSIGNMENT((#12494));
#12496=STYLED_ITEM('',(#12495),#12493);
#12497=DIRECTION('',(0.E0,1.E0,0.E0));
#12498=VECTOR('',#12497,1.E-1);
#12499=CARTESIAN_POINT('',(1.05E0,7.5E-2,-1.4E0));
#12500=LINE('',#12499,#12498);
#12501=CURVE_STYLE('',#36,POSITIVE_LENGTH_MEASURE(2.E-2),#3);
#12502=PRESENTATION_STYLE_ASSIGNMENT((#12501));
#12503=STYLED_ITEM('',(#12502),#12500);
#12504=DIRECTION('',(0.E0,1.E0,0.E0));
#12505=VECTOR('',#12504,1.75E-1);
#12506=CARTESIAN_POINT('',(-9.74E-1,0.E0,1.125E0));
#12507=LINE('',#12506,#12505);
#12508=CURVE_STYLE('',#36,POSITIVE_LENGTH_MEASURE(2.E-2),#3);
#12509=PRESENTATION_STYLE_ASSIGNMENT((#12508));
#12510=STYLED_ITEM('',(#12509),#12507);
#12511=DIRECTION('',(0.E0,1.E0,0.E0));
#12512=VECTOR('',#12511,1.75E-1);
#12513=CARTESIAN_POINT('',(-8.5E-1,0.E0,1.001E0));
#12514=LINE('',#12513,#12512);
#12515=CURVE_STYLE('',#36,POSITIVE_LENGTH_MEASURE(2.E-2),#3);
#12516=PRESENTATION_STYLE_ASSIGNMENT((#12515));
#12517=STYLED_ITEM('',(#12516),#12514);
#12518=DIRECTION('',(0.E0,1.E0,0.E0));
#12519=VECTOR('',#12518,1.75E-1);
#12520=CARTESIAN_POINT('',(-8.5E-1,0.E0,9.99E-1));
#12521=LINE('',#12520,#12519);
#12522=CURVE_STYLE('',#36,POSITIVE_LENGTH_MEASURE(2.E-2),#3);
#12523=PRESENTATION_STYLE_ASSIGNMENT((#12522));
#12524=STYLED_ITEM('',(#12523),#12521);
#12525=DIRECTION('',(0.E0,1.E0,0.E0));
#12526=VECTOR('',#12525,1.75E-1);
#12527=CARTESIAN_POINT('',(-9.74E-1,0.E0,8.75E-1));
#12528=LINE('',#12527,#12526);
#12529=CURVE_STYLE('',#36,POSITIVE_LENGTH_MEASURE(2.E-2),#3);
#12530=PRESENTATION_STYLE_ASSIGNMENT((#12529));
#12531=STYLED_ITEM('',(#12530),#12528);
#12532=DIRECTION('',(1.E0,0.E0,0.E0));
#12533=VECTOR('',#12532,2.76E-1);
#12534=CARTESIAN_POINT('',(-1.25E0,1.75E-1,1.125E0));
#12535=LINE('',#12534,#12533);
#12536=CURVE_STYLE('',#36,POSITIVE_LENGTH_MEASURE(2.E-2),#3);
#12537=PRESENTATION_STYLE_ASSIGNMENT((#12536));
#12538=STYLED_ITEM('',(#12537),#12535);
#12539=CARTESIAN_POINT('',(-9.74E-1,1.75E-1,1.001E0));
#12540=DIRECTION('',(0.E0,1.E0,0.E0));
#12541=DIRECTION('',(0.E0,0.E0,1.E0));
#12542=AXIS2_PLACEMENT_3D('',#12539,#12540,#12541);
#12544=CURVE_STYLE('',#36,POSITIVE_LENGTH_MEASURE(2.E-2),#3);
#12545=PRESENTATION_STYLE_ASSIGNMENT((#12544));
#12546=STYLED_ITEM('',(#12545),#12543);
#12547=DIRECTION('',(0.E0,0.E0,-1.E0));
#12548=VECTOR('',#12547,2.E-3);
#12549=CARTESIAN_POINT('',(-8.5E-1,1.75E-1,1.001E0));
#12550=LINE('',#12549,#12548);
#12551=CURVE_STYLE('',#36,POSITIVE_LENGTH_MEASURE(2.E-2),#3);
#12552=PRESENTATION_STYLE_ASSIGNMENT((#12551));
#12553=STYLED_ITEM('',(#12552),#12550);
#12554=CARTESIAN_POINT('',(-9.74E-1,1.75E-1,9.99E-1));
#12555=DIRECTION('',(0.E0,1.E0,0.E0));
#12556=DIRECTION('',(1.E0,0.E0,0.E0));
#12557=AXIS2_PLACEMENT_3D('',#12554,#12555,#12556);
#12559=CURVE_STYLE('',#36,POSITIVE_LENGTH_MEASURE(2.E-2),#3);
#12560=PRESENTATION_STYLE_ASSIGNMENT((#12559));
#12561=STYLED_ITEM('',(#12560),#12558);
#12562=DIRECTION('',(-1.E0,0.E0,0.E0));
#12563=VECTOR('',#12562,2.76E-1);
#12564=CARTESIAN_POINT('',(-9.74E-1,1.75E-1,8.75E-1));
#12565=LINE('',#12564,#12563);
#12566=CURVE_STYLE('',#36,POSITIVE_LENGTH_MEASURE(2.E-2),#3);
#12567=PRESENTATION_STYLE_ASSIGNMENT((#12566));
#12568=STYLED_ITEM('',(#12567),#12565);
#12569=DIRECTION('',(0.E0,1.E0,0.E0));
#12570=VECTOR('',#12569,1.75E-1);
#12571=CARTESIAN_POINT('',(-9.74E-1,0.E0,6.25E-1));
#12572=LINE('',#12571,#12570);
#12573=CURVE_STYLE('',#36,POSITIVE_LENGTH_MEASURE(2.E-2),#3);
#12574=PRESENTATION_STYLE_ASSIGNMENT((#12573));
#12575=STYLED_ITEM('',(#12574),#12572);
#12576=DIRECTION('',(0.E0,1.E0,0.E0));
#12577=VECTOR('',#12576,1.75E-1);
#12578=CARTESIAN_POINT('',(-8.5E-1,0.E0,5.01E-1));
#12579=LINE('',#12578,#12577);
#12580=CURVE_STYLE('',#36,POSITIVE_LENGTH_MEASURE(2.E-2),#3);
#12581=PRESENTATION_STYLE_ASSIGNMENT((#12580));
#12582=STYLED_ITEM('',(#12581),#12579);
#12583=DIRECTION('',(0.E0,1.E0,0.E0));
#12584=VECTOR('',#12583,1.75E-1);
#12585=CARTESIAN_POINT('',(-8.5E-1,0.E0,4.99E-1));
#12586=LINE('',#12585,#12584);
#12587=CURVE_STYLE('',#36,POSITIVE_LENGTH_MEASURE(2.E-2),#3);
#12588=PRESENTATION_STYLE_ASSIGNMENT((#12587));
#12589=STYLED_ITEM('',(#12588),#12586);
#12590=DIRECTION('',(0.E0,1.E0,0.E0));
#12591=VECTOR('',#12590,1.75E-1);
#12592=CARTESIAN_POINT('',(-9.74E-1,0.E0,3.75E-1));
#12593=LINE('',#12592,#12591);
#12594=CURVE_STYLE('',#36,POSITIVE_LENGTH_MEASURE(2.E-2),#3);
#12595=PRESENTATION_STYLE_ASSIGNMENT((#12594));
#12596=STYLED_ITEM('',(#12595),#12593);
#12597=DIRECTION('',(1.E0,0.E0,0.E0));
#12598=VECTOR('',#12597,2.76E-1);
#12599=CARTESIAN_POINT('',(-1.25E0,1.75E-1,6.25E-1));
#12600=LINE('',#12599,#12598);
#12601=CURVE_STYLE('',#36,POSITIVE_LENGTH_MEASURE(2.E-2),#3);
#12602=PRESENTATION_STYLE_ASSIGNMENT((#12601));
#12603=STYLED_ITEM('',(#12602),#12600);
#12604=CARTESIAN_POINT('',(-9.74E-1,1.75E-1,5.01E-1));
#12605=DIRECTION('',(0.E0,1.E0,0.E0));
#12606=DIRECTION('',(0.E0,0.E0,1.E0));
#12607=AXIS2_PLACEMENT_3D('',#12604,#12605,#12606);
#12609=CURVE_STYLE('',#36,POSITIVE_LENGTH_MEASURE(2.E-2),#3);
#12610=PRESENTATION_STYLE_ASSIGNMENT((#12609));
#12611=STYLED_ITEM('',(#12610),#12608);
#12612=DIRECTION('',(0.E0,0.E0,-1.E0));
#12613=VECTOR('',#12612,2.E-3);
#12614=CARTESIAN_POINT('',(-8.5E-1,1.75E-1,5.01E-1));
#12615=LINE('',#12614,#12613);
#12616=CURVE_STYLE('',#36,POSITIVE_LENGTH_MEASURE(2.E-2),#3);
#12617=PRESENTATION_STYLE_ASSIGNMENT((#12616));
#12618=STYLED_ITEM('',(#12617),#12615);
#12619=CARTESIAN_POINT('',(-9.74E-1,1.75E-1,4.99E-1));
#12620=DIRECTION('',(0.E0,1.E0,0.E0));
#12621=DIRECTION('',(1.E0,0.E0,0.E0));
#12622=AXIS2_PLACEMENT_3D('',#12619,#12620,#12621);
#12624=CURVE_STYLE('',#36,POSITIVE_LENGTH_MEASURE(2.E-2),#3);
#12625=PRESENTATION_STYLE_ASSIGNMENT((#12624));
#12626=STYLED_ITEM('',(#12625),#12623);
#12627=DIRECTION('',(-1.E0,0.E0,0.E0));
#12628=VECTOR('',#12627,2.76E-1);
#12629=CARTESIAN_POINT('',(-9.74E-1,1.75E-1,3.75E-1));
#12630=LINE('',#12629,#12628);
#12631=CURVE_STYLE('',#36,POSITIVE_LENGTH_MEASURE(2.E-2),#3);
#12632=PRESENTATION_STYLE_ASSIGNMENT((#12631));
#12633=STYLED_ITEM('',(#12632),#12630);
#12634=DIRECTION('',(0.E0,1.E0,0.E0));
#12635=VECTOR('',#12634,1.75E-1);
#12636=CARTESIAN_POINT('',(-9.74E-1,0.E0,1.25E-1));
#12637=LINE('',#12636,#12635);
#12638=CURVE_STYLE('',#36,POSITIVE_LENGTH_MEASURE(2.E-2),#3);
#12639=PRESENTATION_STYLE_ASSIGNMENT((#12638));
#12640=STYLED_ITEM('',(#12639),#12637);
#12641=DIRECTION('',(0.E0,1.E0,0.E0));
#12642=VECTOR('',#12641,1.75E-1);
#12643=CARTESIAN_POINT('',(-8.5E-1,0.E0,1.E-3));
#12644=LINE('',#12643,#12642);
#12645=CURVE_STYLE('',#36,POSITIVE_LENGTH_MEASURE(2.E-2),#3);
#12646=PRESENTATION_STYLE_ASSIGNMENT((#12645));
#12647=STYLED_ITEM('',(#12646),#12644);
#12648=DIRECTION('',(0.E0,1.E0,0.E0));
#12649=VECTOR('',#12648,1.75E-1);
#12650=CARTESIAN_POINT('',(-8.5E-1,0.E0,-1.E-3));
#12651=LINE('',#12650,#12649);
#12652=CURVE_STYLE('',#36,POSITIVE_LENGTH_MEASURE(2.E-2),#3);
#12653=PRESENTATION_STYLE_ASSIGNMENT((#12652));
#12654=STYLED_ITEM('',(#12653),#12651);
#12655=DIRECTION('',(0.E0,1.E0,0.E0));
#12656=VECTOR('',#12655,1.75E-1);
#12657=CARTESIAN_POINT('',(-9.74E-1,0.E0,-1.25E-1));
#12658=LINE('',#12657,#12656);
#12659=CURVE_STYLE('',#36,POSITIVE_LENGTH_MEASURE(2.E-2),#3);
#12660=PRESENTATION_STYLE_ASSIGNMENT((#12659));
#12661=STYLED_ITEM('',(#12660),#12658);
#12662=DIRECTION('',(1.E0,0.E0,0.E0));
#12663=VECTOR('',#12662,2.76E-1);
#12664=CARTESIAN_POINT('',(-1.25E0,1.75E-1,1.25E-1));
#12665=LINE('',#12664,#12663);
#12666=CURVE_STYLE('',#36,POSITIVE_LENGTH_MEASURE(2.E-2),#3);
#12667=PRESENTATION_STYLE_ASSIGNMENT((#12666));
#12668=STYLED_ITEM('',(#12667),#12665);
#12669=CARTESIAN_POINT('',(-9.74E-1,1.75E-1,1.E-3));
#12670=DIRECTION('',(0.E0,1.E0,0.E0));
#12671=DIRECTION('',(0.E0,0.E0,1.E0));
#12672=AXIS2_PLACEMENT_3D('',#12669,#12670,#12671);
#12674=CURVE_STYLE('',#36,POSITIVE_LENGTH_MEASURE(2.E-2),#3);
#12675=PRESENTATION_STYLE_ASSIGNMENT((#12674));
#12676=STYLED_ITEM('',(#12675),#12673);
#12677=DIRECTION('',(0.E0,0.E0,-1.E0));
#12678=VECTOR('',#12677,2.E-3);
#12679=CARTESIAN_POINT('',(-8.5E-1,1.75E-1,1.E-3));
#12680=LINE('',#12679,#12678);
#12681=CURVE_STYLE('',#36,POSITIVE_LENGTH_MEASURE(2.E-2),#3);
#12682=PRESENTATION_STYLE_ASSIGNMENT((#12681));
#12683=STYLED_ITEM('',(#12682),#12680);
#12684=CARTESIAN_POINT('',(-9.74E-1,1.75E-1,-1.E-3));
#12685=DIRECTION('',(0.E0,1.E0,0.E0));
#12686=DIRECTION('',(1.E0,0.E0,0.E0));
#12687=AXIS2_PLACEMENT_3D('',#12684,#12685,#12686);
#12689=CURVE_STYLE('',#36,POSITIVE_LENGTH_MEASURE(2.E-2),#3);
#12690=PRESENTATION_STYLE_ASSIGNMENT((#12689));
#12691=STYLED_ITEM('',(#12690),#12688);
#12692=DIRECTION('',(-1.E0,0.E0,0.E0));
#12693=VECTOR('',#12692,2.76E-1);
#12694=CARTESIAN_POINT('',(-9.74E-1,1.75E-1,-1.25E-1));
#12695=LINE('',#12694,#12693);
#12696=CURVE_STYLE('',#36,POSITIVE_LENGTH_MEASURE(2.E-2),#3);
#12697=PRESENTATION_STYLE_ASSIGNMENT((#12696));
#12698=STYLED_ITEM('',(#12697),#12695);
#12699=DIRECTION('',(0.E0,1.E0,0.E0));
#12700=VECTOR('',#12699,1.75E-1);
#12701=CARTESIAN_POINT('',(-9.74E-1,0.E0,-3.75E-1));
#12702=LINE('',#12701,#12700);
#12703=CURVE_STYLE('',#36,POSITIVE_LENGTH_MEASURE(2.E-2),#3);
#12704=PRESENTATION_STYLE_ASSIGNMENT((#12703));
#12705=STYLED_ITEM('',(#12704),#12702);
#12706=DIRECTION('',(0.E0,1.E0,0.E0));
#12707=VECTOR('',#12706,1.75E-1);
#12708=CARTESIAN_POINT('',(-8.5E-1,0.E0,-4.99E-1));
#12709=LINE('',#12708,#12707);
#12710=CURVE_STYLE('',#36,POSITIVE_LENGTH_MEASURE(2.E-2),#3);
#12711=PRESENTATION_STYLE_ASSIGNMENT((#12710));
#12712=STYLED_ITEM('',(#12711),#12709);
#12713=DIRECTION('',(0.E0,1.E0,0.E0));
#12714=VECTOR('',#12713,1.75E-1);
#12715=CARTESIAN_POINT('',(-8.5E-1,0.E0,-5.01E-1));
#12716=LINE('',#12715,#12714);
#12717=CURVE_STYLE('',#36,POSITIVE_LENGTH_MEASURE(2.E-2),#3);
#12718=PRESENTATION_STYLE_ASSIGNMENT((#12717));
#12719=STYLED_ITEM('',(#12718),#12716);
#12720=DIRECTION('',(0.E0,1.E0,0.E0));
#12721=VECTOR('',#12720,1.75E-1);
#12722=CARTESIAN_POINT('',(-9.74E-1,0.E0,-6.25E-1));
#12723=LINE('',#12722,#12721);
#12724=CURVE_STYLE('',#36,POSITIVE_LENGTH_MEASURE(2.E-2),#3);
#12725=PRESENTATION_STYLE_ASSIGNMENT((#12724));
#12726=STYLED_ITEM('',(#12725),#12723);
#12727=DIRECTION('',(1.E0,0.E0,0.E0));
#12728=VECTOR('',#12727,2.76E-1);
#12729=CARTESIAN_POINT('',(-1.25E0,1.75E-1,-3.75E-1));
#12730=LINE('',#12729,#12728);
#12731=CURVE_STYLE('',#36,POSITIVE_LENGTH_MEASURE(2.E-2),#3);
#12732=PRESENTATION_STYLE_ASSIGNMENT((#12731));
#12733=STYLED_ITEM('',(#12732),#12730);
#12734=CARTESIAN_POINT('',(-9.74E-1,1.75E-1,-4.99E-1));
#12735=DIRECTION('',(0.E0,1.E0,0.E0));
#12736=DIRECTION('',(0.E0,0.E0,1.E0));
#12737=AXIS2_PLACEMENT_3D('',#12734,#12735,#12736);
#12739=CURVE_STYLE('',#36,POSITIVE_LENGTH_MEASURE(2.E-2),#3);
#12740=PRESENTATION_STYLE_ASSIGNMENT((#12739));
#12741=STYLED_ITEM('',(#12740),#12738);
#12742=DIRECTION('',(0.E0,0.E0,-1.E0));
#12743=VECTOR('',#12742,2.E-3);
#12744=CARTESIAN_POINT('',(-8.5E-1,1.75E-1,-4.99E-1));
#12745=LINE('',#12744,#12743);
#12746=CURVE_STYLE('',#36,POSITIVE_LENGTH_MEASURE(2.E-2),#3);
#12747=PRESENTATION_STYLE_ASSIGNMENT((#12746));
#12748=STYLED_ITEM('',(#12747),#12745);
#12749=CARTESIAN_POINT('',(-9.74E-1,1.75E-1,-5.01E-1));
#12750=DIRECTION('',(0.E0,1.E0,0.E0));
#12751=DIRECTION('',(1.E0,0.E0,0.E0));
#12752=AXIS2_PLACEMENT_3D('',#12749,#12750,#12751);
#12754=CURVE_STYLE('',#36,POSITIVE_LENGTH_MEASURE(2.E-2),#3);
#12755=PRESENTATION_STYLE_ASSIGNMENT((#12754));
#12756=STYLED_ITEM('',(#12755),#12753);
#12757=DIRECTION('',(-1.E0,0.E0,0.E0));
#12758=VECTOR('',#12757,2.76E-1);
#12759=CARTESIAN_POINT('',(-9.74E-1,1.75E-1,-6.25E-1));
#12760=LINE('',#12759,#12758);
#12761=CURVE_STYLE('',#36,POSITIVE_LENGTH_MEASURE(2.E-2),#3);
#12762=PRESENTATION_STYLE_ASSIGNMENT((#12761));
#12763=STYLED_ITEM('',(#12762),#12760);
#12764=DIRECTION('',(0.E0,-1.E0,0.E0));
#12765=VECTOR('',#12764,1.75E-1);
#12766=CARTESIAN_POINT('',(-5.E-1,1.75E-1,-4.5E-1));
#12767=LINE('',#12766,#12765);
#12768=CURVE_STYLE('',#36,POSITIVE_LENGTH_MEASURE(2.E-2),#3);
#12769=PRESENTATION_STYLE_ASSIGNMENT((#12768));
#12770=STYLED_ITEM('',(#12769),#12767);
#12771=DIRECTION('',(0.E0,1.E0,0.E0));
#12772=VECTOR('',#12771,1.75E-1);
#12773=CARTESIAN_POINT('',(-5.E-1,0.E0,7.5E-1));
#12774=LINE('',#12773,#12772);
#12775=CURVE_STYLE('',#36,POSITIVE_LENGTH_MEASURE(2.E-2),#3);
#12776=PRESENTATION_STYLE_ASSIGNMENT((#12775));
#12777=STYLED_ITEM('',(#12776),#12774);
#12778=DIRECTION('',(0.E0,1.E0,0.E0));
#12779=VECTOR('',#12778,1.75E-1);
#12780=CARTESIAN_POINT('',(5.E-1,0.E0,7.5E-1));
#12781=LINE('',#12780,#12779);
#12782=CURVE_STYLE('',#36,POSITIVE_LENGTH_MEASURE(2.E-2),#3);
#12783=PRESENTATION_STYLE_ASSIGNMENT((#12782));
#12784=STYLED_ITEM('',(#12783),#12781);
#12785=DIRECTION('',(0.E0,-1.E0,0.E0));
#12786=VECTOR('',#12785,1.75E-1);
#12787=CARTESIAN_POINT('',(-2.E-1,1.75E-1,-7.5E-1));
#12788=LINE('',#12787,#12786);
#12789=CURVE_STYLE('',#36,POSITIVE_LENGTH_MEASURE(2.E-2),#3);
#12790=PRESENTATION_STYLE_ASSIGNMENT((#12789));
#12791=STYLED_ITEM('',(#12790),#12788);
#12792=DIRECTION('',(0.E0,1.E0,0.E0));
#12793=VECTOR('',#12792,1.75E-1);
#12794=CARTESIAN_POINT('',(5.E-1,0.E0,-7.5E-1));
#12795=LINE('',#12794,#12793);
#12796=CURVE_STYLE('',#36,POSITIVE_LENGTH_MEASURE(2.E-2),#3);
#12797=PRESENTATION_STYLE_ASSIGNMENT((#12796));
#12798=STYLED_ITEM('',(#12797),#12795);
#12799=DIRECTION('',(-7.071067811865E-1,0.E0,7.071067811865E-1));
#12800=VECTOR('',#12799,4.242640687119E-1);
#12801=CARTESIAN_POINT('',(-2.E-1,1.75E-1,-7.5E-1));
#12802=LINE('',#12801,#12800);
#12803=CURVE_STYLE('',#36,POSITIVE_LENGTH_MEASURE(2.E-2),#3);
#12804=PRESENTATION_STYLE_ASSIGNMENT((#12803));
#12805=STYLED_ITEM('',(#12804),#12802);
#12806=DIRECTION('',(0.E0,0.E0,1.E0));
#12807=VECTOR('',#12806,1.2E0);
#12808=CARTESIAN_POINT('',(-5.E-1,1.75E-1,-4.5E-1));
#12809=LINE('',#12808,#12807);
#12810=CURVE_STYLE('',#36,POSITIVE_LENGTH_MEASURE(2.E-2),#3);
#12811=PRESENTATION_STYLE_ASSIGNMENT((#12810));
#12812=STYLED_ITEM('',(#12811),#12809);
#12813=DIRECTION('',(1.E0,0.E0,0.E0));
#12814=VECTOR('',#12813,1.E0);
#12815=CARTESIAN_POINT('',(-5.E-1,1.75E-1,7.5E-1));
#12816=LINE('',#12815,#12814);
#12817=CURVE_STYLE('',#36,POSITIVE_LENGTH_MEASURE(2.E-2),#3);
#12818=PRESENTATION_STYLE_ASSIGNMENT((#12817));
#12819=STYLED_ITEM('',(#12818),#12816);
#12820=DIRECTION('',(0.E0,0.E0,-1.E0));
#12821=VECTOR('',#12820,1.5E0);
#12822=CARTESIAN_POINT('',(5.E-1,1.75E-1,7.5E-1));
#12823=LINE('',#12822,#12821);
#12824=CURVE_STYLE('',#36,POSITIVE_LENGTH_MEASURE(2.E-2),#3);
#12825=PRESENTATION_STYLE_ASSIGNMENT((#12824));
#12826=STYLED_ITEM('',(#12825),#12823);
#12827=DIRECTION('',(-1.E0,0.E0,0.E0));
#12828=VECTOR('',#12827,7.E-1);
#12829=CARTESIAN_POINT('',(5.E-1,1.75E-1,-7.5E-1));
#12830=LINE('',#12829,#12828);
#12831=CURVE_STYLE('',#36,POSITIVE_LENGTH_MEASURE(2.E-2),#3);
#12832=PRESENTATION_STYLE_ASSIGNMENT((#12831));
#12833=STYLED_ITEM('',(#12832),#12830);
#12834=CARTESIAN_POINT('',(-1.25E0,7.75E-1,-1.5E0));
#12835=CARTESIAN_POINT('',(-1.25E0,7.75E-1,1.5E0));
#12836=VERTEX_POINT('',#12834);
#12837=VERTEX_POINT('',#12835);
#12838=CARTESIAN_POINT('',(1.25E0,7.75E-1,1.5E0));
#12839=VERTEX_POINT('',#12838);
#12840=CARTESIAN_POINT('',(1.25E0,7.75E-1,-1.5E0));
#12841=VERTEX_POINT('',#12840);
#12842=CARTESIAN_POINT('',(-1.25E0,0.E0,-1.5E0));
#12843=VERTEX_POINT('',#12842);
#12844=CARTESIAN_POINT('',(-1.25E0,0.E0,1.5E0));
#12845=VERTEX_POINT('',#12844);
#12846=CARTESIAN_POINT('',(1.25E0,0.E0,1.5E0));
#12847=VERTEX_POINT('',#12846);
#12848=CARTESIAN_POINT('',(1.25E0,0.E0,-1.5E0));
#12849=VERTEX_POINT('',#12848);
#12850=CARTESIAN_POINT('',(-5.E-1,1.75E-1,7.5E-1));
#12851=CARTESIAN_POINT('',(5.E-1,1.75E-1,7.5E-1));
#12852=VERTEX_POINT('',#12850);
#12853=VERTEX_POINT('',#12851);
#12854=CARTESIAN_POINT('',(5.E-1,1.75E-1,-7.5E-1));
#12855=VERTEX_POINT('',#12854);
#12856=CARTESIAN_POINT('',(-2.E-1,1.75E-1,-7.5E-1));
#12857=CARTESIAN_POINT('',(-5.E-1,1.75E-1,-4.5E-1));
#12858=VERTEX_POINT('',#12856);
#12859=VERTEX_POINT('',#12857);
#12860=CARTESIAN_POINT('',(-1.25E0,0.E0,-8.75E-1));
#12861=CARTESIAN_POINT('',(-9.74E-1,0.E0,-8.75E-1));
#12862=VERTEX_POINT('',#12860);
#12863=VERTEX_POINT('',#12861);
#12864=CARTESIAN_POINT('',(-1.25E0,0.E0,-1.125E0));
#12865=CARTESIAN_POINT('',(-9.74E-1,0.E0,-1.125E0));
#12866=VERTEX_POINT('',#12864);
#12867=VERTEX_POINT('',#12865);
#12868=CARTESIAN_POINT('',(-1.25E0,0.E0,-3.75E-1));
#12869=CARTESIAN_POINT('',(-9.74E-1,0.E0,-3.75E-1));
#12870=VERTEX_POINT('',#12868);
#12871=VERTEX_POINT('',#12869);
#12872=CARTESIAN_POINT('',(-1.25E0,0.E0,-6.25E-1));
#12873=CARTESIAN_POINT('',(-9.74E-1,0.E0,-6.25E-1));
#12874=VERTEX_POINT('',#12872);
#12875=VERTEX_POINT('',#12873);
#12876=CARTESIAN_POINT('',(-1.25E0,0.E0,1.25E-1));
#12877=CARTESIAN_POINT('',(-9.74E-1,0.E0,1.25E-1));
#12878=VERTEX_POINT('',#12876);
#12879=VERTEX_POINT('',#12877);
#12880=CARTESIAN_POINT('',(-1.25E0,0.E0,-1.25E-1));
#12881=CARTESIAN_POINT('',(-9.74E-1,0.E0,-1.25E-1));
#12882=VERTEX_POINT('',#12880);
#12883=VERTEX_POINT('',#12881);
#12884=CARTESIAN_POINT('',(-1.25E0,0.E0,6.25E-1));
#12885=CARTESIAN_POINT('',(-9.74E-1,0.E0,6.25E-1));
#12886=VERTEX_POINT('',#12884);
#12887=VERTEX_POINT('',#12885);
#12888=CARTESIAN_POINT('',(-1.25E0,0.E0,3.75E-1));
#12889=CARTESIAN_POINT('',(-9.74E-1,0.E0,3.75E-1));
#12890=VERTEX_POINT('',#12888);
#12891=VERTEX_POINT('',#12889);
#12892=CARTESIAN_POINT('',(-1.25E0,0.E0,1.125E0));
#12893=CARTESIAN_POINT('',(-9.74E-1,0.E0,1.125E0));
#12894=VERTEX_POINT('',#12892);
#12895=VERTEX_POINT('',#12893);
#12896=CARTESIAN_POINT('',(-1.25E0,0.E0,8.75E-1));
#12897=CARTESIAN_POINT('',(-9.74E-1,0.E0,8.75E-1));
#12898=VERTEX_POINT('',#12896);
#12899=VERTEX_POINT('',#12897);
#12900=CARTESIAN_POINT('',(1.25E0,0.E0,-8.75E-1));
#12901=CARTESIAN_POINT('',(9.74E-1,0.E0,-8.75E-1));
#12902=VERTEX_POINT('',#12900);
#12903=VERTEX_POINT('',#12901);
#12904=CARTESIAN_POINT('',(1.25E0,0.E0,-1.125E0));
#12905=CARTESIAN_POINT('',(9.74E-1,0.E0,-1.125E0));
#12906=VERTEX_POINT('',#12904);
#12907=VERTEX_POINT('',#12905);
#12908=CARTESIAN_POINT('',(1.25E0,0.E0,-3.75E-1));
#12909=CARTESIAN_POINT('',(9.74E-1,0.E0,-3.75E-1));
#12910=VERTEX_POINT('',#12908);
#12911=VERTEX_POINT('',#12909);
#12912=CARTESIAN_POINT('',(1.25E0,0.E0,-6.25E-1));
#12913=CARTESIAN_POINT('',(9.74E-1,0.E0,-6.25E-1));
#12914=VERTEX_POINT('',#12912);
#12915=VERTEX_POINT('',#12913);
#12916=CARTESIAN_POINT('',(1.25E0,0.E0,1.25E-1));
#12917=CARTESIAN_POINT('',(9.74E-1,0.E0,1.25E-1));
#12918=VERTEX_POINT('',#12916);
#12919=VERTEX_POINT('',#12917);
#12920=CARTESIAN_POINT('',(1.25E0,0.E0,-1.25E-1));
#12921=CARTESIAN_POINT('',(9.74E-1,0.E0,-1.25E-1));
#12922=VERTEX_POINT('',#12920);
#12923=VERTEX_POINT('',#12921);
#12924=CARTESIAN_POINT('',(1.25E0,0.E0,6.25E-1));
#12925=CARTESIAN_POINT('',(9.74E-1,0.E0,6.25E-1));
#12926=VERTEX_POINT('',#12924);
#12927=VERTEX_POINT('',#12925);
#12928=CARTESIAN_POINT('',(1.25E0,0.E0,3.75E-1));
#12929=CARTESIAN_POINT('',(9.74E-1,0.E0,3.75E-1));
#12930=VERTEX_POINT('',#12928);
#12931=VERTEX_POINT('',#12929);
#12932=CARTESIAN_POINT('',(1.25E0,0.E0,1.125E0));
#12933=CARTESIAN_POINT('',(9.74E-1,0.E0,1.125E0));
#12934=VERTEX_POINT('',#12932);
#12935=VERTEX_POINT('',#12933);
#12936=CARTESIAN_POINT('',(1.25E0,0.E0,8.75E-1));
#12937=CARTESIAN_POINT('',(9.74E-1,0.E0,8.75E-1));
#12938=VERTEX_POINT('',#12936);
#12939=VERTEX_POINT('',#12937);
#12940=CARTESIAN_POINT('',(-3.75E-1,0.E0,-1.5E0));
#12941=CARTESIAN_POINT('',(-3.75E-1,0.E0,-1.224E0));
#12942=VERTEX_POINT('',#12940);
#12943=VERTEX_POINT('',#12941);
#12944=CARTESIAN_POINT('',(-1.25E-1,0.E0,-1.5E0));
#12945=CARTESIAN_POINT('',(-1.25E-1,0.E0,-1.224E0));
#12946=VERTEX_POINT('',#12944);
#12947=VERTEX_POINT('',#12945);
#12948=CARTESIAN_POINT('',(1.25E-1,0.E0,-1.5E0));
#12949=CARTESIAN_POINT('',(1.25E-1,0.E0,-1.224E0));
#12950=VERTEX_POINT('',#12948);
#12951=VERTEX_POINT('',#12949);
#12952=CARTESIAN_POINT('',(3.75E-1,0.E0,-1.5E0));
#12953=CARTESIAN_POINT('',(3.75E-1,0.E0,-1.224E0));
#12954=VERTEX_POINT('',#12952);
#12955=VERTEX_POINT('',#12953);
#12956=CARTESIAN_POINT('',(-3.75E-1,0.E0,1.5E0));
#12957=CARTESIAN_POINT('',(-3.75E-1,0.E0,1.224E0));
#12958=VERTEX_POINT('',#12956);
#12959=VERTEX_POINT('',#12957);
#12960=CARTESIAN_POINT('',(-1.25E-1,0.E0,1.5E0));
#12961=CARTESIAN_POINT('',(-1.25E-1,0.E0,1.224E0));
#12962=VERTEX_POINT('',#12960);
#12963=VERTEX_POINT('',#12961);
#12964=CARTESIAN_POINT('',(1.25E-1,0.E0,1.5E0));
#12965=CARTESIAN_POINT('',(1.25E-1,0.E0,1.224E0));
#12966=VERTEX_POINT('',#12964);
#12967=VERTEX_POINT('',#12965);
#12968=CARTESIAN_POINT('',(3.75E-1,0.E0,1.5E0));
#12969=CARTESIAN_POINT('',(3.75E-1,0.E0,1.224E0));
#12970=VERTEX_POINT('',#12968);
#12971=VERTEX_POINT('',#12969);
#12972=CARTESIAN_POINT('',(-5.E-1,0.E0,-4.5E-1));
#12973=CARTESIAN_POINT('',(-5.E-1,0.E0,7.5E-1));
#12974=VERTEX_POINT('',#12972);
#12975=VERTEX_POINT('',#12973);
#12976=CARTESIAN_POINT('',(5.E-1,0.E0,7.5E-1));
#12977=VERTEX_POINT('',#12976);
#12978=CARTESIAN_POINT('',(5.E-1,0.E0,-7.5E-1));
#12979=VERTEX_POINT('',#12978);
#12980=CARTESIAN_POINT('',(-2.E-1,0.E0,-7.5E-1));
#12981=VERTEX_POINT('',#12980);
#12982=CARTESIAN_POINT('',(-1.25E0,1.75E-1,-8.75E-1));
#12983=CARTESIAN_POINT('',(-1.25E0,1.75E-1,-1.125E0));
#12984=VERTEX_POINT('',#12982);
#12985=VERTEX_POINT('',#12983);
#12986=CARTESIAN_POINT('',(-1.25E0,1.75E-1,-3.75E-1));
#12987=CARTESIAN_POINT('',(-1.25E0,1.75E-1,-6.25E-1));
#12988=VERTEX_POINT('',#12986);
#12989=VERTEX_POINT('',#12987);
#12990=CARTESIAN_POINT('',(-1.25E0,1.75E-1,1.25E-1));
#12991=CARTESIAN_POINT('',(-1.25E0,1.75E-1,-1.25E-1));
#12992=VERTEX_POINT('',#12990);
#12993=VERTEX_POINT('',#12991);
#12994=CARTESIAN_POINT('',(-1.25E0,1.75E-1,6.25E-1));
#12995=CARTESIAN_POINT('',(-1.25E0,1.75E-1,3.75E-1));
#12996=VERTEX_POINT('',#12994);
#12997=VERTEX_POINT('',#12995);
#12998=CARTESIAN_POINT('',(-1.25E0,1.75E-1,1.125E0));
#12999=CARTESIAN_POINT('',(-1.25E0,1.75E-1,8.75E-1));
#13000=VERTEX_POINT('',#12998);
#13001=VERTEX_POINT('',#12999);
#13002=CARTESIAN_POINT('',(-3.75E-1,1.75E-1,1.5E0));
#13003=VERTEX_POINT('',#13002);
#13004=CARTESIAN_POINT('',(-1.25E-1,1.75E-1,1.5E0));
#13005=VERTEX_POINT('',#13004);
#13006=CARTESIAN_POINT('',(1.25E-1,1.75E-1,1.5E0));
#13007=VERTEX_POINT('',#13006);
#13008=CARTESIAN_POINT('',(3.75E-1,1.75E-1,1.5E0));
#13009=VERTEX_POINT('',#13008);
#13010=CARTESIAN_POINT('',(1.25E0,1.75E-1,-8.75E-1));
#13011=CARTESIAN_POINT('',(1.25E0,1.75E-1,-1.125E0));
#13012=VERTEX_POINT('',#13010);
#13013=VERTEX_POINT('',#13011);
#13014=CARTESIAN_POINT('',(1.25E0,1.75E-1,-3.75E-1));
#13015=CARTESIAN_POINT('',(1.25E0,1.75E-1,-6.25E-1));
#13016=VERTEX_POINT('',#13014);
#13017=VERTEX_POINT('',#13015);
#13018=CARTESIAN_POINT('',(1.25E0,1.75E-1,1.25E-1));
#13019=CARTESIAN_POINT('',(1.25E0,1.75E-1,-1.25E-1));
#13020=VERTEX_POINT('',#13018);
#13021=VERTEX_POINT('',#13019);
#13022=CARTESIAN_POINT('',(1.25E0,1.75E-1,6.25E-1));
#13023=CARTESIAN_POINT('',(1.25E0,1.75E-1,3.75E-1));
#13024=VERTEX_POINT('',#13022);
#13025=VERTEX_POINT('',#13023);
#13026=CARTESIAN_POINT('',(1.25E0,1.75E-1,1.125E0));
#13027=CARTESIAN_POINT('',(1.25E0,1.75E-1,8.75E-1));
#13028=VERTEX_POINT('',#13026);
#13029=VERTEX_POINT('',#13027);
#13030=CARTESIAN_POINT('',(-3.75E-1,1.75E-1,-1.5E0));
#13031=VERTEX_POINT('',#13030);
#13032=CARTESIAN_POINT('',(-1.25E-1,1.75E-1,-1.5E0));
#13033=VERTEX_POINT('',#13032);
#13034=CARTESIAN_POINT('',(1.25E-1,1.75E-1,-1.5E0));
#13035=VERTEX_POINT('',#13034);
#13036=CARTESIAN_POINT('',(3.75E-1,1.75E-1,-1.5E0));
#13037=VERTEX_POINT('',#13036);
#13038=CARTESIAN_POINT('',(-5.55E-1,7.5E-2,1.4E0));
#13039=CARTESIAN_POINT('',(-7.E-1,7.5E-2,1.4E0));
#13040=VERTEX_POINT('',#13038);
#13041=VERTEX_POINT('',#13039);
#13042=CARTESIAN_POINT('',(-5.55E-1,1.75E-1,1.4E0));
#13043=CARTESIAN_POINT('',(-7.E-1,1.75E-1,1.4E0));
#13044=VERTEX_POINT('',#13042);
#13045=VERTEX_POINT('',#13043);
#13046=CARTESIAN_POINT('',(-1.05E0,7.5E-2,1.5E0));
#13047=CARTESIAN_POINT('',(-9.E-1,7.5E-2,1.5E0));
#13048=VERTEX_POINT('',#13046);
#13049=VERTEX_POINT('',#13047);
#13050=CARTESIAN_POINT('',(-7.E-1,7.5E-2,1.5E0));
#13051=CARTESIAN_POINT('',(-5.55E-1,7.5E-2,1.5E0));
#13052=VERTEX_POINT('',#13050);
#13053=VERTEX_POINT('',#13051);
#13054=CARTESIAN_POINT('',(-1.05E0,1.75E-1,1.5E0));
#13055=CARTESIAN_POINT('',(-9.E-1,1.75E-1,1.5E0));
#13056=VERTEX_POINT('',#13054);
#13057=VERTEX_POINT('',#13055);
#13058=CARTESIAN_POINT('',(-7.E-1,1.75E-1,1.5E0));
#13059=CARTESIAN_POINT('',(-5.55E-1,1.75E-1,1.5E0));
#13060=VERTEX_POINT('',#13058);
#13061=VERTEX_POINT('',#13059);
#13062=CARTESIAN_POINT('',(-9.E-1,7.5E-2,-1.5E0));
#13063=CARTESIAN_POINT('',(-1.05E0,7.5E-2,-1.5E0));
#13064=VERTEX_POINT('',#13062);
#13065=VERTEX_POINT('',#13063);
#13066=CARTESIAN_POINT('',(-5.55E-1,7.5E-2,-1.5E0));
#13067=CARTESIAN_POINT('',(-7.E-1,7.5E-2,-1.5E0));
#13068=VERTEX_POINT('',#13066);
#13069=VERTEX_POINT('',#13067);
#13070=CARTESIAN_POINT('',(-9.E-1,1.75E-1,-1.5E0));
#13071=CARTESIAN_POINT('',(-1.05E0,1.75E-1,-1.5E0));
#13072=VERTEX_POINT('',#13070);
#13073=VERTEX_POINT('',#13071);
#13074=CARTESIAN_POINT('',(-5.55E-1,1.75E-1,-1.5E0));
#13075=CARTESIAN_POINT('',(-7.E-1,1.75E-1,-1.5E0));
#13076=VERTEX_POINT('',#13074);
#13077=VERTEX_POINT('',#13075);
#13078=CARTESIAN_POINT('',(-9.74E-1,1.75E-1,-8.75E-1));
#13079=CARTESIAN_POINT('',(-8.5E-1,1.75E-1,-9.99E-1));
#13080=VERTEX_POINT('',#13078);
#13081=VERTEX_POINT('',#13079);
#13082=CARTESIAN_POINT('',(-8.5E-1,1.75E-1,-1.001E0));
#13083=VERTEX_POINT('',#13082);
#13084=CARTESIAN_POINT('',(-9.74E-1,1.75E-1,-1.125E0));
#13085=VERTEX_POINT('',#13084);
#13086=CARTESIAN_POINT('',(-9.74E-1,1.75E-1,-3.75E-1));
#13087=CARTESIAN_POINT('',(-8.5E-1,1.75E-1,-4.99E-1));
#13088=VERTEX_POINT('',#13086);
#13089=VERTEX_POINT('',#13087);
#13090=CARTESIAN_POINT('',(-8.5E-1,1.75E-1,-5.01E-1));
#13091=VERTEX_POINT('',#13090);
#13092=CARTESIAN_POINT('',(-9.74E-1,1.75E-1,-6.25E-1));
#13093=VERTEX_POINT('',#13092);
#13094=CARTESIAN_POINT('',(-9.74E-1,1.75E-1,1.25E-1));
#13095=CARTESIAN_POINT('',(-8.5E-1,1.75E-1,1.E-3));
#13096=VERTEX_POINT('',#13094);
#13097=VERTEX_POINT('',#13095);
#13098=CARTESIAN_POINT('',(-8.5E-1,1.75E-1,-1.E-3));
#13099=VERTEX_POINT('',#13098);
#13100=CARTESIAN_POINT('',(-9.74E-1,1.75E-1,-1.25E-1));
#13101=VERTEX_POINT('',#13100);
#13102=CARTESIAN_POINT('',(-9.74E-1,1.75E-1,6.25E-1));
#13103=CARTESIAN_POINT('',(-8.5E-1,1.75E-1,5.01E-1));
#13104=VERTEX_POINT('',#13102);
#13105=VERTEX_POINT('',#13103);
#13106=CARTESIAN_POINT('',(-8.5E-1,1.75E-1,4.99E-1));
#13107=VERTEX_POINT('',#13106);
#13108=CARTESIAN_POINT('',(-9.74E-1,1.75E-1,3.75E-1));
#13109=VERTEX_POINT('',#13108);
#13110=CARTESIAN_POINT('',(-9.74E-1,1.75E-1,1.125E0));
#13111=CARTESIAN_POINT('',(-8.5E-1,1.75E-1,1.001E0));
#13112=VERTEX_POINT('',#13110);
#13113=VERTEX_POINT('',#13111);
#13114=CARTESIAN_POINT('',(-8.5E-1,1.75E-1,9.99E-1));
#13115=VERTEX_POINT('',#13114);
#13116=CARTESIAN_POINT('',(-9.74E-1,1.75E-1,8.75E-1));
#13117=VERTEX_POINT('',#13116);
#13118=CARTESIAN_POINT('',(9.74E-1,1.75E-1,-8.75E-1));
#13119=CARTESIAN_POINT('',(8.5E-1,1.75E-1,-9.99E-1));
#13120=VERTEX_POINT('',#13118);
#13121=VERTEX_POINT('',#13119);
#13122=CARTESIAN_POINT('',(8.5E-1,1.75E-1,-1.001E0));
#13123=VERTEX_POINT('',#13122);
#13124=CARTESIAN_POINT('',(9.74E-1,1.75E-1,-1.125E0));
#13125=VERTEX_POINT('',#13124);
#13126=CARTESIAN_POINT('',(9.74E-1,1.75E-1,-3.75E-1));
#13127=CARTESIAN_POINT('',(8.5E-1,1.75E-1,-4.99E-1));
#13128=VERTEX_POINT('',#13126);
#13129=VERTEX_POINT('',#13127);
#13130=CARTESIAN_POINT('',(8.5E-1,1.75E-1,-5.01E-1));
#13131=VERTEX_POINT('',#13130);
#13132=CARTESIAN_POINT('',(9.74E-1,1.75E-1,-6.25E-1));
#13133=VERTEX_POINT('',#13132);
#13134=CARTESIAN_POINT('',(9.74E-1,1.75E-1,1.25E-1));
#13135=CARTESIAN_POINT('',(8.5E-1,1.75E-1,1.E-3));
#13136=VERTEX_POINT('',#13134);
#13137=VERTEX_POINT('',#13135);
#13138=CARTESIAN_POINT('',(8.5E-1,1.75E-1,-1.E-3));
#13139=VERTEX_POINT('',#13138);
#13140=CARTESIAN_POINT('',(9.74E-1,1.75E-1,-1.25E-1));
#13141=VERTEX_POINT('',#13140);
#13142=CARTESIAN_POINT('',(9.74E-1,1.75E-1,6.25E-1));
#13143=CARTESIAN_POINT('',(8.5E-1,1.75E-1,5.01E-1));
#13144=VERTEX_POINT('',#13142);
#13145=VERTEX_POINT('',#13143);
#13146=CARTESIAN_POINT('',(8.5E-1,1.75E-1,4.99E-1));
#13147=VERTEX_POINT('',#13146);
#13148=CARTESIAN_POINT('',(9.74E-1,1.75E-1,3.75E-1));
#13149=VERTEX_POINT('',#13148);
#13150=CARTESIAN_POINT('',(9.74E-1,1.75E-1,1.125E0));
#13151=CARTESIAN_POINT('',(8.5E-1,1.75E-1,1.001E0));
#13152=VERTEX_POINT('',#13150);
#13153=VERTEX_POINT('',#13151);
#13154=CARTESIAN_POINT('',(8.5E-1,1.75E-1,9.99E-1));
#13155=VERTEX_POINT('',#13154);
#13156=CARTESIAN_POINT('',(9.74E-1,1.75E-1,8.75E-1));
#13157=VERTEX_POINT('',#13156);
#13158=CARTESIAN_POINT('',(-3.75E-1,1.75E-1,-1.224E0));
#13159=CARTESIAN_POINT('',(-2.51E-1,1.75E-1,-1.1E0));
#13160=VERTEX_POINT('',#13158);
#13161=VERTEX_POINT('',#13159);
#13162=CARTESIAN_POINT('',(-2.49E-1,1.75E-1,-1.1E0));
#13163=VERTEX_POINT('',#13162);
#13164=CARTESIAN_POINT('',(-1.25E-1,1.75E-1,-1.224E0));
#13165=VERTEX_POINT('',#13164);
#13166=CARTESIAN_POINT('',(1.25E-1,1.75E-1,-1.224E0));
#13167=CARTESIAN_POINT('',(2.49E-1,1.75E-1,-1.1E0));
#13168=VERTEX_POINT('',#13166);
#13169=VERTEX_POINT('',#13167);
#13170=CARTESIAN_POINT('',(2.51E-1,1.75E-1,-1.1E0));
#13171=VERTEX_POINT('',#13170);
#13172=CARTESIAN_POINT('',(3.75E-1,1.75E-1,-1.224E0));
#13173=VERTEX_POINT('',#13172);
#13174=CARTESIAN_POINT('',(-3.75E-1,1.75E-1,1.224E0));
#13175=CARTESIAN_POINT('',(-2.51E-1,1.75E-1,1.1E0));
#13176=VERTEX_POINT('',#13174);
#13177=VERTEX_POINT('',#13175);
#13178=CARTESIAN_POINT('',(-2.49E-1,1.75E-1,1.1E0));
#13179=VERTEX_POINT('',#13178);
#13180=CARTESIAN_POINT('',(-1.25E-1,1.75E-1,1.224E0));
#13181=VERTEX_POINT('',#13180);
#13182=CARTESIAN_POINT('',(1.25E-1,1.75E-1,1.224E0));
#13183=CARTESIAN_POINT('',(2.49E-1,1.75E-1,1.1E0));
#13184=VERTEX_POINT('',#13182);
#13185=VERTEX_POINT('',#13183);
#13186=CARTESIAN_POINT('',(2.51E-1,1.75E-1,1.1E0));
#13187=VERTEX_POINT('',#13186);
#13188=CARTESIAN_POINT('',(3.75E-1,1.75E-1,1.224E0));
#13189=VERTEX_POINT('',#13188);
#13190=CARTESIAN_POINT('',(-8.5E-1,0.E0,-9.99E-1));
#13191=VERTEX_POINT('',#13190);
#13192=CARTESIAN_POINT('',(-8.5E-1,0.E0,-1.001E0));
#13193=VERTEX_POINT('',#13192);
#13194=CARTESIAN_POINT('',(-8.5E-1,0.E0,-4.99E-1));
#13195=VERTEX_POINT('',#13194);
#13196=CARTESIAN_POINT('',(-8.5E-1,0.E0,-5.01E-1));
#13197=VERTEX_POINT('',#13196);
#13198=CARTESIAN_POINT('',(-8.5E-1,0.E0,1.E-3));
#13199=VERTEX_POINT('',#13198);
#13200=CARTESIAN_POINT('',(-8.5E-1,0.E0,-1.E-3));
#13201=VERTEX_POINT('',#13200);
#13202=CARTESIAN_POINT('',(-8.5E-1,0.E0,5.01E-1));
#13203=VERTEX_POINT('',#13202);
#13204=CARTESIAN_POINT('',(-8.5E-1,0.E0,4.99E-1));
#13205=VERTEX_POINT('',#13204);
#13206=CARTESIAN_POINT('',(-8.5E-1,0.E0,1.001E0));
#13207=VERTEX_POINT('',#13206);
#13208=CARTESIAN_POINT('',(-8.5E-1,0.E0,9.99E-1));
#13209=VERTEX_POINT('',#13208);
#13210=CARTESIAN_POINT('',(8.5E-1,0.E0,-9.99E-1));
#13211=VERTEX_POINT('',#13210);
#13212=CARTESIAN_POINT('',(8.5E-1,0.E0,-1.001E0));
#13213=VERTEX_POINT('',#13212);
#13214=CARTESIAN_POINT('',(8.5E-1,0.E0,-4.99E-1));
#13215=VERTEX_POINT('',#13214);
#13216=CARTESIAN_POINT('',(8.5E-1,0.E0,-5.01E-1));
#13217=VERTEX_POINT('',#13216);
#13218=CARTESIAN_POINT('',(8.5E-1,0.E0,1.E-3));
#13219=VERTEX_POINT('',#13218);
#13220=CARTESIAN_POINT('',(8.5E-1,0.E0,-1.E-3));
#13221=VERTEX_POINT('',#13220);
#13222=CARTESIAN_POINT('',(8.5E-1,0.E0,5.01E-1));
#13223=VERTEX_POINT('',#13222);
#13224=CARTESIAN_POINT('',(8.5E-1,0.E0,4.99E-1));
#13225=VERTEX_POINT('',#13224);
#13226=CARTESIAN_POINT('',(8.5E-1,0.E0,1.001E0));
#13227=VERTEX_POINT('',#13226);
#13228=CARTESIAN_POINT('',(8.5E-1,0.E0,9.99E-1));
#13229=VERTEX_POINT('',#13228);
#13230=CARTESIAN_POINT('',(-2.51E-1,0.E0,-1.1E0));
#13231=VERTEX_POINT('',#13230);
#13232=CARTESIAN_POINT('',(-2.49E-1,0.E0,-1.1E0));
#13233=VERTEX_POINT('',#13232);
#13234=CARTESIAN_POINT('',(2.49E-1,0.E0,-1.1E0));
#13235=VERTEX_POINT('',#13234);
#13236=CARTESIAN_POINT('',(2.51E-1,0.E0,-1.1E0));
#13237=VERTEX_POINT('',#13236);
#13238=CARTESIAN_POINT('',(-2.51E-1,0.E0,1.1E0));
#13239=VERTEX_POINT('',#13238);
#13240=CARTESIAN_POINT('',(-2.49E-1,0.E0,1.1E0));
#13241=VERTEX_POINT('',#13240);
#13242=CARTESIAN_POINT('',(2.49E-1,0.E0,1.1E0));
#13243=VERTEX_POINT('',#13242);
#13244=CARTESIAN_POINT('',(2.51E-1,0.E0,1.1E0));
#13245=VERTEX_POINT('',#13244);
#13246=CARTESIAN_POINT('',(-9.E-1,7.5E-2,1.4E0));
#13247=CARTESIAN_POINT('',(-1.05E0,7.5E-2,1.4E0));
#13248=VERTEX_POINT('',#13246);
#13249=VERTEX_POINT('',#13247);
#13250=CARTESIAN_POINT('',(7.E-1,7.5E-2,1.4E0));
#13251=CARTESIAN_POINT('',(5.55E-1,7.5E-2,1.4E0));
#13252=VERTEX_POINT('',#13250);
#13253=VERTEX_POINT('',#13251);
#13254=CARTESIAN_POINT('',(1.05E0,7.5E-2,1.4E0));
#13255=CARTESIAN_POINT('',(9.E-1,7.5E-2,1.4E0));
#13256=VERTEX_POINT('',#13254);
#13257=VERTEX_POINT('',#13255);
#13258=CARTESIAN_POINT('',(-7.E-1,7.5E-2,-1.4E0));
#13259=CARTESIAN_POINT('',(-5.55E-1,7.5E-2,-1.4E0));
#13260=VERTEX_POINT('',#13258);
#13261=VERTEX_POINT('',#13259);
#13262=CARTESIAN_POINT('',(-1.05E0,7.5E-2,-1.4E0));
#13263=CARTESIAN_POINT('',(-9.E-1,7.5E-2,-1.4E0));
#13264=VERTEX_POINT('',#13262);
#13265=VERTEX_POINT('',#13263);
#13266=CARTESIAN_POINT('',(5.55E-1,7.5E-2,-1.4E0));
#13267=CARTESIAN_POINT('',(7.E-1,7.5E-2,-1.4E0));
#13268=VERTEX_POINT('',#13266);
#13269=VERTEX_POINT('',#13267);
#13270=CARTESIAN_POINT('',(9.E-1,7.5E-2,-1.4E0));
#13271=CARTESIAN_POINT('',(1.05E0,7.5E-2,-1.4E0));
#13272=VERTEX_POINT('',#13270);
#13273=VERTEX_POINT('',#13271);
#13274=CARTESIAN_POINT('',(-9.E-1,1.75E-1,1.4E0));
#13275=CARTESIAN_POINT('',(-1.05E0,1.75E-1,1.4E0));
#13276=VERTEX_POINT('',#13274);
#13277=VERTEX_POINT('',#13275);
#13278=CARTESIAN_POINT('',(7.E-1,1.75E-1,1.4E0));
#13279=CARTESIAN_POINT('',(5.55E-1,1.75E-1,1.4E0));
#13280=VERTEX_POINT('',#13278);
#13281=VERTEX_POINT('',#13279);
#13282=CARTESIAN_POINT('',(1.05E0,1.75E-1,1.4E0));
#13283=CARTESIAN_POINT('',(9.E-1,1.75E-1,1.4E0));
#13284=VERTEX_POINT('',#13282);
#13285=VERTEX_POINT('',#13283);
#13286=CARTESIAN_POINT('',(-7.E-1,1.75E-1,-1.4E0));
#13287=CARTESIAN_POINT('',(-5.55E-1,1.75E-1,-1.4E0));
#13288=VERTEX_POINT('',#13286);
#13289=VERTEX_POINT('',#13287);
#13290=CARTESIAN_POINT('',(-1.05E0,1.75E-1,-1.4E0));
#13291=CARTESIAN_POINT('',(-9.E-1,1.75E-1,-1.4E0));
#13292=VERTEX_POINT('',#13290);
#13293=VERTEX_POINT('',#13291);
#13294=CARTESIAN_POINT('',(5.55E-1,1.75E-1,-1.4E0));
#13295=CARTESIAN_POINT('',(7.E-1,1.75E-1,-1.4E0));
#13296=VERTEX_POINT('',#13294);
#13297=VERTEX_POINT('',#13295);
#13298=CARTESIAN_POINT('',(9.E-1,1.75E-1,-1.4E0));
#13299=CARTESIAN_POINT('',(1.05E0,1.75E-1,-1.4E0));
#13300=VERTEX_POINT('',#13298);
#13301=VERTEX_POINT('',#13299);
#13302=CARTESIAN_POINT('',(5.55E-1,7.5E-2,1.5E0));
#13303=CARTESIAN_POINT('',(7.E-1,7.5E-2,1.5E0));
#13304=VERTEX_POINT('',#13302);
#13305=VERTEX_POINT('',#13303);
#13306=CARTESIAN_POINT('',(9.E-1,7.5E-2,1.5E0));
#13307=CARTESIAN_POINT('',(1.05E0,7.5E-2,1.5E0));
#13308=VERTEX_POINT('',#13306);
#13309=VERTEX_POINT('',#13307);
#13310=CARTESIAN_POINT('',(5.55E-1,1.75E-1,1.5E0));
#13311=CARTESIAN_POINT('',(7.E-1,1.75E-1,1.5E0));
#13312=VERTEX_POINT('',#13310);
#13313=VERTEX_POINT('',#13311);
#13314=CARTESIAN_POINT('',(9.E-1,1.75E-1,1.5E0));
#13315=CARTESIAN_POINT('',(1.05E0,1.75E-1,1.5E0));
#13316=VERTEX_POINT('',#13314);
#13317=VERTEX_POINT('',#13315);
#13318=CARTESIAN_POINT('',(5.55E-1,7.5E-2,-1.5E0));
#13319=CARTESIAN_POINT('',(7.E-1,7.5E-2,-1.5E0));
#13320=VERTEX_POINT('',#13318);
#13321=VERTEX_POINT('',#13319);
#13322=CARTESIAN_POINT('',(9.E-1,7.5E-2,-1.5E0));
#13323=CARTESIAN_POINT('',(1.05E0,7.5E-2,-1.5E0));
#13324=VERTEX_POINT('',#13322);
#13325=VERTEX_POINT('',#13323);
#13326=CARTESIAN_POINT('',(5.55E-1,1.75E-1,-1.5E0));
#13327=CARTESIAN_POINT('',(7.E-1,1.75E-1,-1.5E0));
#13328=VERTEX_POINT('',#13326);
#13329=VERTEX_POINT('',#13327);
#13330=CARTESIAN_POINT('',(9.E-1,1.75E-1,-1.5E0));
#13331=CARTESIAN_POINT('',(1.05E0,1.75E-1,-1.5E0));
#13332=VERTEX_POINT('',#13330);
#13333=VERTEX_POINT('',#13331);
#13334=CARTESIAN_POINT('',(0.E0,0.E0,0.E0));
#13335=DIRECTION('',(0.E0,1.E0,0.E0));
#13336=DIRECTION('',(1.E0,0.E0,0.E0));
#13337=AXIS2_PLACEMENT_3D('',#13334,#13335,#13336);
#13338=PLANE('',#13337);
#13340=ORIENTED_EDGE('',*,*,#13339,.F.);
#13342=ORIENTED_EDGE('',*,*,#13341,.T.);
#13344=ORIENTED_EDGE('',*,*,#13343,.T.);
#13346=ORIENTED_EDGE('',*,*,#13345,.F.);
#13348=ORIENTED_EDGE('',*,*,#13347,.F.);
#13350=ORIENTED_EDGE('',*,*,#13349,.F.);
#13352=ORIENTED_EDGE('',*,*,#13351,.F.);
#13354=ORIENTED_EDGE('',*,*,#13353,.T.);
#13356=ORIENTED_EDGE('',*,*,#13355,.T.);
#13358=ORIENTED_EDGE('',*,*,#13357,.F.);
#13360=ORIENTED_EDGE('',*,*,#13359,.F.);
#13362=ORIENTED_EDGE('',*,*,#13361,.F.);
#13364=ORIENTED_EDGE('',*,*,#13363,.F.);
#13366=ORIENTED_EDGE('',*,*,#13365,.T.);
#13368=ORIENTED_EDGE('',*,*,#13367,.T.);
#13370=ORIENTED_EDGE('',*,*,#13369,.F.);
#13372=ORIENTED_EDGE('',*,*,#13371,.F.);
#13374=ORIENTED_EDGE('',*,*,#13373,.F.);
#13376=ORIENTED_EDGE('',*,*,#13375,.F.);
#13378=ORIENTED_EDGE('',*,*,#13377,.T.);
#13380=ORIENTED_EDGE('',*,*,#13379,.T.);
#13382=ORIENTED_EDGE('',*,*,#13381,.F.);
#13384=ORIENTED_EDGE('',*,*,#13383,.F.);
#13386=ORIENTED_EDGE('',*,*,#13385,.F.);
#13388=ORIENTED_EDGE('',*,*,#13387,.F.);
#13390=ORIENTED_EDGE('',*,*,#13389,.T.);
#13392=ORIENTED_EDGE('',*,*,#13391,.T.);
#13394=ORIENTED_EDGE('',*,*,#13393,.T.);
#13396=ORIENTED_EDGE('',*,*,#13395,.T.);
#13398=ORIENTED_EDGE('',*,*,#13397,.T.);
#13400=ORIENTED_EDGE('',*,*,#13399,.T.);
#13402=ORIENTED_EDGE('',*,*,#13401,.F.);
#13404=ORIENTED_EDGE('',*,*,#13403,.T.);
#13406=ORIENTED_EDGE('',*,*,#13405,.T.);
#13408=ORIENTED_EDGE('',*,*,#13407,.T.);
#13410=ORIENTED_EDGE('',*,*,#13409,.T.);
#13412=ORIENTED_EDGE('',*,*,#13411,.T.);
#13414=ORIENTED_EDGE('',*,*,#13413,.F.);
#13416=ORIENTED_EDGE('',*,*,#13415,.T.);
#13418=ORIENTED_EDGE('',*,*,#13417,.T.);
#13420=ORIENTED_EDGE('',*,*,#13419,.T.);
#13422=ORIENTED_EDGE('',*,*,#13421,.T.);
#13424=ORIENTED_EDGE('',*,*,#13423,.T.);
#13426=ORIENTED_EDGE('',*,*,#13425,.T.);
#13428=ORIENTED_EDGE('',*,*,#13427,.F.);
#13430=ORIENTED_EDGE('',*,*,#13429,.T.);
#13432=ORIENTED_EDGE('',*,*,#13431,.T.);
#13434=ORIENTED_EDGE('',*,*,#13433,.T.);
#13436=ORIENTED_EDGE('',*,*,#13435,.T.);
#13438=ORIENTED_EDGE('',*,*,#13437,.T.);
#13440=ORIENTED_EDGE('',*,*,#13439,.F.);
#13442=ORIENTED_EDGE('',*,*,#13441,.T.);
#13444=ORIENTED_EDGE('',*,*,#13443,.T.);
#13446=ORIENTED_EDGE('',*,*,#13445,.T.);
#13448=ORIENTED_EDGE('',*,*,#13447,.T.);
#13450=ORIENTED_EDGE('',*,*,#13449,.T.);
#13452=ORIENTED_EDGE('',*,*,#13451,.F.);
#13454=ORIENTED_EDGE('',*,*,#13453,.T.);
#13456=ORIENTED_EDGE('',*,*,#13455,.T.);
#13458=ORIENTED_EDGE('',*,*,#13457,.T.);
#13460=ORIENTED_EDGE('',*,*,#13459,.T.);
#13462=ORIENTED_EDGE('',*,*,#13461,.T.);
#13464=ORIENTED_EDGE('',*,*,#13463,.F.);
#13466=ORIENTED_EDGE('',*,*,#13465,.T.);
#13468=ORIENTED_EDGE('',*,*,#13467,.T.);
#13470=ORIENTED_EDGE('',*,*,#13469,.T.);
#13472=ORIENTED_EDGE('',*,*,#13471,.T.);
#13474=ORIENTED_EDGE('',*,*,#13473,.T.);
#13476=ORIENTED_EDGE('',*,*,#13475,.F.);
#13478=ORIENTED_EDGE('',*,*,#13477,.T.);
#13480=ORIENTED_EDGE('',*,*,#13479,.T.);
#13482=ORIENTED_EDGE('',*,*,#13481,.T.);
#13484=ORIENTED_EDGE('',*,*,#13483,.F.);
#13486=ORIENTED_EDGE('',*,*,#13485,.F.);
#13488=ORIENTED_EDGE('',*,*,#13487,.F.);
#13490=ORIENTED_EDGE('',*,*,#13489,.F.);
#13492=ORIENTED_EDGE('',*,*,#13491,.T.);
#13494=ORIENTED_EDGE('',*,*,#13493,.T.);
#13496=ORIENTED_EDGE('',*,*,#13495,.F.);
#13498=ORIENTED_EDGE('',*,*,#13497,.F.);
#13500=ORIENTED_EDGE('',*,*,#13499,.F.);
#13502=ORIENTED_EDGE('',*,*,#13501,.F.);
#13504=ORIENTED_EDGE('',*,*,#13503,.T.);
#13506=ORIENTED_EDGE('',*,*,#13505,.T.);
#13508=ORIENTED_EDGE('',*,*,#13507,.T.);
#13510=ORIENTED_EDGE('',*,*,#13509,.F.);
#13512=ORIENTED_EDGE('',*,*,#13511,.F.);
#13514=ORIENTED_EDGE('',*,*,#13513,.F.);
#13515=EDGE_LOOP('',(#13340,#13342,#13344,#13346,#13348,#13350,#13352,#13354,
#13356,#13358,#13360,#13362,#13364,#13366,#13368,#13370,#13372,#13374,#13376,
#13378,#13380,#13382,#13384,#13386,#13388,#13390,#13392,#13394,#13396,#13398,
#13400,#13402,#13404,#13406,#13408,#13410,#13412,#13414,#13416,#13418,#13420,
#13422,#13424,#13426,#13428,#13430,#13432,#13434,#13436,#13438,#13440,#13442,
#13444,#13446,#13448,#13450,#13452,#13454,#13456,#13458,#13460,#13462,#13464,
#13466,#13468,#13470,#13472,#13474,#13476,#13478,#13480,#13482,#13484,#13486,
#13488,#13490,#13492,#13494,#13496,#13498,#13500,#13502,#13504,#13506,#13508,
#13510,#13512,#13514));
#13516=FACE_OUTER_BOUND('',#13515,.F.);
#13518=ORIENTED_EDGE('',*,*,#13517,.F.);
#13520=ORIENTED_EDGE('',*,*,#13519,.T.);
#13522=ORIENTED_EDGE('',*,*,#13521,.F.);
#13524=ORIENTED_EDGE('',*,*,#13523,.F.);
#13526=ORIENTED_EDGE('',*,*,#13525,.F.);
#13527=EDGE_LOOP('',(#13518,#13520,#13522,#13524,#13526));
#13528=FACE_BOUND('',#13527,.F.);
#13529=ADVANCED_FACE('',(#13516,#13528),#13338,.F.);
#13530=CARTESIAN_POINT('',(-1.35E0,-2.5E-2,-8.75E-1));
#13531=DIRECTION('',(0.E0,0.E0,1.E0));
#13532=DIRECTION('',(1.E0,0.E0,0.E0));
#13533=AXIS2_PLACEMENT_3D('',#13530,#13531,#13532);
#13534=PLANE('',#13533);
#13535=ORIENTED_EDGE('',*,*,#13339,.T.);
#13537=ORIENTED_EDGE('',*,*,#13536,.T.);
#13539=ORIENTED_EDGE('',*,*,#13538,.F.);
#13541=ORIENTED_EDGE('',*,*,#13540,.F.);
#13542=EDGE_LOOP('',(#13535,#13537,#13539,#13541));
#13543=FACE_OUTER_BOUND('',#13542,.F.);
#13544=ADVANCED_FACE('',(#13543),#13534,.F.);
#13545=CARTESIAN_POINT('',(-9.74E-1,-2.5E-2,-9.99E-1));
#13546=DIRECTION('',(0.E0,1.E0,0.E0));
#13547=DIRECTION('',(1.E0,0.E0,0.E0));
#13548=AXIS2_PLACEMENT_3D('',#13545,#13546,#13547);
#13549=CYLINDRICAL_SURFACE('',#13548,1.24E-1);
#13550=ORIENTED_EDGE('',*,*,#13513,.T.);
#13552=ORIENTED_EDGE('',*,*,#13551,.T.);
#13554=ORIENTED_EDGE('',*,*,#13553,.F.);
#13555=ORIENTED_EDGE('',*,*,#13536,.F.);
#13556=EDGE_LOOP('',(#13550,#13552,#13554,#13555));
#13557=FACE_OUTER_BOUND('',#13556,.F.);
#13558=ADVANCED_FACE('',(#13557),#13549,.F.);
#13559=CARTESIAN_POINT('',(-8.5E-1,-2.5E-2,-9.99E-1));
#13560=DIRECTION('',(1.E0,0.E0,0.E0));
#13561=DIRECTION('',(0.E0,0.E0,-1.E0));
#13562=AXIS2_PLACEMENT_3D('',#13559,#13560,#13561);
#13563=PLANE('',#13562);
#13564=ORIENTED_EDGE('',*,*,#13511,.T.);
#13566=ORIENTED_EDGE('',*,*,#13565,.T.);
#13568=ORIENTED_EDGE('',*,*,#13567,.F.);
#13569=ORIENTED_EDGE('',*,*,#13551,.F.);
#13570=EDGE_LOOP('',(#13564,#13566,#13568,#13569));
#13571=FACE_OUTER_BOUND('',#13570,.F.);
#13572=ADVANCED_FACE('',(#13571),#13563,.F.);
#13573=CARTESIAN_POINT('',(-9.74E-1,-2.5E-2,-1.001E0));
#13574=DIRECTION('',(0.E0,1.E0,0.E0));
#13575=DIRECTION('',(1.E0,0.E0,0.E0));
#13576=AXIS2_PLACEMENT_3D('',#13573,#13574,#13575);
#13577=CYLINDRICAL_SURFACE('',#13576,1.24E-1);
#13578=ORIENTED_EDGE('',*,*,#13509,.T.);
#13580=ORIENTED_EDGE('',*,*,#13579,.T.);
#13582=ORIENTED_EDGE('',*,*,#13581,.F.);
#13583=ORIENTED_EDGE('',*,*,#13565,.F.);
#13584=EDGE_LOOP('',(#13578,#13580,#13582,#13583));
#13585=FACE_OUTER_BOUND('',#13584,.F.);
#13586=ADVANCED_FACE('',(#13585),#13577,.F.);
#13587=CARTESIAN_POINT('',(-9.74E-1,-2.5E-2,-1.125E0));
#13588=DIRECTION('',(0.E0,0.E0,-1.E0));
#13589=DIRECTION('',(-1.E0,0.E0,0.E0));
#13590=AXIS2_PLACEMENT_3D('',#13587,#13588,#13589);
#13591=PLANE('',#13590);
#13592=ORIENTED_EDGE('',*,*,#13507,.F.);
#13594=ORIENTED_EDGE('',*,*,#13593,.T.);
#13596=ORIENTED_EDGE('',*,*,#13595,.F.);
#13597=ORIENTED_EDGE('',*,*,#13579,.F.);
#13598=EDGE_LOOP('',(#13592,#13594,#13596,#13597));
#13599=FACE_OUTER_BOUND('',#13598,.F.);
#13600=ADVANCED_FACE('',(#13599),#13591,.F.);
#13601=CARTESIAN_POINT('',(-1.25E0,0.E0,-1.5E0));
#13602=DIRECTION('',(-1.E0,0.E0,0.E0));
#13603=DIRECTION('',(0.E0,0.E0,1.E0));
#13604=AXIS2_PLACEMENT_3D('',#13601,#13602,#13603);
#13605=PLANE('',#13604);
#13607=ORIENTED_EDGE('',*,*,#13606,.T.);
#13608=ORIENTED_EDGE('',*,*,#13593,.F.);
#13609=ORIENTED_EDGE('',*,*,#13505,.F.);
#13611=ORIENTED_EDGE('',*,*,#13610,.T.);
#13613=ORIENTED_EDGE('',*,*,#13612,.T.);
#13615=ORIENTED_EDGE('',*,*,#13614,.F.);
#13616=ORIENTED_EDGE('',*,*,#13389,.F.);
#13618=ORIENTED_EDGE('',*,*,#13617,.T.);
#13620=ORIENTED_EDGE('',*,*,#13619,.T.);
#13622=ORIENTED_EDGE('',*,*,#13621,.F.);
#13623=ORIENTED_EDGE('',*,*,#13377,.F.);
#13625=ORIENTED_EDGE('',*,*,#13624,.T.);
#13627=ORIENTED_EDGE('',*,*,#13626,.T.);
#13629=ORIENTED_EDGE('',*,*,#13628,.F.);
#13630=ORIENTED_EDGE('',*,*,#13365,.F.);
#13632=ORIENTED_EDGE('',*,*,#13631,.T.);
#13634=ORIENTED_EDGE('',*,*,#13633,.T.);
#13636=ORIENTED_EDGE('',*,*,#13635,.F.);
#13637=ORIENTED_EDGE('',*,*,#13353,.F.);
#13639=ORIENTED_EDGE('',*,*,#13638,.T.);
#13641=ORIENTED_EDGE('',*,*,#13640,.T.);
#13643=ORIENTED_EDGE('',*,*,#13642,.F.);
#13644=ORIENTED_EDGE('',*,*,#13341,.F.);
#13645=ORIENTED_EDGE('',*,*,#13540,.T.);
#13646=EDGE_LOOP('',(#13607,#13608,#13609,#13611,#13613,#13615,#13616,#13618,
#13620,#13622,#13623,#13625,#13627,#13629,#13630,#13632,#13634,#13636,#13637,
#13639,#13641,#13643,#13644,#13645));
#13647=FACE_OUTER_BOUND('',#13646,.F.);
#13648=ADVANCED_FACE('',(#13647),#13605,.T.);
#13649=CARTESIAN_POINT('',(0.E0,1.75E-1,0.E0));
#13650=DIRECTION('',(0.E0,1.E0,0.E0));
#13651=DIRECTION('',(1.E0,0.E0,0.E0));
#13652=AXIS2_PLACEMENT_3D('',#13649,#13650,#13651);
#13653=PLANE('',#13652);
#13654=ORIENTED_EDGE('',*,*,#13606,.F.);
#13655=ORIENTED_EDGE('',*,*,#13538,.T.);
#13656=ORIENTED_EDGE('',*,*,#13553,.T.);
#13657=ORIENTED_EDGE('',*,*,#13567,.T.);
#13658=ORIENTED_EDGE('',*,*,#13581,.T.);
#13659=ORIENTED_EDGE('',*,*,#13595,.T.);
#13660=EDGE_LOOP('',(#13654,#13655,#13656,#13657,#13658,#13659));
#13661=FACE_OUTER_BOUND('',#13660,.F.);
#13662=ADVANCED_FACE('',(#13661),#13653,.F.);
#13663=CARTESIAN_POINT('',(1.25E0,0.E0,-1.5E0));
#13664=DIRECTION('',(0.E0,0.E0,-1.E0));
#13665=DIRECTION('',(-1.E0,0.E0,0.E0));
#13666=AXIS2_PLACEMENT_3D('',#13663,#13664,#13665);
#13667=PLANE('',#13666);
#13669=ORIENTED_EDGE('',*,*,#13668,.T.);
#13671=ORIENTED_EDGE('',*,*,#13670,.T.);
#13673=ORIENTED_EDGE('',*,*,#13672,.F.);
#13674=ORIENTED_EDGE('',*,*,#13491,.F.);
#13676=ORIENTED_EDGE('',*,*,#13675,.T.);
#13678=ORIENTED_EDGE('',*,*,#13677,.T.);
#13680=ORIENTED_EDGE('',*,*,#13679,.F.);
#13681=ORIENTED_EDGE('',*,*,#13479,.F.);
#13683=ORIENTED_EDGE('',*,*,#13682,.T.);
#13685=ORIENTED_EDGE('',*,*,#13684,.T.);
#13686=ORIENTED_EDGE('',*,*,#13610,.F.);
#13687=ORIENTED_EDGE('',*,*,#13503,.F.);
#13688=EDGE_LOOP('',(#13669,#13671,#13673,#13674,#13676,#13678,#13680,#13681,
#13683,#13685,#13686,#13687));
#13689=FACE_OUTER_BOUND('',#13688,.F.);
#13691=ORIENTED_EDGE('',*,*,#13690,.T.);
#13693=ORIENTED_EDGE('',*,*,#13692,.T.);
#13695=ORIENTED_EDGE('',*,*,#13694,.F.);
#13697=ORIENTED_EDGE('',*,*,#13696,.F.);
#13698=EDGE_LOOP('',(#13691,#13693,#13695,#13697));
#13699=FACE_BOUND('',#13698,.F.);
#13701=ORIENTED_EDGE('',*,*,#13700,.T.);
#13703=ORIENTED_EDGE('',*,*,#13702,.T.);
#13705=ORIENTED_EDGE('',*,*,#13704,.F.);
#13707=ORIENTED_EDGE('',*,*,#13706,.F.);
#13708=EDGE_LOOP('',(#13701,#13703,#13705,#13707));
#13709=FACE_BOUND('',#13708,.F.);
#13711=ORIENTED_EDGE('',*,*,#13710,.F.);
#13713=ORIENTED_EDGE('',*,*,#13712,.T.);
#13715=ORIENTED_EDGE('',*,*,#13714,.T.);
#13717=ORIENTED_EDGE('',*,*,#13716,.F.);
#13718=EDGE_LOOP('',(#13711,#13713,#13715,#13717));
#13719=FACE_BOUND('',#13718,.F.);
#13721=ORIENTED_EDGE('',*,*,#13720,.F.);
#13723=ORIENTED_EDGE('',*,*,#13722,.T.);
#13725=ORIENTED_EDGE('',*,*,#13724,.T.);
#13727=ORIENTED_EDGE('',*,*,#13726,.F.);
#13728=EDGE_LOOP('',(#13721,#13723,#13725,#13727));
#13729=FACE_BOUND('',#13728,.F.);
#13730=ADVANCED_FACE('',(#13689,#13699,#13709,#13719,#13729),#13667,.T.);
#13731=CARTESIAN_POINT('',(-3.75E-1,-2.5E-2,-1.6E0));
#13732=DIRECTION('',(-1.E0,0.E0,0.E0));
#13733=DIRECTION('',(0.E0,0.E0,1.E0));
#13734=AXIS2_PLACEMENT_3D('',#13731,#13732,#13733);
#13735=PLANE('',#13734);
#13736=ORIENTED_EDGE('',*,*,#13501,.T.);
#13738=ORIENTED_EDGE('',*,*,#13737,.T.);
#13740=ORIENTED_EDGE('',*,*,#13739,.F.);
#13741=ORIENTED_EDGE('',*,*,#13668,.F.);
#13742=EDGE_LOOP('',(#13736,#13738,#13740,#13741));
#13743=FACE_OUTER_BOUND('',#13742,.F.);
#13744=ADVANCED_FACE('',(#13743),#13735,.F.);
#13745=CARTESIAN_POINT('',(-2.51E-1,-2.5E-2,-1.224E0));
#13746=DIRECTION('',(0.E0,1.E0,0.E0));
#13747=DIRECTION('',(1.E0,0.E0,0.E0));
#13748=AXIS2_PLACEMENT_3D('',#13745,#13746,#13747);
#13749=CYLINDRICAL_SURFACE('',#13748,1.24E-1);
#13750=ORIENTED_EDGE('',*,*,#13499,.T.);
#13752=ORIENTED_EDGE('',*,*,#13751,.T.);
#13754=ORIENTED_EDGE('',*,*,#13753,.F.);
#13755=ORIENTED_EDGE('',*,*,#13737,.F.);
#13756=EDGE_LOOP('',(#13750,#13752,#13754,#13755));
#13757=FACE_OUTER_BOUND('',#13756,.F.);
#13758=ADVANCED_FACE('',(#13757),#13749,.F.);
#13759=CARTESIAN_POINT('',(-2.51E-1,-2.5E-2,-1.1E0));
#13760=DIRECTION('',(0.E0,0.E0,1.E0));
#13761=DIRECTION('',(1.E0,0.E0,0.E0));
#13762=AXIS2_PLACEMENT_3D('',#13759,#13760,#13761);
#13763=PLANE('',#13762);
#13764=ORIENTED_EDGE('',*,*,#13497,.T.);
#13766=ORIENTED_EDGE('',*,*,#13765,.T.);
#13768=ORIENTED_EDGE('',*,*,#13767,.F.);
#13769=ORIENTED_EDGE('',*,*,#13751,.F.);
#13770=EDGE_LOOP('',(#13764,#13766,#13768,#13769));
#13771=FACE_OUTER_BOUND('',#13770,.F.);
#13772=ADVANCED_FACE('',(#13771),#13763,.F.);
#13773=CARTESIAN_POINT('',(-2.49E-1,-2.5E-2,-1.224E0));
#13774=DIRECTION('',(0.E0,1.E0,0.E0));
#13775=DIRECTION('',(1.E0,0.E0,0.E0));
#13776=AXIS2_PLACEMENT_3D('',#13773,#13774,#13775);
#13777=CYLINDRICAL_SURFACE('',#13776,1.24E-1);
#13778=ORIENTED_EDGE('',*,*,#13495,.T.);
#13780=ORIENTED_EDGE('',*,*,#13779,.T.);
#13782=ORIENTED_EDGE('',*,*,#13781,.F.);
#13783=ORIENTED_EDGE('',*,*,#13765,.F.);
#13784=EDGE_LOOP('',(#13778,#13780,#13782,#13783));
#13785=FACE_OUTER_BOUND('',#13784,.F.);
#13786=ADVANCED_FACE('',(#13785),#13777,.F.);
#13787=CARTESIAN_POINT('',(-1.25E-1,-2.5E-2,-1.224E0));
#13788=DIRECTION('',(1.E0,0.E0,0.E0));
#13789=DIRECTION('',(0.E0,0.E0,-1.E0));
#13790=AXIS2_PLACEMENT_3D('',#13787,#13788,#13789);
#13791=PLANE('',#13790);
#13792=ORIENTED_EDGE('',*,*,#13493,.F.);
#13793=ORIENTED_EDGE('',*,*,#13672,.T.);
#13795=ORIENTED_EDGE('',*,*,#13794,.F.);
#13796=ORIENTED_EDGE('',*,*,#13779,.F.);
#13797=EDGE_LOOP('',(#13792,#13793,#13795,#13796));
#13798=FACE_OUTER_BOUND('',#13797,.F.);
#13799=ADVANCED_FACE('',(#13798),#13791,.F.);
#13800=CARTESIAN_POINT('',(0.E0,1.75E-1,0.E0));
#13801=DIRECTION('',(0.E0,1.E0,0.E0));
#13802=DIRECTION('',(1.E0,0.E0,0.E0));
#13803=AXIS2_PLACEMENT_3D('',#13800,#13801,#13802);
#13804=PLANE('',#13803);
#13805=ORIENTED_EDGE('',*,*,#13670,.F.);
#13806=ORIENTED_EDGE('',*,*,#13739,.T.);
#13807=ORIENTED_EDGE('',*,*,#13753,.T.);
#13808=ORIENTED_EDGE('',*,*,#13767,.T.);
#13809=ORIENTED_EDGE('',*,*,#13781,.T.);
#13810=ORIENTED_EDGE('',*,*,#13794,.T.);
#13811=EDGE_LOOP('',(#13805,#13806,#13807,#13808,#13809,#13810));
#13812=FACE_OUTER_BOUND('',#13811,.F.);
#13813=ADVANCED_FACE('',(#13812),#13804,.F.);
#13814=CARTESIAN_POINT('',(1.25E-1,-2.5E-2,-1.6E0));
#13815=DIRECTION('',(-1.E0,0.E0,0.E0));
#13816=DIRECTION('',(0.E0,0.E0,1.E0));
#13817=AXIS2_PLACEMENT_3D('',#13814,#13815,#13816);
#13818=PLANE('',#13817);
#13819=ORIENTED_EDGE('',*,*,#13489,.T.);
#13821=ORIENTED_EDGE('',*,*,#13820,.T.);
#13823=ORIENTED_EDGE('',*,*,#13822,.F.);
#13824=ORIENTED_EDGE('',*,*,#13675,.F.);
#13825=EDGE_LOOP('',(#13819,#13821,#13823,#13824));
#13826=FACE_OUTER_BOUND('',#13825,.F.);
#13827=ADVANCED_FACE('',(#13826),#13818,.F.);
#13828=CARTESIAN_POINT('',(2.49E-1,-2.5E-2,-1.224E0));
#13829=DIRECTION('',(0.E0,1.E0,0.E0));
#13830=DIRECTION('',(1.E0,0.E0,0.E0));
#13831=AXIS2_PLACEMENT_3D('',#13828,#13829,#13830);
#13832=CYLINDRICAL_SURFACE('',#13831,1.24E-1);
#13833=ORIENTED_EDGE('',*,*,#13487,.T.);
#13835=ORIENTED_EDGE('',*,*,#13834,.T.);
#13837=ORIENTED_EDGE('',*,*,#13836,.F.);
#13838=ORIENTED_EDGE('',*,*,#13820,.F.);
#13839=EDGE_LOOP('',(#13833,#13835,#13837,#13838));
#13840=FACE_OUTER_BOUND('',#13839,.F.);
#13841=ADVANCED_FACE('',(#13840),#13832,.F.);
#13842=CARTESIAN_POINT('',(2.49E-1,-2.5E-2,-1.1E0));
#13843=DIRECTION('',(0.E0,0.E0,1.E0));
#13844=DIRECTION('',(1.E0,0.E0,0.E0));
#13845=AXIS2_PLACEMENT_3D('',#13842,#13843,#13844);
#13846=PLANE('',#13845);
#13847=ORIENTED_EDGE('',*,*,#13485,.T.);
#13849=ORIENTED_EDGE('',*,*,#13848,.T.);
#13851=ORIENTED_EDGE('',*,*,#13850,.F.);
#13852=ORIENTED_EDGE('',*,*,#13834,.F.);
#13853=EDGE_LOOP('',(#13847,#13849,#13851,#13852));
#13854=FACE_OUTER_BOUND('',#13853,.F.);
#13855=ADVANCED_FACE('',(#13854),#13846,.F.);
#13856=CARTESIAN_POINT('',(2.51E-1,-2.5E-2,-1.224E0));
#13857=DIRECTION('',(0.E0,1.E0,0.E0));
#13858=DIRECTION('',(1.E0,0.E0,0.E0));
#13859=AXIS2_PLACEMENT_3D('',#13856,#13857,#13858);
#13860=CYLINDRICAL_SURFACE('',#13859,1.24E-1);
#13861=ORIENTED_EDGE('',*,*,#13483,.T.);
#13863=ORIENTED_EDGE('',*,*,#13862,.T.);
#13865=ORIENTED_EDGE('',*,*,#13864,.F.);
#13866=ORIENTED_EDGE('',*,*,#13848,.F.);
#13867=EDGE_LOOP('',(#13861,#13863,#13865,#13866));
#13868=FACE_OUTER_BOUND('',#13867,.F.);
#13869=ADVANCED_FACE('',(#13868),#13860,.F.);
#13870=CARTESIAN_POINT('',(3.75E-1,-2.5E-2,-1.224E0));
#13871=DIRECTION('',(1.E0,0.E0,0.E0));
#13872=DIRECTION('',(0.E0,0.E0,-1.E0));
#13873=AXIS2_PLACEMENT_3D('',#13870,#13871,#13872);
#13874=PLANE('',#13873);
#13875=ORIENTED_EDGE('',*,*,#13481,.F.);
#13876=ORIENTED_EDGE('',*,*,#13679,.T.);
#13878=ORIENTED_EDGE('',*,*,#13877,.F.);
#13879=ORIENTED_EDGE('',*,*,#13862,.F.);
#13880=EDGE_LOOP('',(#13875,#13876,#13878,#13879));
#13881=FACE_OUTER_BOUND('',#13880,.F.);
#13882=ADVANCED_FACE('',(#13881),#13874,.F.);
#13883=CARTESIAN_POINT('',(0.E0,1.75E-1,0.E0));
#13884=DIRECTION('',(0.E0,1.E0,0.E0));
#13885=DIRECTION('',(1.E0,0.E0,0.E0));
#13886=AXIS2_PLACEMENT_3D('',#13883,#13884,#13885);
#13887=PLANE('',#13886);
#13888=ORIENTED_EDGE('',*,*,#13677,.F.);
#13889=ORIENTED_EDGE('',*,*,#13822,.T.);
#13890=ORIENTED_EDGE('',*,*,#13836,.T.);
#13891=ORIENTED_EDGE('',*,*,#13850,.T.);
#13892=ORIENTED_EDGE('',*,*,#13864,.T.);
#13893=ORIENTED_EDGE('',*,*,#13877,.T.);
#13894=EDGE_LOOP('',(#13888,#13889,#13890,#13891,#13892,#13893));
#13895=FACE_OUTER_BOUND('',#13894,.F.);
#13896=ADVANCED_FACE('',(#13895),#13887,.F.);
#13897=CARTESIAN_POINT('',(1.25E0,0.E0,1.5E0));
#13898=DIRECTION('',(1.E0,0.E0,0.E0));
#13899=DIRECTION('',(0.E0,0.E0,-1.E0));
#13900=AXIS2_PLACEMENT_3D('',#13897,#13898,#13899);
#13901=PLANE('',#13900);
#13903=ORIENTED_EDGE('',*,*,#13902,.F.);
#13905=ORIENTED_EDGE('',*,*,#13904,.F.);
#13906=ORIENTED_EDGE('',*,*,#13465,.F.);
#13908=ORIENTED_EDGE('',*,*,#13907,.T.);
#13910=ORIENTED_EDGE('',*,*,#13909,.F.);
#13912=ORIENTED_EDGE('',*,*,#13911,.F.);
#13913=ORIENTED_EDGE('',*,*,#13453,.F.);
#13915=ORIENTED_EDGE('',*,*,#13914,.T.);
#13917=ORIENTED_EDGE('',*,*,#13916,.F.);
#13919=ORIENTED_EDGE('',*,*,#13918,.F.);
#13920=ORIENTED_EDGE('',*,*,#13441,.F.);
#13922=ORIENTED_EDGE('',*,*,#13921,.T.);
#13924=ORIENTED_EDGE('',*,*,#13923,.F.);
#13926=ORIENTED_EDGE('',*,*,#13925,.F.);
#13927=ORIENTED_EDGE('',*,*,#13429,.F.);
#13929=ORIENTED_EDGE('',*,*,#13928,.T.);
#13931=ORIENTED_EDGE('',*,*,#13930,.F.);
#13933=ORIENTED_EDGE('',*,*,#13932,.F.);
#13934=ORIENTED_EDGE('',*,*,#13417,.F.);
#13936=ORIENTED_EDGE('',*,*,#13935,.T.);
#13938=ORIENTED_EDGE('',*,*,#13937,.T.);
#13939=ORIENTED_EDGE('',*,*,#13682,.F.);
#13940=ORIENTED_EDGE('',*,*,#13477,.F.);
#13942=ORIENTED_EDGE('',*,*,#13941,.T.);
#13943=EDGE_LOOP('',(#13903,#13905,#13906,#13908,#13910,#13912,#13913,#13915,
#13917,#13919,#13920,#13922,#13924,#13926,#13927,#13929,#13931,#13933,#13934,
#13936,#13938,#13939,#13940,#13942));
#13944=FACE_OUTER_BOUND('',#13943,.F.);
#13945=ADVANCED_FACE('',(#13944),#13901,.T.);
#13946=CARTESIAN_POINT('',(0.E0,1.75E-1,0.E0));
#13947=DIRECTION('',(0.E0,-1.E0,0.E0));
#13948=DIRECTION('',(-1.E0,0.E0,0.E0));
#13949=AXIS2_PLACEMENT_3D('',#13946,#13947,#13948);
#13950=PLANE('',#13949);
#13951=ORIENTED_EDGE('',*,*,#13902,.T.);
#13953=ORIENTED_EDGE('',*,*,#13952,.F.);
#13955=ORIENTED_EDGE('',*,*,#13954,.F.);
#13957=ORIENTED_EDGE('',*,*,#13956,.F.);
#13959=ORIENTED_EDGE('',*,*,#13958,.F.);
#13961=ORIENTED_EDGE('',*,*,#13960,.F.);
#13962=EDGE_LOOP('',(#13951,#13953,#13955,#13957,#13959,#13961));
#13963=FACE_OUTER_BOUND('',#13962,.F.);
#13964=ADVANCED_FACE('',(#13963),#13950,.T.);
#13965=CARTESIAN_POINT('',(9.74E-1,-2.5E-2,-1.125E0));
#13966=DIRECTION('',(0.E0,0.E0,1.E0));
#13967=DIRECTION('',(1.E0,0.E0,0.E0));
#13968=AXIS2_PLACEMENT_3D('',#13965,#13966,#13967);
#13969=PLANE('',#13968);
#13970=ORIENTED_EDGE('',*,*,#13475,.T.);
#13972=ORIENTED_EDGE('',*,*,#13971,.T.);
#13973=ORIENTED_EDGE('',*,*,#13952,.T.);
#13974=ORIENTED_EDGE('',*,*,#13941,.F.);
#13975=EDGE_LOOP('',(#13970,#13972,#13973,#13974));
#13976=FACE_OUTER_BOUND('',#13975,.F.);
#13977=ADVANCED_FACE('',(#13976),#13969,.T.);
#13978=CARTESIAN_POINT('',(9.74E-1,-2.5E-2,-1.001E0));
#13979=DIRECTION('',(0.E0,-1.E0,0.E0));
#13980=DIRECTION('',(-1.E0,0.E0,0.E0));
#13981=AXIS2_PLACEMENT_3D('',#13978,#13979,#13980);
#13982=CYLINDRICAL_SURFACE('',#13981,1.24E-1);
#13983=ORIENTED_EDGE('',*,*,#13473,.F.);
#13985=ORIENTED_EDGE('',*,*,#13984,.T.);
#13986=ORIENTED_EDGE('',*,*,#13954,.T.);
#13987=ORIENTED_EDGE('',*,*,#13971,.F.);
#13988=EDGE_LOOP('',(#13983,#13985,#13986,#13987));
#13989=FACE_OUTER_BOUND('',#13988,.F.);
#13990=ADVANCED_FACE('',(#13989),#13982,.F.);
#13991=CARTESIAN_POINT('',(8.5E-1,-2.5E-2,-9.99E-1));
#13992=DIRECTION('',(1.E0,0.E0,0.E0));
#13993=DIRECTION('',(0.E0,0.E0,-1.E0));
#13994=AXIS2_PLACEMENT_3D('',#13991,#13992,#13993);
#13995=PLANE('',#13994);
#13996=ORIENTED_EDGE('',*,*,#13471,.F.);
#13998=ORIENTED_EDGE('',*,*,#13997,.T.);
#13999=ORIENTED_EDGE('',*,*,#13956,.T.);
#14000=ORIENTED_EDGE('',*,*,#13984,.F.);
#14001=EDGE_LOOP('',(#13996,#13998,#13999,#14000));
#14002=FACE_OUTER_BOUND('',#14001,.F.);
#14003=ADVANCED_FACE('',(#14002),#13995,.T.);
#14004=CARTESIAN_POINT('',(9.74E-1,-2.5E-2,-9.99E-1));
#14005=DIRECTION('',(0.E0,-1.E0,0.E0));
#14006=DIRECTION('',(-1.E0,0.E0,0.E0));
#14007=AXIS2_PLACEMENT_3D('',#14004,#14005,#14006);
#14008=CYLINDRICAL_SURFACE('',#14007,1.24E-1);
#14009=ORIENTED_EDGE('',*,*,#13469,.F.);
#14011=ORIENTED_EDGE('',*,*,#14010,.T.);
#14012=ORIENTED_EDGE('',*,*,#13958,.T.);
#14013=ORIENTED_EDGE('',*,*,#13997,.F.);
#14014=EDGE_LOOP('',(#14009,#14011,#14012,#14013));
#14015=FACE_OUTER_BOUND('',#14014,.F.);
#14016=ADVANCED_FACE('',(#14015),#14008,.F.);
#14017=CARTESIAN_POINT('',(1.35E0,-2.5E-2,-8.75E-1));
#14018=DIRECTION('',(0.E0,0.E0,-1.E0));
#14019=DIRECTION('',(-1.E0,0.E0,0.E0));
#14020=AXIS2_PLACEMENT_3D('',#14017,#14018,#14019);
#14021=PLANE('',#14020);
#14022=ORIENTED_EDGE('',*,*,#13467,.F.);
#14023=ORIENTED_EDGE('',*,*,#13904,.T.);
#14024=ORIENTED_EDGE('',*,*,#13960,.T.);
#14025=ORIENTED_EDGE('',*,*,#14010,.F.);
#14026=EDGE_LOOP('',(#14022,#14023,#14024,#14025));
#14027=FACE_OUTER_BOUND('',#14026,.F.);
#14028=ADVANCED_FACE('',(#14027),#14021,.T.);
#14029=CARTESIAN_POINT('',(9.74E-1,-2.5E-2,-6.25E-1));
#14030=DIRECTION('',(0.E0,0.E0,1.E0));
#14031=DIRECTION('',(1.E0,0.E0,0.E0));
#14032=AXIS2_PLACEMENT_3D('',#14029,#14030,#14031);
#14033=PLANE('',#14032);
#14034=ORIENTED_EDGE('',*,*,#13463,.T.);
#14036=ORIENTED_EDGE('',*,*,#14035,.T.);
#14038=ORIENTED_EDGE('',*,*,#14037,.T.);
#14039=ORIENTED_EDGE('',*,*,#13907,.F.);
#14040=EDGE_LOOP('',(#14034,#14036,#14038,#14039));
#14041=FACE_OUTER_BOUND('',#14040,.F.);
#14042=ADVANCED_FACE('',(#14041),#14033,.T.);
#14043=CARTESIAN_POINT('',(9.74E-1,-2.5E-2,-5.01E-1));
#14044=DIRECTION('',(0.E0,-1.E0,0.E0));
#14045=DIRECTION('',(-1.E0,0.E0,0.E0));
#14046=AXIS2_PLACEMENT_3D('',#14043,#14044,#14045);
#14047=CYLINDRICAL_SURFACE('',#14046,1.24E-1);
#14048=ORIENTED_EDGE('',*,*,#13461,.F.);
#14050=ORIENTED_EDGE('',*,*,#14049,.T.);
#14052=ORIENTED_EDGE('',*,*,#14051,.T.);
#14053=ORIENTED_EDGE('',*,*,#14035,.F.);
#14054=EDGE_LOOP('',(#14048,#14050,#14052,#14053));
#14055=FACE_OUTER_BOUND('',#14054,.F.);
#14056=ADVANCED_FACE('',(#14055),#14047,.F.);
#14057=CARTESIAN_POINT('',(8.5E-1,-2.5E-2,-4.99E-1));
#14058=DIRECTION('',(1.E0,0.E0,0.E0));
#14059=DIRECTION('',(0.E0,0.E0,-1.E0));
#14060=AXIS2_PLACEMENT_3D('',#14057,#14058,#14059);
#14061=PLANE('',#14060);
#14062=ORIENTED_EDGE('',*,*,#13459,.F.);
#14064=ORIENTED_EDGE('',*,*,#14063,.T.);
#14066=ORIENTED_EDGE('',*,*,#14065,.T.);
#14067=ORIENTED_EDGE('',*,*,#14049,.F.);
#14068=EDGE_LOOP('',(#14062,#14064,#14066,#14067));
#14069=FACE_OUTER_BOUND('',#14068,.F.);
#14070=ADVANCED_FACE('',(#14069),#14061,.T.);
#14071=CARTESIAN_POINT('',(9.74E-1,-2.5E-2,-4.99E-1));
#14072=DIRECTION('',(0.E0,-1.E0,0.E0));
#14073=DIRECTION('',(-1.E0,0.E0,0.E0));
#14074=AXIS2_PLACEMENT_3D('',#14071,#14072,#14073);
#14075=CYLINDRICAL_SURFACE('',#14074,1.24E-1);
#14076=ORIENTED_EDGE('',*,*,#13457,.F.);
#14078=ORIENTED_EDGE('',*,*,#14077,.T.);
#14080=ORIENTED_EDGE('',*,*,#14079,.T.);
#14081=ORIENTED_EDGE('',*,*,#14063,.F.);
#14082=EDGE_LOOP('',(#14076,#14078,#14080,#14081));
#14083=FACE_OUTER_BOUND('',#14082,.F.);
#14084=ADVANCED_FACE('',(#14083),#14075,.F.);
#14085=CARTESIAN_POINT('',(1.35E0,-2.5E-2,-3.75E-1));
#14086=DIRECTION('',(0.E0,0.E0,-1.E0));
#14087=DIRECTION('',(-1.E0,0.E0,0.E0));
#14088=AXIS2_PLACEMENT_3D('',#14085,#14086,#14087);
#14089=PLANE('',#14088);
#14090=ORIENTED_EDGE('',*,*,#13455,.F.);
#14091=ORIENTED_EDGE('',*,*,#13911,.T.);
#14093=ORIENTED_EDGE('',*,*,#14092,.T.);
#14094=ORIENTED_EDGE('',*,*,#14077,.F.);
#14095=EDGE_LOOP('',(#14090,#14091,#14093,#14094));
#14096=FACE_OUTER_BOUND('',#14095,.F.);
#14097=ADVANCED_FACE('',(#14096),#14089,.T.);
#14098=CARTESIAN_POINT('',(0.E0,1.75E-1,0.E0));
#14099=DIRECTION('',(0.E0,-1.E0,0.E0));
#14100=DIRECTION('',(-1.E0,0.E0,0.E0));
#14101=AXIS2_PLACEMENT_3D('',#14098,#14099,#14100);
#14102=PLANE('',#14101);
#14103=ORIENTED_EDGE('',*,*,#13909,.T.);
#14104=ORIENTED_EDGE('',*,*,#14037,.F.);
#14105=ORIENTED_EDGE('',*,*,#14051,.F.);
#14106=ORIENTED_EDGE('',*,*,#14065,.F.);
#14107=ORIENTED_EDGE('',*,*,#14079,.F.);
#14108=ORIENTED_EDGE('',*,*,#14092,.F.);
#14109=EDGE_LOOP('',(#14103,#14104,#14105,#14106,#14107,#14108));
#14110=FACE_OUTER_BOUND('',#14109,.F.);
#14111=ADVANCED_FACE('',(#14110),#14102,.T.);
#14112=CARTESIAN_POINT('',(9.74E-1,-2.5E-2,-1.25E-1));
#14113=DIRECTION('',(0.E0,0.E0,1.E0));
#14114=DIRECTION('',(1.E0,0.E0,0.E0));
#14115=AXIS2_PLACEMENT_3D('',#14112,#14113,#14114);
#14116=PLANE('',#14115);
#14117=ORIENTED_EDGE('',*,*,#13451,.T.);
#14119=ORIENTED_EDGE('',*,*,#14118,.T.);
#14121=ORIENTED_EDGE('',*,*,#14120,.T.);
#14122=ORIENTED_EDGE('',*,*,#13914,.F.);
#14123=EDGE_LOOP('',(#14117,#14119,#14121,#14122));
#14124=FACE_OUTER_BOUND('',#14123,.F.);
#14125=ADVANCED_FACE('',(#14124),#14116,.T.);
#14126=CARTESIAN_POINT('',(9.74E-1,-2.5E-2,-1.E-3));
#14127=DIRECTION('',(0.E0,-1.E0,0.E0));
#14128=DIRECTION('',(-1.E0,0.E0,0.E0));
#14129=AXIS2_PLACEMENT_3D('',#14126,#14127,#14128);
#14130=CYLINDRICAL_SURFACE('',#14129,1.24E-1);
#14131=ORIENTED_EDGE('',*,*,#13449,.F.);
#14133=ORIENTED_EDGE('',*,*,#14132,.T.);
#14135=ORIENTED_EDGE('',*,*,#14134,.T.);
#14136=ORIENTED_EDGE('',*,*,#14118,.F.);
#14137=EDGE_LOOP('',(#14131,#14133,#14135,#14136));
#14138=FACE_OUTER_BOUND('',#14137,.F.);
#14139=ADVANCED_FACE('',(#14138),#14130,.F.);
#14140=CARTESIAN_POINT('',(8.5E-1,-2.5E-2,1.E-3));
#14141=DIRECTION('',(1.E0,0.E0,0.E0));
#14142=DIRECTION('',(0.E0,0.E0,-1.E0));
#14143=AXIS2_PLACEMENT_3D('',#14140,#14141,#14142);
#14144=PLANE('',#14143);
#14145=ORIENTED_EDGE('',*,*,#13447,.F.);
#14147=ORIENTED_EDGE('',*,*,#14146,.T.);
#14149=ORIENTED_EDGE('',*,*,#14148,.T.);
#14150=ORIENTED_EDGE('',*,*,#14132,.F.);
#14151=EDGE_LOOP('',(#14145,#14147,#14149,#14150));
#14152=FACE_OUTER_BOUND('',#14151,.F.);
#14153=ADVANCED_FACE('',(#14152),#14144,.T.);
#14154=CARTESIAN_POINT('',(9.74E-1,-2.5E-2,1.E-3));
#14155=DIRECTION('',(0.E0,-1.E0,0.E0));
#14156=DIRECTION('',(-1.E0,0.E0,0.E0));
#14157=AXIS2_PLACEMENT_3D('',#14154,#14155,#14156);
#14158=CYLINDRICAL_SURFACE('',#14157,1.24E-1);
#14159=ORIENTED_EDGE('',*,*,#13445,.F.);
#14161=ORIENTED_EDGE('',*,*,#14160,.T.);
#14163=ORIENTED_EDGE('',*,*,#14162,.T.);
#14164=ORIENTED_EDGE('',*,*,#14146,.F.);
#14165=EDGE_LOOP('',(#14159,#14161,#14163,#14164));
#14166=FACE_OUTER_BOUND('',#14165,.F.);
#14167=ADVANCED_FACE('',(#14166),#14158,.F.);
#14168=CARTESIAN_POINT('',(1.35E0,-2.5E-2,1.25E-1));
#14169=DIRECTION('',(0.E0,0.E0,-1.E0));
#14170=DIRECTION('',(-1.E0,0.E0,0.E0));
#14171=AXIS2_PLACEMENT_3D('',#14168,#14169,#14170);
#14172=PLANE('',#14171);
#14173=ORIENTED_EDGE('',*,*,#13443,.F.);
#14174=ORIENTED_EDGE('',*,*,#13918,.T.);
#14176=ORIENTED_EDGE('',*,*,#14175,.T.);
#14177=ORIENTED_EDGE('',*,*,#14160,.F.);
#14178=EDGE_LOOP('',(#14173,#14174,#14176,#14177));
#14179=FACE_OUTER_BOUND('',#14178,.F.);
#14180=ADVANCED_FACE('',(#14179),#14172,.T.);
#14181=CARTESIAN_POINT('',(0.E0,1.75E-1,0.E0));
#14182=DIRECTION('',(0.E0,-1.E0,0.E0));
#14183=DIRECTION('',(-1.E0,0.E0,0.E0));
#14184=AXIS2_PLACEMENT_3D('',#14181,#14182,#14183);
#14185=PLANE('',#14184);
#14186=ORIENTED_EDGE('',*,*,#13916,.T.);
#14187=ORIENTED_EDGE('',*,*,#14120,.F.);
#14188=ORIENTED_EDGE('',*,*,#14134,.F.);
#14189=ORIENTED_EDGE('',*,*,#14148,.F.);
#14190=ORIENTED_EDGE('',*,*,#14162,.F.);
#14191=ORIENTED_EDGE('',*,*,#14175,.F.);
#14192=EDGE_LOOP('',(#14186,#14187,#14188,#14189,#14190,#14191));
#14193=FACE_OUTER_BOUND('',#14192,.F.);
#14194=ADVANCED_FACE('',(#14193),#14185,.T.);
#14195=CARTESIAN_POINT('',(9.74E-1,-2.5E-2,3.75E-1));
#14196=DIRECTION('',(0.E0,0.E0,1.E0));
#14197=DIRECTION('',(1.E0,0.E0,0.E0));
#14198=AXIS2_PLACEMENT_3D('',#14195,#14196,#14197);
#14199=PLANE('',#14198);
#14200=ORIENTED_EDGE('',*,*,#13439,.T.);
#14202=ORIENTED_EDGE('',*,*,#14201,.T.);
#14204=ORIENTED_EDGE('',*,*,#14203,.T.);
#14205=ORIENTED_EDGE('',*,*,#13921,.F.);
#14206=EDGE_LOOP('',(#14200,#14202,#14204,#14205));
#14207=FACE_OUTER_BOUND('',#14206,.F.);
#14208=ADVANCED_FACE('',(#14207),#14199,.T.);
#14209=CARTESIAN_POINT('',(9.74E-1,-2.5E-2,4.99E-1));
#14210=DIRECTION('',(0.E0,-1.E0,0.E0));
#14211=DIRECTION('',(-1.E0,0.E0,0.E0));
#14212=AXIS2_PLACEMENT_3D('',#14209,#14210,#14211);
#14213=CYLINDRICAL_SURFACE('',#14212,1.24E-1);
#14214=ORIENTED_EDGE('',*,*,#13437,.F.);
#14216=ORIENTED_EDGE('',*,*,#14215,.T.);
#14218=ORIENTED_EDGE('',*,*,#14217,.T.);
#14219=ORIENTED_EDGE('',*,*,#14201,.F.);
#14220=EDGE_LOOP('',(#14214,#14216,#14218,#14219));
#14221=FACE_OUTER_BOUND('',#14220,.F.);
#14222=ADVANCED_FACE('',(#14221),#14213,.F.);
#14223=CARTESIAN_POINT('',(8.5E-1,-2.5E-2,5.01E-1));
#14224=DIRECTION('',(1.E0,0.E0,0.E0));
#14225=DIRECTION('',(0.E0,0.E0,-1.E0));
#14226=AXIS2_PLACEMENT_3D('',#14223,#14224,#14225);
#14227=PLANE('',#14226);
#14228=ORIENTED_EDGE('',*,*,#13435,.F.);
#14230=ORIENTED_EDGE('',*,*,#14229,.T.);
#14232=ORIENTED_EDGE('',*,*,#14231,.T.);
#14233=ORIENTED_EDGE('',*,*,#14215,.F.);
#14234=EDGE_LOOP('',(#14228,#14230,#14232,#14233));
#14235=FACE_OUTER_BOUND('',#14234,.F.);
#14236=ADVANCED_FACE('',(#14235),#14227,.T.);
#14237=CARTESIAN_POINT('',(9.74E-1,-2.5E-2,5.01E-1));
#14238=DIRECTION('',(0.E0,-1.E0,0.E0));
#14239=DIRECTION('',(-1.E0,0.E0,0.E0));
#14240=AXIS2_PLACEMENT_3D('',#14237,#14238,#14239);
#14241=CYLINDRICAL_SURFACE('',#14240,1.24E-1);
#14242=ORIENTED_EDGE('',*,*,#13433,.F.);
#14244=ORIENTED_EDGE('',*,*,#14243,.T.);
#14246=ORIENTED_EDGE('',*,*,#14245,.T.);
#14247=ORIENTED_EDGE('',*,*,#14229,.F.);
#14248=EDGE_LOOP('',(#14242,#14244,#14246,#14247));
#14249=FACE_OUTER_BOUND('',#14248,.F.);
#14250=ADVANCED_FACE('',(#14249),#14241,.F.);
#14251=CARTESIAN_POINT('',(1.35E0,-2.5E-2,6.25E-1));
#14252=DIRECTION('',(0.E0,0.E0,-1.E0));
#14253=DIRECTION('',(-1.E0,0.E0,0.E0));
#14254=AXIS2_PLACEMENT_3D('',#14251,#14252,#14253);
#14255=PLANE('',#14254);
#14256=ORIENTED_EDGE('',*,*,#13431,.F.);
#14257=ORIENTED_EDGE('',*,*,#13925,.T.);
#14259=ORIENTED_EDGE('',*,*,#14258,.T.);
#14260=ORIENTED_EDGE('',*,*,#14243,.F.);
#14261=EDGE_LOOP('',(#14256,#14257,#14259,#14260));
#14262=FACE_OUTER_BOUND('',#14261,.F.);
#14263=ADVANCED_FACE('',(#14262),#14255,.T.);
#14264=CARTESIAN_POINT('',(0.E0,1.75E-1,0.E0));
#14265=DIRECTION('',(0.E0,-1.E0,0.E0));
#14266=DIRECTION('',(-1.E0,0.E0,0.E0));
#14267=AXIS2_PLACEMENT_3D('',#14264,#14265,#14266);
#14268=PLANE('',#14267);
#14269=ORIENTED_EDGE('',*,*,#13923,.T.);
#14270=ORIENTED_EDGE('',*,*,#14203,.F.);
#14271=ORIENTED_EDGE('',*,*,#14217,.F.);
#14272=ORIENTED_EDGE('',*,*,#14231,.F.);
#14273=ORIENTED_EDGE('',*,*,#14245,.F.);
#14274=ORIENTED_EDGE('',*,*,#14258,.F.);
#14275=EDGE_LOOP('',(#14269,#14270,#14271,#14272,#14273,#14274));
#14276=FACE_OUTER_BOUND('',#14275,.F.);
#14277=ADVANCED_FACE('',(#14276),#14268,.T.);
#14278=CARTESIAN_POINT('',(9.74E-1,-2.5E-2,8.75E-1));
#14279=DIRECTION('',(0.E0,0.E0,1.E0));
#14280=DIRECTION('',(1.E0,0.E0,0.E0));
#14281=AXIS2_PLACEMENT_3D('',#14278,#14279,#14280);
#14282=PLANE('',#14281);
#14283=ORIENTED_EDGE('',*,*,#13427,.T.);
#14285=ORIENTED_EDGE('',*,*,#14284,.T.);
#14287=ORIENTED_EDGE('',*,*,#14286,.T.);
#14288=ORIENTED_EDGE('',*,*,#13928,.F.);
#14289=EDGE_LOOP('',(#14283,#14285,#14287,#14288));
#14290=FACE_OUTER_BOUND('',#14289,.F.);
#14291=ADVANCED_FACE('',(#14290),#14282,.T.);
#14292=CARTESIAN_POINT('',(9.74E-1,-2.5E-2,9.99E-1));
#14293=DIRECTION('',(0.E0,-1.E0,0.E0));
#14294=DIRECTION('',(-1.E0,0.E0,0.E0));
#14295=AXIS2_PLACEMENT_3D('',#14292,#14293,#14294);
#14296=CYLINDRICAL_SURFACE('',#14295,1.24E-1);
#14297=ORIENTED_EDGE('',*,*,#13425,.F.);
#14299=ORIENTED_EDGE('',*,*,#14298,.T.);
#14301=ORIENTED_EDGE('',*,*,#14300,.T.);
#14302=ORIENTED_EDGE('',*,*,#14284,.F.);
#14303=EDGE_LOOP('',(#14297,#14299,#14301,#14302));
#14304=FACE_OUTER_BOUND('',#14303,.F.);
#14305=ADVANCED_FACE('',(#14304),#14296,.F.);
#14306=CARTESIAN_POINT('',(8.5E-1,-2.5E-2,1.001E0));
#14307=DIRECTION('',(1.E0,0.E0,0.E0));
#14308=DIRECTION('',(0.E0,0.E0,-1.E0));
#14309=AXIS2_PLACEMENT_3D('',#14306,#14307,#14308);
#14310=PLANE('',#14309);
#14311=ORIENTED_EDGE('',*,*,#13423,.F.);
#14313=ORIENTED_EDGE('',*,*,#14312,.T.);
#14315=ORIENTED_EDGE('',*,*,#14314,.T.);
#14316=ORIENTED_EDGE('',*,*,#14298,.F.);
#14317=EDGE_LOOP('',(#14311,#14313,#14315,#14316));
#14318=FACE_OUTER_BOUND('',#14317,.F.);
#14319=ADVANCED_FACE('',(#14318),#14310,.T.);
#14320=CARTESIAN_POINT('',(9.74E-1,-2.5E-2,1.001E0));
#14321=DIRECTION('',(0.E0,-1.E0,0.E0));
#14322=DIRECTION('',(-1.E0,0.E0,0.E0));
#14323=AXIS2_PLACEMENT_3D('',#14320,#14321,#14322);
#14324=CYLINDRICAL_SURFACE('',#14323,1.24E-1);
#14325=ORIENTED_EDGE('',*,*,#13421,.F.);
#14327=ORIENTED_EDGE('',*,*,#14326,.T.);
#14329=ORIENTED_EDGE('',*,*,#14328,.T.);
#14330=ORIENTED_EDGE('',*,*,#14312,.F.);
#14331=EDGE_LOOP('',(#14325,#14327,#14329,#14330));
#14332=FACE_OUTER_BOUND('',#14331,.F.);
#14333=ADVANCED_FACE('',(#14332),#14324,.F.);
#14334=CARTESIAN_POINT('',(1.35E0,-2.5E-2,1.125E0));
#14335=DIRECTION('',(0.E0,0.E0,-1.E0));
#14336=DIRECTION('',(-1.E0,0.E0,0.E0));
#14337=AXIS2_PLACEMENT_3D('',#14334,#14335,#14336);
#14338=PLANE('',#14337);
#14339=ORIENTED_EDGE('',*,*,#13419,.F.);
#14340=ORIENTED_EDGE('',*,*,#13932,.T.);
#14342=ORIENTED_EDGE('',*,*,#14341,.T.);
#14343=ORIENTED_EDGE('',*,*,#14326,.F.);
#14344=EDGE_LOOP('',(#14339,#14340,#14342,#14343));
#14345=FACE_OUTER_BOUND('',#14344,.F.);
#14346=ADVANCED_FACE('',(#14345),#14338,.T.);
#14347=CARTESIAN_POINT('',(0.E0,1.75E-1,0.E0));
#14348=DIRECTION('',(0.E0,-1.E0,0.E0));
#14349=DIRECTION('',(-1.E0,0.E0,0.E0));
#14350=AXIS2_PLACEMENT_3D('',#14347,#14348,#14349);
#14351=PLANE('',#14350);
#14352=ORIENTED_EDGE('',*,*,#13930,.T.);
#14353=ORIENTED_EDGE('',*,*,#14286,.F.);
#14354=ORIENTED_EDGE('',*,*,#14300,.F.);
#14355=ORIENTED_EDGE('',*,*,#14314,.F.);
#14356=ORIENTED_EDGE('',*,*,#14328,.F.);
#14357=ORIENTED_EDGE('',*,*,#14341,.F.);
#14358=EDGE_LOOP('',(#14352,#14353,#14354,#14355,#14356,#14357));
#14359=FACE_OUTER_BOUND('',#14358,.F.);
#14360=ADVANCED_FACE('',(#14359),#14351,.T.);
#14361=CARTESIAN_POINT('',(-1.25E0,0.E0,1.5E0));
#14362=DIRECTION('',(0.E0,0.E0,1.E0));
#14363=DIRECTION('',(1.E0,0.E0,0.E0));
#14364=AXIS2_PLACEMENT_3D('',#14361,#14362,#14363);
#14365=PLANE('',#14364);
#14367=ORIENTED_EDGE('',*,*,#14366,.F.);
#14368=ORIENTED_EDGE('',*,*,#13391,.F.);
#14369=ORIENTED_EDGE('',*,*,#13614,.T.);
#14371=ORIENTED_EDGE('',*,*,#14370,.T.);
#14372=ORIENTED_EDGE('',*,*,#13935,.F.);
#14373=ORIENTED_EDGE('',*,*,#13415,.F.);
#14375=ORIENTED_EDGE('',*,*,#14374,.T.);
#14377=ORIENTED_EDGE('',*,*,#14376,.F.);
#14379=ORIENTED_EDGE('',*,*,#14378,.F.);
#14380=ORIENTED_EDGE('',*,*,#13403,.F.);
#14382=ORIENTED_EDGE('',*,*,#14381,.T.);
#14384=ORIENTED_EDGE('',*,*,#14383,.F.);
#14385=EDGE_LOOP('',(#14367,#14368,#14369,#14371,#14372,#14373,#14375,#14377,
#14379,#14380,#14382,#14384));
#14386=FACE_OUTER_BOUND('',#14385,.F.);
#14388=ORIENTED_EDGE('',*,*,#14387,.T.);
#14390=ORIENTED_EDGE('',*,*,#14389,.T.);
#14392=ORIENTED_EDGE('',*,*,#14391,.F.);
#14394=ORIENTED_EDGE('',*,*,#14393,.F.);
#14395=EDGE_LOOP('',(#14388,#14390,#14392,#14394));
#14396=FACE_BOUND('',#14395,.F.);
#14398=ORIENTED_EDGE('',*,*,#14397,.T.);
#14400=ORIENTED_EDGE('',*,*,#14399,.T.);
#14402=ORIENTED_EDGE('',*,*,#14401,.F.);
#14404=ORIENTED_EDGE('',*,*,#14403,.F.);
#14405=EDGE_LOOP('',(#14398,#14400,#14402,#14404));
#14406=FACE_BOUND('',#14405,.F.);
#14408=ORIENTED_EDGE('',*,*,#14407,.T.);
#14410=ORIENTED_EDGE('',*,*,#14409,.T.);
#14412=ORIENTED_EDGE('',*,*,#14411,.F.);
#14414=ORIENTED_EDGE('',*,*,#14413,.F.);
#14415=EDGE_LOOP('',(#14408,#14410,#14412,#14414));
#14416=FACE_BOUND('',#14415,.F.);
#14418=ORIENTED_EDGE('',*,*,#14417,.T.);
#14420=ORIENTED_EDGE('',*,*,#14419,.T.);
#14422=ORIENTED_EDGE('',*,*,#14421,.F.);
#14424=ORIENTED_EDGE('',*,*,#14423,.F.);
#14425=EDGE_LOOP('',(#14418,#14420,#14422,#14424));
#14426=FACE_BOUND('',#14425,.F.);
#14427=ADVANCED_FACE('',(#14386,#14396,#14406,#14416,#14426),#14365,.T.);
#14428=CARTESIAN_POINT('',(-3.75E-1,-2.5E-2,1.6E0));
#14429=DIRECTION('',(1.E0,0.E0,0.E0));
#14430=DIRECTION('',(0.E0,0.E0,-1.E0));
#14431=AXIS2_PLACEMENT_3D('',#14428,#14429,#14430);
#14432=PLANE('',#14431);
#14433=ORIENTED_EDGE('',*,*,#13393,.F.);
#14434=ORIENTED_EDGE('',*,*,#14366,.T.);
#14436=ORIENTED_EDGE('',*,*,#14435,.T.);
#14438=ORIENTED_EDGE('',*,*,#14437,.F.);
#14439=EDGE_LOOP('',(#14433,#14434,#14436,#14438));
#14440=FACE_OUTER_BOUND('',#14439,.F.);
#14441=ADVANCED_FACE('',(#14440),#14432,.T.);
#14442=CARTESIAN_POINT('',(0.E0,1.75E-1,0.E0));
#14443=DIRECTION('',(0.E0,-1.E0,0.E0));
#14444=DIRECTION('',(1.E0,0.E0,0.E0));
#14445=AXIS2_PLACEMENT_3D('',#14442,#14443,#14444);
#14446=PLANE('',#14445);
#14447=ORIENTED_EDGE('',*,*,#14383,.T.);
#14449=ORIENTED_EDGE('',*,*,#14448,.F.);
#14451=ORIENTED_EDGE('',*,*,#14450,.F.);
#14453=ORIENTED_EDGE('',*,*,#14452,.F.);
#14455=ORIENTED_EDGE('',*,*,#14454,.F.);
#14456=ORIENTED_EDGE('',*,*,#14435,.F.);
#14457=EDGE_LOOP('',(#14447,#14449,#14451,#14453,#14455,#14456));
#14458=FACE_OUTER_BOUND('',#14457,.F.);
#14459=ADVANCED_FACE('',(#14458),#14446,.T.);
#14460=CARTESIAN_POINT('',(-1.25E-1,-2.5E-2,1.224E0));
#14461=DIRECTION('',(-1.E0,0.E0,0.E0));
#14462=DIRECTION('',(0.E0,0.E0,1.E0));
#14463=AXIS2_PLACEMENT_3D('',#14460,#14461,#14462);
#14464=PLANE('',#14463);
#14465=ORIENTED_EDGE('',*,*,#13401,.T.);
#14467=ORIENTED_EDGE('',*,*,#14466,.T.);
#14468=ORIENTED_EDGE('',*,*,#14448,.T.);
#14469=ORIENTED_EDGE('',*,*,#14381,.F.);
#14470=EDGE_LOOP('',(#14465,#14467,#14468,#14469));
#14471=FACE_OUTER_BOUND('',#14470,.F.);
#14472=ADVANCED_FACE('',(#14471),#14464,.T.);
#14473=CARTESIAN_POINT('',(-2.49E-1,-2.5E-2,1.224E0));
#14474=DIRECTION('',(0.E0,-1.E0,0.E0));
#14475=DIRECTION('',(1.E0,0.E0,0.E0));
#14476=AXIS2_PLACEMENT_3D('',#14473,#14474,#14475);
#14477=CYLINDRICAL_SURFACE('',#14476,1.24E-1);
#14478=ORIENTED_EDGE('',*,*,#13399,.F.);
#14480=ORIENTED_EDGE('',*,*,#14479,.T.);
#14481=ORIENTED_EDGE('',*,*,#14450,.T.);
#14482=ORIENTED_EDGE('',*,*,#14466,.F.);
#14483=EDGE_LOOP('',(#14478,#14480,#14481,#14482));
#14484=FACE_OUTER_BOUND('',#14483,.F.);
#14485=ADVANCED_FACE('',(#14484),#14477,.F.);
#14486=CARTESIAN_POINT('',(-2.51E-1,-2.5E-2,1.1E0));
#14487=DIRECTION('',(0.E0,0.E0,1.E0));
#14488=DIRECTION('',(1.E0,0.E0,0.E0));
#14489=AXIS2_PLACEMENT_3D('',#14486,#14487,#14488);
#14490=PLANE('',#14489);
#14491=ORIENTED_EDGE('',*,*,#13397,.F.);
#14493=ORIENTED_EDGE('',*,*,#14492,.T.);
#14494=ORIENTED_EDGE('',*,*,#14452,.T.);
#14495=ORIENTED_EDGE('',*,*,#14479,.F.);
#14496=EDGE_LOOP('',(#14491,#14493,#14494,#14495));
#14497=FACE_OUTER_BOUND('',#14496,.F.);
#14498=ADVANCED_FACE('',(#14497),#14490,.T.);
#14499=CARTESIAN_POINT('',(-2.51E-1,-2.5E-2,1.224E0));
#14500=DIRECTION('',(0.E0,-1.E0,0.E0));
#14501=DIRECTION('',(1.E0,0.E0,0.E0));
#14502=AXIS2_PLACEMENT_3D('',#14499,#14500,#14501);
#14503=CYLINDRICAL_SURFACE('',#14502,1.24E-1);
#14504=ORIENTED_EDGE('',*,*,#13395,.F.);
#14505=ORIENTED_EDGE('',*,*,#14437,.T.);
#14506=ORIENTED_EDGE('',*,*,#14454,.T.);
#14507=ORIENTED_EDGE('',*,*,#14492,.F.);
#14508=EDGE_LOOP('',(#14504,#14505,#14506,#14507));
#14509=FACE_OUTER_BOUND('',#14508,.F.);
#14510=ADVANCED_FACE('',(#14509),#14503,.F.);
#14511=CARTESIAN_POINT('',(0.E0,7.75E-1,0.E0));
#14512=DIRECTION('',(0.E0,1.E0,0.E0));
#14513=DIRECTION('',(1.E0,0.E0,0.E0));
#14514=AXIS2_PLACEMENT_3D('',#14511,#14512,#14513);
#14515=PLANE('',#14514);
#14516=ORIENTED_EDGE('',*,*,#13612,.F.);
#14517=ORIENTED_EDGE('',*,*,#13684,.F.);
#14518=ORIENTED_EDGE('',*,*,#13937,.F.);
#14519=ORIENTED_EDGE('',*,*,#14370,.F.);
#14520=EDGE_LOOP('',(#14516,#14517,#14518,#14519));
#14521=FACE_OUTER_BOUND('',#14520,.F.);
#14522=ADVANCED_FACE('',(#14521),#14515,.T.);
#14523=FILL_AREA_STYLE_COLOUR('',#3);
#14524=FILL_AREA_STYLE('',(#14523));
#14525=SURFACE_STYLE_FILL_AREA(#14524);
#14526=SURFACE_SIDE_STYLE('',(#14525));
#14527=SURFACE_STYLE_USAGE(.NEGATIVE.,#14526);
#14528=PRESENTATION_STYLE_ASSIGNMENT((#14527));
#14529=STYLED_ITEM('',(#14528),#14522);
#14530=CARTESIAN_POINT('',(3.75E-1,-2.5E-2,1.224E0));
#14531=DIRECTION('',(-1.E0,0.E0,0.E0));
#14532=DIRECTION('',(0.E0,0.E0,1.E0));
#14533=AXIS2_PLACEMENT_3D('',#14530,#14531,#14532);
#14534=PLANE('',#14533);
#14535=ORIENTED_EDGE('',*,*,#13413,.T.);
#14537=ORIENTED_EDGE('',*,*,#14536,.T.);
#14539=ORIENTED_EDGE('',*,*,#14538,.T.);
#14540=ORIENTED_EDGE('',*,*,#14374,.F.);
#14541=EDGE_LOOP('',(#14535,#14537,#14539,#14540));
#14542=FACE_OUTER_BOUND('',#14541,.F.);
#14543=ADVANCED_FACE('',(#14542),#14534,.T.);
#14544=CARTESIAN_POINT('',(2.51E-1,-2.5E-2,1.224E0));
#14545=DIRECTION('',(0.E0,-1.E0,0.E0));
#14546=DIRECTION('',(1.E0,0.E0,0.E0));
#14547=AXIS2_PLACEMENT_3D('',#14544,#14545,#14546);
#14548=CYLINDRICAL_SURFACE('',#14547,1.24E-1);
#14549=ORIENTED_EDGE('',*,*,#13411,.F.);
#14551=ORIENTED_EDGE('',*,*,#14550,.T.);
#14553=ORIENTED_EDGE('',*,*,#14552,.T.);
#14554=ORIENTED_EDGE('',*,*,#14536,.F.);
#14555=EDGE_LOOP('',(#14549,#14551,#14553,#14554));
#14556=FACE_OUTER_BOUND('',#14555,.F.);
#14557=ADVANCED_FACE('',(#14556),#14548,.F.);
#14558=CARTESIAN_POINT('',(2.49E-1,-2.5E-2,1.1E0));
#14559=DIRECTION('',(0.E0,0.E0,1.E0));
#14560=DIRECTION('',(1.E0,0.E0,0.E0));
#14561=AXIS2_PLACEMENT_3D('',#14558,#14559,#14560);
#14562=PLANE('',#14561);
#14563=ORIENTED_EDGE('',*,*,#13409,.F.);
#14565=ORIENTED_EDGE('',*,*,#14564,.T.);
#14567=ORIENTED_EDGE('',*,*,#14566,.T.);
#14568=ORIENTED_EDGE('',*,*,#14550,.F.);
#14569=EDGE_LOOP('',(#14563,#14565,#14567,#14568));
#14570=FACE_OUTER_BOUND('',#14569,.F.);
#14571=ADVANCED_FACE('',(#14570),#14562,.T.);
#14572=CARTESIAN_POINT('',(2.49E-1,-2.5E-2,1.224E0));
#14573=DIRECTION('',(0.E0,-1.E0,0.E0));
#14574=DIRECTION('',(1.E0,0.E0,0.E0));
#14575=AXIS2_PLACEMENT_3D('',#14572,#14573,#14574);
#14576=CYLINDRICAL_SURFACE('',#14575,1.24E-1);
#14577=ORIENTED_EDGE('',*,*,#13407,.F.);
#14579=ORIENTED_EDGE('',*,*,#14578,.T.);
#14581=ORIENTED_EDGE('',*,*,#14580,.T.);
#14582=ORIENTED_EDGE('',*,*,#14564,.F.);
#14583=EDGE_LOOP('',(#14577,#14579,#14581,#14582));
#14584=FACE_OUTER_BOUND('',#14583,.F.);
#14585=ADVANCED_FACE('',(#14584),#14576,.F.);
#14586=CARTESIAN_POINT('',(1.25E-1,-2.5E-2,1.6E0));
#14587=DIRECTION('',(1.E0,0.E0,0.E0));
#14588=DIRECTION('',(0.E0,0.E0,-1.E0));
#14589=AXIS2_PLACEMENT_3D('',#14586,#14587,#14588);
#14590=PLANE('',#14589);
#14591=ORIENTED_EDGE('',*,*,#13405,.F.);
#14592=ORIENTED_EDGE('',*,*,#14378,.T.);
#14594=ORIENTED_EDGE('',*,*,#14593,.T.);
#14595=ORIENTED_EDGE('',*,*,#14578,.F.);
#14596=EDGE_LOOP('',(#14591,#14592,#14594,#14595));
#14597=FACE_OUTER_BOUND('',#14596,.F.);
#14598=ADVANCED_FACE('',(#14597),#14590,.T.);
#14599=CARTESIAN_POINT('',(0.E0,1.75E-1,0.E0));
#14600=DIRECTION('',(0.E0,-1.E0,0.E0));
#14601=DIRECTION('',(1.E0,0.E0,0.E0));
#14602=AXIS2_PLACEMENT_3D('',#14599,#14600,#14601);
#14603=PLANE('',#14602);
#14604=ORIENTED_EDGE('',*,*,#14376,.T.);
#14605=ORIENTED_EDGE('',*,*,#14538,.F.);
#14606=ORIENTED_EDGE('',*,*,#14552,.F.);
#14607=ORIENTED_EDGE('',*,*,#14566,.F.);
#14608=ORIENTED_EDGE('',*,*,#14580,.F.);
#14609=ORIENTED_EDGE('',*,*,#14593,.F.);
#14610=EDGE_LOOP('',(#14604,#14605,#14606,#14607,#14608,#14609));
#14611=FACE_OUTER_BOUND('',#14610,.F.);
#14612=ADVANCED_FACE('',(#14611),#14603,.T.);
#14613=CARTESIAN_POINT('',(0.E0,7.5E-2,0.E0));
#14614=DIRECTION('',(0.E0,1.E0,0.E0));
#14615=DIRECTION('',(1.E0,0.E0,0.E0));
#14616=AXIS2_PLACEMENT_3D('',#14613,#14614,#14615);
#14617=PLANE('',#14616);
#14618=ORIENTED_EDGE('',*,*,#14387,.F.);
#14620=ORIENTED_EDGE('',*,*,#14619,.F.);
#14622=ORIENTED_EDGE('',*,*,#14621,.F.);
#14624=ORIENTED_EDGE('',*,*,#14623,.F.);
#14625=EDGE_LOOP('',(#14618,#14620,#14622,#14624));
#14626=FACE_OUTER_BOUND('',#14625,.F.);
#14627=ADVANCED_FACE('',(#14626),#14617,.T.);
#14628=CARTESIAN_POINT('',(0.E0,7.5E-2,0.E0));
#14629=DIRECTION('',(0.E0,1.E0,0.E0));
#14630=DIRECTION('',(1.E0,0.E0,0.E0));
#14631=AXIS2_PLACEMENT_3D('',#14628,#14629,#14630);
#14632=PLANE('',#14631);
#14633=ORIENTED_EDGE('',*,*,#14397,.F.);
#14635=ORIENTED_EDGE('',*,*,#14634,.F.);
#14637=ORIENTED_EDGE('',*,*,#14636,.F.);
#14639=ORIENTED_EDGE('',*,*,#14638,.F.);
#14640=EDGE_LOOP('',(#14633,#14635,#14637,#14639));
#14641=FACE_OUTER_BOUND('',#14640,.F.);
#14642=ADVANCED_FACE('',(#14641),#14632,.T.);
#14643=CARTESIAN_POINT('',(0.E0,7.5E-2,0.E0));
#14644=DIRECTION('',(0.E0,1.E0,0.E0));
#14645=DIRECTION('',(1.E0,0.E0,0.E0));
#14646=AXIS2_PLACEMENT_3D('',#14643,#14644,#14645);
#14647=PLANE('',#14646);
#14648=ORIENTED_EDGE('',*,*,#13690,.F.);
#14650=ORIENTED_EDGE('',*,*,#14649,.F.);
#14652=ORIENTED_EDGE('',*,*,#14651,.F.);
#14654=ORIENTED_EDGE('',*,*,#14653,.F.);
#14655=EDGE_LOOP('',(#14648,#14650,#14652,#14654));
#14656=FACE_OUTER_BOUND('',#14655,.F.);
#14657=ADVANCED_FACE('',(#14656),#14647,.T.);
#14658=CARTESIAN_POINT('',(0.E0,7.5E-2,0.E0));
#14659=DIRECTION('',(0.E0,1.E0,0.E0));
#14660=DIRECTION('',(1.E0,0.E0,0.E0));
#14661=AXIS2_PLACEMENT_3D('',#14658,#14659,#14660);
#14662=PLANE('',#14661);
#14663=ORIENTED_EDGE('',*,*,#13700,.F.);
#14665=ORIENTED_EDGE('',*,*,#14664,.F.);
#14667=ORIENTED_EDGE('',*,*,#14666,.F.);
#14669=ORIENTED_EDGE('',*,*,#14668,.F.);
#14670=EDGE_LOOP('',(#14663,#14665,#14667,#14669));
#14671=FACE_OUTER_BOUND('',#14670,.F.);
#14672=ADVANCED_FACE('',(#14671),#14662,.T.);
#14673=CARTESIAN_POINT('',(0.E0,7.5E-2,0.E0));
#14674=DIRECTION('',(0.E0,1.E0,0.E0));
#14675=DIRECTION('',(1.E0,0.E0,0.E0));
#14676=AXIS2_PLACEMENT_3D('',#14673,#14674,#14675);
#14677=PLANE('',#14676);
#14678=ORIENTED_EDGE('',*,*,#14407,.F.);
#14680=ORIENTED_EDGE('',*,*,#14679,.F.);
#14682=ORIENTED_EDGE('',*,*,#14681,.F.);
#14684=ORIENTED_EDGE('',*,*,#14683,.F.);
#14685=EDGE_LOOP('',(#14678,#14680,#14682,#14684));
#14686=FACE_OUTER_BOUND('',#14685,.F.);
#14687=ADVANCED_FACE('',(#14686),#14677,.T.);
#14688=CARTESIAN_POINT('',(0.E0,7.5E-2,0.E0));
#14689=DIRECTION('',(0.E0,1.E0,0.E0));
#14690=DIRECTION('',(1.E0,0.E0,0.E0));
#14691=AXIS2_PLACEMENT_3D('',#14688,#14689,#14690);
#14692=PLANE('',#14691);
#14693=ORIENTED_EDGE('',*,*,#14417,.F.);
#14695=ORIENTED_EDGE('',*,*,#14694,.F.);
#14697=ORIENTED_EDGE('',*,*,#14696,.F.);
#14699=ORIENTED_EDGE('',*,*,#14698,.F.);
#14700=EDGE_LOOP('',(#14693,#14695,#14697,#14699));
#14701=FACE_OUTER_BOUND('',#14700,.F.);
#14702=ADVANCED_FACE('',(#14701),#14692,.T.);
#14703=CARTESIAN_POINT('',(0.E0,7.5E-2,0.E0));
#14704=DIRECTION('',(0.E0,1.E0,0.E0));
#14705=DIRECTION('',(1.E0,0.E0,0.E0));
#14706=AXIS2_PLACEMENT_3D('',#14703,#14704,#14705);
#14707=PLANE('',#14706);
#14708=ORIENTED_EDGE('',*,*,#13710,.T.);
#14710=ORIENTED_EDGE('',*,*,#14709,.F.);
#14712=ORIENTED_EDGE('',*,*,#14711,.F.);
#14714=ORIENTED_EDGE('',*,*,#14713,.F.);
#14715=EDGE_LOOP('',(#14708,#14710,#14712,#14714));
#14716=FACE_OUTER_BOUND('',#14715,.F.);
#14717=ADVANCED_FACE('',(#14716),#14707,.T.);
#14718=CARTESIAN_POINT('',(0.E0,7.5E-2,0.E0));
#14719=DIRECTION('',(0.E0,1.E0,0.E0));
#14720=DIRECTION('',(1.E0,0.E0,0.E0));
#14721=AXIS2_PLACEMENT_3D('',#14718,#14719,#14720);
#14722=PLANE('',#14721);
#14723=ORIENTED_EDGE('',*,*,#13720,.T.);
#14725=ORIENTED_EDGE('',*,*,#14724,.F.);
#14727=ORIENTED_EDGE('',*,*,#14726,.F.);
#14729=ORIENTED_EDGE('',*,*,#14728,.F.);
#14730=EDGE_LOOP('',(#14723,#14725,#14727,#14729));
#14731=FACE_OUTER_BOUND('',#14730,.F.);
#14732=ADVANCED_FACE('',(#14731),#14722,.T.);
#14733=CARTESIAN_POINT('',(-1.05E0,7.5E-2,1.4E0));
#14734=DIRECTION('',(-1.E0,0.E0,0.E0));
#14735=DIRECTION('',(0.E0,0.E0,1.E0));
#14736=AXIS2_PLACEMENT_3D('',#14733,#14734,#14735);
#14737=PLANE('',#14736);
#14738=ORIENTED_EDGE('',*,*,#14393,.T.);
#14740=ORIENTED_EDGE('',*,*,#14739,.F.);
#14742=ORIENTED_EDGE('',*,*,#14741,.F.);
#14743=ORIENTED_EDGE('',*,*,#14619,.T.);
#14744=EDGE_LOOP('',(#14738,#14740,#14742,#14743));
#14745=FACE_OUTER_BOUND('',#14744,.F.);
#14746=ADVANCED_FACE('',(#14745),#14737,.F.);
#14747=CARTESIAN_POINT('',(0.E0,1.75E-1,0.E0));
#14748=DIRECTION('',(0.E0,1.E0,0.E0));
#14749=DIRECTION('',(1.E0,0.E0,0.E0));
#14750=AXIS2_PLACEMENT_3D('',#14747,#14748,#14749);
#14751=PLANE('',#14750);
#14752=ORIENTED_EDGE('',*,*,#14391,.T.);
#14754=ORIENTED_EDGE('',*,*,#14753,.T.);
#14756=ORIENTED_EDGE('',*,*,#14755,.T.);
#14757=ORIENTED_EDGE('',*,*,#14739,.T.);
#14758=EDGE_LOOP('',(#14752,#14754,#14756,#14757));
#14759=FACE_OUTER_BOUND('',#14758,.F.);
#14760=ADVANCED_FACE('',(#14759),#14751,.F.);
#14761=CARTESIAN_POINT('',(0.E0,1.75E-1,0.E0));
#14762=DIRECTION('',(0.E0,1.E0,0.E0));
#14763=DIRECTION('',(1.E0,0.E0,0.E0));
#14764=AXIS2_PLACEMENT_3D('',#14761,#14762,#14763);
#14765=PLANE('',#14764);
#14766=ORIENTED_EDGE('',*,*,#14401,.T.);
#14768=ORIENTED_EDGE('',*,*,#14767,.T.);
#14770=ORIENTED_EDGE('',*,*,#14769,.T.);
#14772=ORIENTED_EDGE('',*,*,#14771,.T.);
#14773=EDGE_LOOP('',(#14766,#14768,#14770,#14772));
#14774=FACE_OUTER_BOUND('',#14773,.F.);
#14775=ADVANCED_FACE('',(#14774),#14765,.F.);
#14776=CARTESIAN_POINT('',(0.E0,1.75E-1,0.E0));
#14777=DIRECTION('',(0.E0,1.E0,0.E0));
#14778=DIRECTION('',(1.E0,0.E0,0.E0));
#14779=AXIS2_PLACEMENT_3D('',#14776,#14777,#14778);
#14780=PLANE('',#14779);
#14781=ORIENTED_EDGE('',*,*,#13694,.T.);
#14783=ORIENTED_EDGE('',*,*,#14782,.T.);
#14785=ORIENTED_EDGE('',*,*,#14784,.T.);
#14787=ORIENTED_EDGE('',*,*,#14786,.T.);
#14788=EDGE_LOOP('',(#14781,#14783,#14785,#14787));
#14789=FACE_OUTER_BOUND('',#14788,.F.);
#14790=ADVANCED_FACE('',(#14789),#14780,.F.);
#14791=CARTESIAN_POINT('',(0.E0,1.75E-1,0.E0));
#14792=DIRECTION('',(0.E0,1.E0,0.E0));
#14793=DIRECTION('',(1.E0,0.E0,0.E0));
#14794=AXIS2_PLACEMENT_3D('',#14791,#14792,#14793);
#14795=PLANE('',#14794);
#14796=ORIENTED_EDGE('',*,*,#13704,.T.);
#14798=ORIENTED_EDGE('',*,*,#14797,.T.);
#14800=ORIENTED_EDGE('',*,*,#14799,.T.);
#14802=ORIENTED_EDGE('',*,*,#14801,.T.);
#14803=EDGE_LOOP('',(#14796,#14798,#14800,#14802));
#14804=FACE_OUTER_BOUND('',#14803,.F.);
#14805=ADVANCED_FACE('',(#14804),#14795,.F.);
#14806=CARTESIAN_POINT('',(0.E0,1.75E-1,0.E0));
#14807=DIRECTION('',(0.E0,1.E0,0.E0));
#14808=DIRECTION('',(1.E0,0.E0,0.E0));
#14809=AXIS2_PLACEMENT_3D('',#14806,#14807,#14808);
#14810=PLANE('',#14809);
#14811=ORIENTED_EDGE('',*,*,#14411,.T.);
#14813=ORIENTED_EDGE('',*,*,#14812,.T.);
#14815=ORIENTED_EDGE('',*,*,#14814,.T.);
#14817=ORIENTED_EDGE('',*,*,#14816,.T.);
#14818=EDGE_LOOP('',(#14811,#14813,#14815,#14817));
#14819=FACE_OUTER_BOUND('',#14818,.F.);
#14820=ADVANCED_FACE('',(#14819),#14810,.F.);
#14821=CARTESIAN_POINT('',(0.E0,1.75E-1,0.E0));
#14822=DIRECTION('',(0.E0,1.E0,0.E0));
#14823=DIRECTION('',(1.E0,0.E0,0.E0));
#14824=AXIS2_PLACEMENT_3D('',#14821,#14822,#14823);
#14825=PLANE('',#14824);
#14826=ORIENTED_EDGE('',*,*,#14421,.T.);
#14828=ORIENTED_EDGE('',*,*,#14827,.T.);
#14830=ORIENTED_EDGE('',*,*,#14829,.T.);
#14832=ORIENTED_EDGE('',*,*,#14831,.T.);
#14833=EDGE_LOOP('',(#14826,#14828,#14830,#14832));
#14834=FACE_OUTER_BOUND('',#14833,.F.);
#14835=ADVANCED_FACE('',(#14834),#14825,.F.);
#14836=CARTESIAN_POINT('',(0.E0,1.75E-1,0.E0));
#14837=DIRECTION('',(0.E0,1.E0,0.E0));
#14838=DIRECTION('',(1.E0,0.E0,0.E0));
#14839=AXIS2_PLACEMENT_3D('',#14836,#14837,#14838);
#14840=PLANE('',#14839);
#14841=ORIENTED_EDGE('',*,*,#13714,.F.);
#14843=ORIENTED_EDGE('',*,*,#14842,.T.);
#14845=ORIENTED_EDGE('',*,*,#14844,.T.);
#14847=ORIENTED_EDGE('',*,*,#14846,.T.);
#14848=EDGE_LOOP('',(#14841,#14843,#14845,#14847));
#14849=FACE_OUTER_BOUND('',#14848,.F.);
#14850=ADVANCED_FACE('',(#14849),#14840,.F.);
#14851=CARTESIAN_POINT('',(0.E0,1.75E-1,0.E0));
#14852=DIRECTION('',(0.E0,1.E0,0.E0));
#14853=DIRECTION('',(1.E0,0.E0,0.E0));
#14854=AXIS2_PLACEMENT_3D('',#14851,#14852,#14853);
#14855=PLANE('',#14854);
#14856=ORIENTED_EDGE('',*,*,#13724,.F.);
#14858=ORIENTED_EDGE('',*,*,#14857,.T.);
#14860=ORIENTED_EDGE('',*,*,#14859,.T.);
#14862=ORIENTED_EDGE('',*,*,#14861,.T.);
#14863=EDGE_LOOP('',(#14856,#14858,#14860,#14862));
#14864=FACE_OUTER_BOUND('',#14863,.F.);
#14865=ADVANCED_FACE('',(#14864),#14855,.F.);
#14866=CARTESIAN_POINT('',(-9.E-1,7.5E-2,1.6E0));
#14867=DIRECTION('',(1.E0,0.E0,0.E0));
#14868=DIRECTION('',(0.E0,0.E0,-1.E0));
#14869=AXIS2_PLACEMENT_3D('',#14866,#14867,#14868);
#14870=PLANE('',#14869);
#14871=ORIENTED_EDGE('',*,*,#14389,.F.);
#14872=ORIENTED_EDGE('',*,*,#14623,.T.);
#14874=ORIENTED_EDGE('',*,*,#14873,.T.);
#14875=ORIENTED_EDGE('',*,*,#14753,.F.);
#14876=EDGE_LOOP('',(#14871,#14872,#14874,#14875));
#14877=FACE_OUTER_BOUND('',#14876,.F.);
#14878=ADVANCED_FACE('',(#14877),#14870,.F.);
#14879=CARTESIAN_POINT('',(-9.E-1,7.5E-2,1.4E0));
#14880=DIRECTION('',(0.E0,0.E0,-1.E0));
#14881=DIRECTION('',(-1.E0,0.E0,0.E0));
#14882=AXIS2_PLACEMENT_3D('',#14879,#14880,#14881);
#14883=PLANE('',#14882);
#14884=ORIENTED_EDGE('',*,*,#14621,.T.);
#14885=ORIENTED_EDGE('',*,*,#14741,.T.);
#14886=ORIENTED_EDGE('',*,*,#14755,.F.);
#14887=ORIENTED_EDGE('',*,*,#14873,.F.);
#14888=EDGE_LOOP('',(#14884,#14885,#14886,#14887));
#14889=FACE_OUTER_BOUND('',#14888,.F.);
#14890=ADVANCED_FACE('',(#14889),#14883,.F.);
#14891=CARTESIAN_POINT('',(-5.55E-1,7.5E-2,1.6E0));
#14892=DIRECTION('',(1.E0,0.E0,0.E0));
#14893=DIRECTION('',(0.E0,0.E0,-1.E0));
#14894=AXIS2_PLACEMENT_3D('',#14891,#14892,#14893);
#14895=PLANE('',#14894);
#14896=ORIENTED_EDGE('',*,*,#14399,.F.);
#14897=ORIENTED_EDGE('',*,*,#14638,.T.);
#14899=ORIENTED_EDGE('',*,*,#14898,.T.);
#14900=ORIENTED_EDGE('',*,*,#14767,.F.);
#14901=EDGE_LOOP('',(#14896,#14897,#14899,#14900));
#14902=FACE_OUTER_BOUND('',#14901,.F.);
#14903=ADVANCED_FACE('',(#14902),#14895,.F.);
#14904=CARTESIAN_POINT('',(-5.55E-1,7.5E-2,1.4E0));
#14905=DIRECTION('',(0.E0,0.E0,-1.E0));
#14906=DIRECTION('',(-1.E0,0.E0,0.E0));
#14907=AXIS2_PLACEMENT_3D('',#14904,#14905,#14906);
#14908=PLANE('',#14907);
#14909=ORIENTED_EDGE('',*,*,#14636,.T.);
#14911=ORIENTED_EDGE('',*,*,#14910,.T.);
#14912=ORIENTED_EDGE('',*,*,#14769,.F.);
#14913=ORIENTED_EDGE('',*,*,#14898,.F.);
#14914=EDGE_LOOP('',(#14909,#14911,#14912,#14913));
#14915=FACE_OUTER_BOUND('',#14914,.F.);
#14916=ADVANCED_FACE('',(#14915),#14908,.F.);
#14917=CARTESIAN_POINT('',(-7.E-1,7.5E-2,1.4E0));
#14918=DIRECTION('',(-1.E0,0.E0,0.E0));
#14919=DIRECTION('',(0.E0,0.E0,1.E0));
#14920=AXIS2_PLACEMENT_3D('',#14917,#14918,#14919);
#14921=PLANE('',#14920);
#14922=ORIENTED_EDGE('',*,*,#14403,.T.);
#14923=ORIENTED_EDGE('',*,*,#14771,.F.);
#14924=ORIENTED_EDGE('',*,*,#14910,.F.);
#14925=ORIENTED_EDGE('',*,*,#14634,.T.);
#14926=EDGE_LOOP('',(#14922,#14923,#14924,#14925));
#14927=FACE_OUTER_BOUND('',#14926,.F.);
#14928=ADVANCED_FACE('',(#14927),#14921,.F.);
#14929=CARTESIAN_POINT('',(-1.05E0,7.5E-2,-1.6E0));
#14930=DIRECTION('',(-1.E0,0.E0,0.E0));
#14931=DIRECTION('',(0.E0,0.E0,1.E0));
#14932=AXIS2_PLACEMENT_3D('',#14929,#14930,#14931);
#14933=PLANE('',#14932);
#14934=ORIENTED_EDGE('',*,*,#13692,.F.);
#14935=ORIENTED_EDGE('',*,*,#14653,.T.);
#14937=ORIENTED_EDGE('',*,*,#14936,.T.);
#14938=ORIENTED_EDGE('',*,*,#14782,.F.);
#14939=EDGE_LOOP('',(#14934,#14935,#14937,#14938));
#14940=FACE_OUTER_BOUND('',#14939,.F.);
#14941=ADVANCED_FACE('',(#14940),#14933,.F.);
#14942=CARTESIAN_POINT('',(-1.05E0,7.5E-2,-1.4E0));
#14943=DIRECTION('',(0.E0,0.E0,1.E0));
#14944=DIRECTION('',(1.E0,0.E0,0.E0));
#14945=AXIS2_PLACEMENT_3D('',#14942,#14943,#14944);
#14946=PLANE('',#14945);
#14947=ORIENTED_EDGE('',*,*,#14651,.T.);
#14949=ORIENTED_EDGE('',*,*,#14948,.T.);
#14950=ORIENTED_EDGE('',*,*,#14784,.F.);
#14951=ORIENTED_EDGE('',*,*,#14936,.F.);
#14952=EDGE_LOOP('',(#14947,#14949,#14950,#14951));
#14953=FACE_OUTER_BOUND('',#14952,.F.);
#14954=ADVANCED_FACE('',(#14953),#14946,.F.);
#14955=CARTESIAN_POINT('',(-9.E-1,7.5E-2,-1.4E0));
#14956=DIRECTION('',(1.E0,0.E0,0.E0));
#14957=DIRECTION('',(0.E0,0.E0,-1.E0));
#14958=AXIS2_PLACEMENT_3D('',#14955,#14956,#14957);
#14959=PLANE('',#14958);
#14960=ORIENTED_EDGE('',*,*,#13696,.T.);
#14961=ORIENTED_EDGE('',*,*,#14786,.F.);
#14962=ORIENTED_EDGE('',*,*,#14948,.F.);
#14963=ORIENTED_EDGE('',*,*,#14649,.T.);
#14964=EDGE_LOOP('',(#14960,#14961,#14962,#14963));
#14965=FACE_OUTER_BOUND('',#14964,.F.);
#14966=ADVANCED_FACE('',(#14965),#14959,.F.);
#14967=CARTESIAN_POINT('',(-7.E-1,7.5E-2,-1.6E0));
#14968=DIRECTION('',(-1.E0,0.E0,0.E0));
#14969=DIRECTION('',(0.E0,0.E0,1.E0));
#14970=AXIS2_PLACEMENT_3D('',#14967,#14968,#14969);
#14971=PLANE('',#14970);
#14972=ORIENTED_EDGE('',*,*,#13702,.F.);
#14973=ORIENTED_EDGE('',*,*,#14668,.T.);
#14975=ORIENTED_EDGE('',*,*,#14974,.T.);
#14976=ORIENTED_EDGE('',*,*,#14797,.F.);
#14977=EDGE_LOOP('',(#14972,#14973,#14975,#14976));
#14978=FACE_OUTER_BOUND('',#14977,.F.);
#14979=ADVANCED_FACE('',(#14978),#14971,.F.);
#14980=CARTESIAN_POINT('',(-7.E-1,7.5E-2,-1.4E0));
#14981=DIRECTION('',(0.E0,0.E0,1.E0));
#14982=DIRECTION('',(1.E0,0.E0,0.E0));
#14983=AXIS2_PLACEMENT_3D('',#14980,#14981,#14982);
#14984=PLANE('',#14983);
#14985=ORIENTED_EDGE('',*,*,#14666,.T.);
#14987=ORIENTED_EDGE('',*,*,#14986,.T.);
#14988=ORIENTED_EDGE('',*,*,#14799,.F.);
#14989=ORIENTED_EDGE('',*,*,#14974,.F.);
#14990=EDGE_LOOP('',(#14985,#14987,#14988,#14989));
#14991=FACE_OUTER_BOUND('',#14990,.F.);
#14992=ADVANCED_FACE('',(#14991),#14984,.F.);
#14993=CARTESIAN_POINT('',(-5.55E-1,7.5E-2,-1.4E0));
#14994=DIRECTION('',(1.E0,0.E0,0.E0));
#14995=DIRECTION('',(0.E0,0.E0,-1.E0));
#14996=AXIS2_PLACEMENT_3D('',#14993,#14994,#14995);
#14997=PLANE('',#14996);
#14998=ORIENTED_EDGE('',*,*,#13706,.T.);
#14999=ORIENTED_EDGE('',*,*,#14801,.F.);
#15000=ORIENTED_EDGE('',*,*,#14986,.F.);
#15001=ORIENTED_EDGE('',*,*,#14664,.T.);
#15002=EDGE_LOOP('',(#14998,#14999,#15000,#15001));
#15003=FACE_OUTER_BOUND('',#15002,.F.);
#15004=ADVANCED_FACE('',(#15003),#14997,.F.);
#15005=CARTESIAN_POINT('',(7.E-1,7.5E-2,1.6E0));
#15006=DIRECTION('',(1.E0,0.E0,0.E0));
#15007=DIRECTION('',(0.E0,0.E0,-1.E0));
#15008=AXIS2_PLACEMENT_3D('',#15005,#15006,#15007);
#15009=PLANE('',#15008);
#15010=ORIENTED_EDGE('',*,*,#14409,.F.);
#15011=ORIENTED_EDGE('',*,*,#14683,.T.);
#15013=ORIENTED_EDGE('',*,*,#15012,.T.);
#15014=ORIENTED_EDGE('',*,*,#14812,.F.);
#15015=EDGE_LOOP('',(#15010,#15011,#15013,#15014));
#15016=FACE_OUTER_BOUND('',#15015,.F.);
#15017=ADVANCED_FACE('',(#15016),#15009,.F.);
#15018=CARTESIAN_POINT('',(7.E-1,7.5E-2,1.4E0));
#15019=DIRECTION('',(0.E0,0.E0,-1.E0));
#15020=DIRECTION('',(-1.E0,0.E0,0.E0));
#15021=AXIS2_PLACEMENT_3D('',#15018,#15019,#15020);
#15022=PLANE('',#15021);
#15023=ORIENTED_EDGE('',*,*,#14681,.T.);
#15025=ORIENTED_EDGE('',*,*,#15024,.T.);
#15026=ORIENTED_EDGE('',*,*,#14814,.F.);
#15027=ORIENTED_EDGE('',*,*,#15012,.F.);
#15028=EDGE_LOOP('',(#15023,#15025,#15026,#15027));
#15029=FACE_OUTER_BOUND('',#15028,.F.);
#15030=ADVANCED_FACE('',(#15029),#15022,.F.);
#15031=CARTESIAN_POINT('',(5.55E-1,7.5E-2,1.4E0));
#15032=DIRECTION('',(-1.E0,0.E0,0.E0));
#15033=DIRECTION('',(0.E0,0.E0,1.E0));
#15034=AXIS2_PLACEMENT_3D('',#15031,#15032,#15033);
#15035=PLANE('',#15034);
#15036=ORIENTED_EDGE('',*,*,#14413,.T.);
#15037=ORIENTED_EDGE('',*,*,#14816,.F.);
#15038=ORIENTED_EDGE('',*,*,#15024,.F.);
#15039=ORIENTED_EDGE('',*,*,#14679,.T.);
#15040=EDGE_LOOP('',(#15036,#15037,#15038,#15039));
#15041=FACE_OUTER_BOUND('',#15040,.F.);
#15042=ADVANCED_FACE('',(#15041),#15035,.F.);
#15043=CARTESIAN_POINT('',(1.05E0,7.5E-2,1.6E0));
#15044=DIRECTION('',(1.E0,0.E0,0.E0));
#15045=DIRECTION('',(0.E0,0.E0,-1.E0));
#15046=AXIS2_PLACEMENT_3D('',#15043,#15044,#15045);
#15047=PLANE('',#15046);
#15048=ORIENTED_EDGE('',*,*,#14419,.F.);
#15049=ORIENTED_EDGE('',*,*,#14698,.T.);
#15051=ORIENTED_EDGE('',*,*,#15050,.T.);
#15052=ORIENTED_EDGE('',*,*,#14827,.F.);
#15053=EDGE_LOOP('',(#15048,#15049,#15051,#15052));
#15054=FACE_OUTER_BOUND('',#15053,.F.);
#15055=ADVANCED_FACE('',(#15054),#15047,.F.);
#15056=CARTESIAN_POINT('',(1.05E0,7.5E-2,1.4E0));
#15057=DIRECTION('',(0.E0,0.E0,-1.E0));
#15058=DIRECTION('',(-1.E0,0.E0,0.E0));
#15059=AXIS2_PLACEMENT_3D('',#15056,#15057,#15058);
#15060=PLANE('',#15059);
#15061=ORIENTED_EDGE('',*,*,#14696,.T.);
#15063=ORIENTED_EDGE('',*,*,#15062,.T.);
#15064=ORIENTED_EDGE('',*,*,#14829,.F.);
#15065=ORIENTED_EDGE('',*,*,#15050,.F.);
#15066=EDGE_LOOP('',(#15061,#15063,#15064,#15065));
#15067=FACE_OUTER_BOUND('',#15066,.F.);
#15068=ADVANCED_FACE('',(#15067),#15060,.F.);
#15069=CARTESIAN_POINT('',(9.E-1,7.5E-2,1.4E0));
#15070=DIRECTION('',(-1.E0,0.E0,0.E0));
#15071=DIRECTION('',(0.E0,0.E0,1.E0));
#15072=AXIS2_PLACEMENT_3D('',#15069,#15070,#15071);
#15073=PLANE('',#15072);
#15074=ORIENTED_EDGE('',*,*,#14423,.T.);
#15075=ORIENTED_EDGE('',*,*,#14831,.F.);
#15076=ORIENTED_EDGE('',*,*,#15062,.F.);
#15077=ORIENTED_EDGE('',*,*,#14694,.T.);
#15078=EDGE_LOOP('',(#15074,#15075,#15076,#15077));
#15079=FACE_OUTER_BOUND('',#15078,.F.);
#15080=ADVANCED_FACE('',(#15079),#15073,.F.);
#15081=CARTESIAN_POINT('',(5.55E-1,7.5E-2,-1.6E0));
#15082=DIRECTION('',(-1.E0,0.E0,0.E0));
#15083=DIRECTION('',(0.E0,0.E0,1.E0));
#15084=AXIS2_PLACEMENT_3D('',#15081,#15082,#15083);
#15085=PLANE('',#15084);
#15086=ORIENTED_EDGE('',*,*,#13712,.F.);
#15087=ORIENTED_EDGE('',*,*,#14713,.T.);
#15089=ORIENTED_EDGE('',*,*,#15088,.T.);
#15090=ORIENTED_EDGE('',*,*,#14842,.F.);
#15091=EDGE_LOOP('',(#15086,#15087,#15089,#15090));
#15092=FACE_OUTER_BOUND('',#15091,.F.);
#15093=ADVANCED_FACE('',(#15092),#15085,.F.);
#15094=CARTESIAN_POINT('',(5.55E-1,7.5E-2,-1.4E0));
#15095=DIRECTION('',(0.E0,0.E0,1.E0));
#15096=DIRECTION('',(1.E0,0.E0,0.E0));
#15097=AXIS2_PLACEMENT_3D('',#15094,#15095,#15096);
#15098=PLANE('',#15097);
#15099=ORIENTED_EDGE('',*,*,#14711,.T.);
#15101=ORIENTED_EDGE('',*,*,#15100,.T.);
#15102=ORIENTED_EDGE('',*,*,#14844,.F.);
#15103=ORIENTED_EDGE('',*,*,#15088,.F.);
#15104=EDGE_LOOP('',(#15099,#15101,#15102,#15103));
#15105=FACE_OUTER_BOUND('',#15104,.F.);
#15106=ADVANCED_FACE('',(#15105),#15098,.F.);
#15107=CARTESIAN_POINT('',(7.E-1,7.5E-2,-1.4E0));
#15108=DIRECTION('',(1.E0,0.E0,0.E0));
#15109=DIRECTION('',(0.E0,0.E0,-1.E0));
#15110=AXIS2_PLACEMENT_3D('',#15107,#15108,#15109);
#15111=PLANE('',#15110);
#15112=ORIENTED_EDGE('',*,*,#13716,.T.);
#15113=ORIENTED_EDGE('',*,*,#14846,.F.);
#15114=ORIENTED_EDGE('',*,*,#15100,.F.);
#15115=ORIENTED_EDGE('',*,*,#14709,.T.);
#15116=EDGE_LOOP('',(#15112,#15113,#15114,#15115));
#15117=FACE_OUTER_BOUND('',#15116,.F.);
#15118=ADVANCED_FACE('',(#15117),#15111,.F.);
#15119=CARTESIAN_POINT('',(9.E-1,7.5E-2,-1.6E0));
#15120=DIRECTION('',(-1.E0,0.E0,0.E0));
#15121=DIRECTION('',(0.E0,0.E0,1.E0));
#15122=AXIS2_PLACEMENT_3D('',#15119,#15120,#15121);
#15123=PLANE('',#15122);
#15124=ORIENTED_EDGE('',*,*,#13722,.F.);
#15125=ORIENTED_EDGE('',*,*,#14728,.T.);
#15127=ORIENTED_EDGE('',*,*,#15126,.T.);
#15128=ORIENTED_EDGE('',*,*,#14857,.F.);
#15129=EDGE_LOOP('',(#15124,#15125,#15127,#15128));
#15130=FACE_OUTER_BOUND('',#15129,.F.);
#15131=ADVANCED_FACE('',(#15130),#15123,.F.);
#15132=CARTESIAN_POINT('',(9.E-1,7.5E-2,-1.4E0));
#15133=DIRECTION('',(0.E0,0.E0,1.E0));
#15134=DIRECTION('',(1.E0,0.E0,0.E0));
#15135=AXIS2_PLACEMENT_3D('',#15132,#15133,#15134);
#15136=PLANE('',#15135);
#15137=ORIENTED_EDGE('',*,*,#14726,.T.);
#15139=ORIENTED_EDGE('',*,*,#15138,.T.);
#15140=ORIENTED_EDGE('',*,*,#14859,.F.);
#15141=ORIENTED_EDGE('',*,*,#15126,.F.);
#15142=EDGE_LOOP('',(#15137,#15139,#15140,#15141));
#15143=FACE_OUTER_BOUND('',#15142,.F.);
#15144=ADVANCED_FACE('',(#15143),#15136,.F.);
#15145=CARTESIAN_POINT('',(1.05E0,7.5E-2,-1.4E0));
#15146=DIRECTION('',(1.E0,0.E0,0.E0));
#15147=DIRECTION('',(0.E0,0.E0,-1.E0));
#15148=AXIS2_PLACEMENT_3D('',#15145,#15146,#15147);
#15149=PLANE('',#15148);
#15150=ORIENTED_EDGE('',*,*,#13726,.T.);
#15151=ORIENTED_EDGE('',*,*,#14861,.F.);
#15152=ORIENTED_EDGE('',*,*,#15138,.F.);
#15153=ORIENTED_EDGE('',*,*,#14724,.T.);
#15154=EDGE_LOOP('',(#15150,#15151,#15152,#15153));
#15155=FACE_OUTER_BOUND('',#15154,.F.);
#15156=ADVANCED_FACE('',(#15155),#15149,.F.);
#15157=CARTESIAN_POINT('',(-1.35E0,-2.5E-2,1.125E0));
#15158=DIRECTION('',(0.E0,0.E0,1.E0));
#15159=DIRECTION('',(1.E0,0.E0,0.E0));
#15160=AXIS2_PLACEMENT_3D('',#15157,#15158,#15159);
#15161=PLANE('',#15160);
#15162=ORIENTED_EDGE('',*,*,#13387,.T.);
#15164=ORIENTED_EDGE('',*,*,#15163,.T.);
#15166=ORIENTED_EDGE('',*,*,#15165,.F.);
#15167=ORIENTED_EDGE('',*,*,#13617,.F.);
#15168=EDGE_LOOP('',(#15162,#15164,#15166,#15167));
#15169=FACE_OUTER_BOUND('',#15168,.F.);
#15170=ADVANCED_FACE('',(#15169),#15161,.F.);
#15171=CARTESIAN_POINT('',(-9.74E-1,-2.5E-2,1.001E0));
#15172=DIRECTION('',(0.E0,1.E0,0.E0));
#15173=DIRECTION('',(1.E0,0.E0,0.E0));
#15174=AXIS2_PLACEMENT_3D('',#15171,#15172,#15173);
#15175=CYLINDRICAL_SURFACE('',#15174,1.24E-1);
#15176=ORIENTED_EDGE('',*,*,#13385,.T.);
#15178=ORIENTED_EDGE('',*,*,#15177,.T.);
#15180=ORIENTED_EDGE('',*,*,#15179,.F.);
#15181=ORIENTED_EDGE('',*,*,#15163,.F.);
#15182=EDGE_LOOP('',(#15176,#15178,#15180,#15181));
#15183=FACE_OUTER_BOUND('',#15182,.F.);
#15184=ADVANCED_FACE('',(#15183),#15175,.F.);
#15185=CARTESIAN_POINT('',(-8.5E-1,-2.5E-2,1.001E0));
#15186=DIRECTION('',(1.E0,0.E0,0.E0));
#15187=DIRECTION('',(0.E0,0.E0,-1.E0));
#15188=AXIS2_PLACEMENT_3D('',#15185,#15186,#15187);
#15189=PLANE('',#15188);
#15190=ORIENTED_EDGE('',*,*,#13383,.T.);
#15192=ORIENTED_EDGE('',*,*,#15191,.T.);
#15194=ORIENTED_EDGE('',*,*,#15193,.F.);
#15195=ORIENTED_EDGE('',*,*,#15177,.F.);
#15196=EDGE_LOOP('',(#15190,#15192,#15194,#15195));
#15197=FACE_OUTER_BOUND('',#15196,.F.);
#15198=ADVANCED_FACE('',(#15197),#15189,.F.);
#15199=CARTESIAN_POINT('',(-9.74E-1,-2.5E-2,9.99E-1));
#15200=DIRECTION('',(0.E0,1.E0,0.E0));
#15201=DIRECTION('',(1.E0,0.E0,0.E0));
#15202=AXIS2_PLACEMENT_3D('',#15199,#15200,#15201);
#15203=CYLINDRICAL_SURFACE('',#15202,1.24E-1);
#15204=ORIENTED_EDGE('',*,*,#13381,.T.);
#15206=ORIENTED_EDGE('',*,*,#15205,.T.);
#15208=ORIENTED_EDGE('',*,*,#15207,.F.);
#15209=ORIENTED_EDGE('',*,*,#15191,.F.);
#15210=EDGE_LOOP('',(#15204,#15206,#15208,#15209));
#15211=FACE_OUTER_BOUND('',#15210,.F.);
#15212=ADVANCED_FACE('',(#15211),#15203,.F.);
#15213=CARTESIAN_POINT('',(-9.74E-1,-2.5E-2,8.75E-1));
#15214=DIRECTION('',(0.E0,0.E0,-1.E0));
#15215=DIRECTION('',(-1.E0,0.E0,0.E0));
#15216=AXIS2_PLACEMENT_3D('',#15213,#15214,#15215);
#15217=PLANE('',#15216);
#15218=ORIENTED_EDGE('',*,*,#13379,.F.);
#15219=ORIENTED_EDGE('',*,*,#13621,.T.);
#15221=ORIENTED_EDGE('',*,*,#15220,.F.);
#15222=ORIENTED_EDGE('',*,*,#15205,.F.);
#15223=EDGE_LOOP('',(#15218,#15219,#15221,#15222));
#15224=FACE_OUTER_BOUND('',#15223,.F.);
#15225=ADVANCED_FACE('',(#15224),#15217,.F.);
#15226=CARTESIAN_POINT('',(0.E0,1.75E-1,0.E0));
#15227=DIRECTION('',(0.E0,1.E0,0.E0));
#15228=DIRECTION('',(1.E0,0.E0,0.E0));
#15229=AXIS2_PLACEMENT_3D('',#15226,#15227,#15228);
#15230=PLANE('',#15229);
#15231=ORIENTED_EDGE('',*,*,#13619,.F.);
#15232=ORIENTED_EDGE('',*,*,#15165,.T.);
#15233=ORIENTED_EDGE('',*,*,#15179,.T.);
#15234=ORIENTED_EDGE('',*,*,#15193,.T.);
#15235=ORIENTED_EDGE('',*,*,#15207,.T.);
#15236=ORIENTED_EDGE('',*,*,#15220,.T.);
#15237=EDGE_LOOP('',(#15231,#15232,#15233,#15234,#15235,#15236));
#15238=FACE_OUTER_BOUND('',#15237,.F.);
#15239=ADVANCED_FACE('',(#15238),#15230,.F.);
#15240=CARTESIAN_POINT('',(-1.35E0,-2.5E-2,6.25E-1));
#15241=DIRECTION('',(0.E0,0.E0,1.E0));
#15242=DIRECTION('',(1.E0,0.E0,0.E0));
#15243=AXIS2_PLACEMENT_3D('',#15240,#15241,#15242);
#15244=PLANE('',#15243);
#15245=ORIENTED_EDGE('',*,*,#13375,.T.);
#15247=ORIENTED_EDGE('',*,*,#15246,.T.);
#15249=ORIENTED_EDGE('',*,*,#15248,.F.);
#15250=ORIENTED_EDGE('',*,*,#13624,.F.);
#15251=EDGE_LOOP('',(#15245,#15247,#15249,#15250));
#15252=FACE_OUTER_BOUND('',#15251,.F.);
#15253=ADVANCED_FACE('',(#15252),#15244,.F.);
#15254=CARTESIAN_POINT('',(-9.74E-1,-2.5E-2,5.01E-1));
#15255=DIRECTION('',(0.E0,1.E0,0.E0));
#15256=DIRECTION('',(1.E0,0.E0,0.E0));
#15257=AXIS2_PLACEMENT_3D('',#15254,#15255,#15256);
#15258=CYLINDRICAL_SURFACE('',#15257,1.24E-1);
#15259=ORIENTED_EDGE('',*,*,#13373,.T.);
#15261=ORIENTED_EDGE('',*,*,#15260,.T.);
#15263=ORIENTED_EDGE('',*,*,#15262,.F.);
#15264=ORIENTED_EDGE('',*,*,#15246,.F.);
#15265=EDGE_LOOP('',(#15259,#15261,#15263,#15264));
#15266=FACE_OUTER_BOUND('',#15265,.F.);
#15267=ADVANCED_FACE('',(#15266),#15258,.F.);
#15268=CARTESIAN_POINT('',(-8.5E-1,-2.5E-2,5.01E-1));
#15269=DIRECTION('',(1.E0,0.E0,0.E0));
#15270=DIRECTION('',(0.E0,0.E0,-1.E0));
#15271=AXIS2_PLACEMENT_3D('',#15268,#15269,#15270);
#15272=PLANE('',#15271);
#15273=ORIENTED_EDGE('',*,*,#13371,.T.);
#15275=ORIENTED_EDGE('',*,*,#15274,.T.);
#15277=ORIENTED_EDGE('',*,*,#15276,.F.);
#15278=ORIENTED_EDGE('',*,*,#15260,.F.);
#15279=EDGE_LOOP('',(#15273,#15275,#15277,#15278));
#15280=FACE_OUTER_BOUND('',#15279,.F.);
#15281=ADVANCED_FACE('',(#15280),#15272,.F.);
#15282=CARTESIAN_POINT('',(-9.74E-1,-2.5E-2,4.99E-1));
#15283=DIRECTION('',(0.E0,1.E0,0.E0));
#15284=DIRECTION('',(1.E0,0.E0,0.E0));
#15285=AXIS2_PLACEMENT_3D('',#15282,#15283,#15284);
#15286=CYLINDRICAL_SURFACE('',#15285,1.24E-1);
#15287=ORIENTED_EDGE('',*,*,#13369,.T.);
#15289=ORIENTED_EDGE('',*,*,#15288,.T.);
#15291=ORIENTED_EDGE('',*,*,#15290,.F.);
#15292=ORIENTED_EDGE('',*,*,#15274,.F.);
#15293=EDGE_LOOP('',(#15287,#15289,#15291,#15292));
#15294=FACE_OUTER_BOUND('',#15293,.F.);
#15295=ADVANCED_FACE('',(#15294),#15286,.F.);
#15296=CARTESIAN_POINT('',(-9.74E-1,-2.5E-2,3.75E-1));
#15297=DIRECTION('',(0.E0,0.E0,-1.E0));
#15298=DIRECTION('',(-1.E0,0.E0,0.E0));
#15299=AXIS2_PLACEMENT_3D('',#15296,#15297,#15298);
#15300=PLANE('',#15299);
#15301=ORIENTED_EDGE('',*,*,#13367,.F.);
#15302=ORIENTED_EDGE('',*,*,#13628,.T.);
#15304=ORIENTED_EDGE('',*,*,#15303,.F.);
#15305=ORIENTED_EDGE('',*,*,#15288,.F.);
#15306=EDGE_LOOP('',(#15301,#15302,#15304,#15305));
#15307=FACE_OUTER_BOUND('',#15306,.F.);
#15308=ADVANCED_FACE('',(#15307),#15300,.F.);
#15309=CARTESIAN_POINT('',(0.E0,1.75E-1,0.E0));
#15310=DIRECTION('',(0.E0,1.E0,0.E0));
#15311=DIRECTION('',(1.E0,0.E0,0.E0));
#15312=AXIS2_PLACEMENT_3D('',#15309,#15310,#15311);
#15313=PLANE('',#15312);
#15314=ORIENTED_EDGE('',*,*,#13626,.F.);
#15315=ORIENTED_EDGE('',*,*,#15248,.T.);
#15316=ORIENTED_EDGE('',*,*,#15262,.T.);
#15317=ORIENTED_EDGE('',*,*,#15276,.T.);
#15318=ORIENTED_EDGE('',*,*,#15290,.T.);
#15319=ORIENTED_EDGE('',*,*,#15303,.T.);
#15320=EDGE_LOOP('',(#15314,#15315,#15316,#15317,#15318,#15319));
#15321=FACE_OUTER_BOUND('',#15320,.F.);
#15322=ADVANCED_FACE('',(#15321),#15313,.F.);
#15323=CARTESIAN_POINT('',(-1.35E0,-2.5E-2,1.25E-1));
#15324=DIRECTION('',(0.E0,0.E0,1.E0));
#15325=DIRECTION('',(1.E0,0.E0,0.E0));
#15326=AXIS2_PLACEMENT_3D('',#15323,#15324,#15325);
#15327=PLANE('',#15326);
#15328=ORIENTED_EDGE('',*,*,#13363,.T.);
#15330=ORIENTED_EDGE('',*,*,#15329,.T.);
#15332=ORIENTED_EDGE('',*,*,#15331,.F.);
#15333=ORIENTED_EDGE('',*,*,#13631,.F.);
#15334=EDGE_LOOP('',(#15328,#15330,#15332,#15333));
#15335=FACE_OUTER_BOUND('',#15334,.F.);
#15336=ADVANCED_FACE('',(#15335),#15327,.F.);
#15337=CARTESIAN_POINT('',(-9.74E-1,-2.5E-2,1.E-3));
#15338=DIRECTION('',(0.E0,1.E0,0.E0));
#15339=DIRECTION('',(1.E0,0.E0,0.E0));
#15340=AXIS2_PLACEMENT_3D('',#15337,#15338,#15339);
#15341=CYLINDRICAL_SURFACE('',#15340,1.24E-1);
#15342=ORIENTED_EDGE('',*,*,#13361,.T.);
#15344=ORIENTED_EDGE('',*,*,#15343,.T.);
#15346=ORIENTED_EDGE('',*,*,#15345,.F.);
#15347=ORIENTED_EDGE('',*,*,#15329,.F.);
#15348=EDGE_LOOP('',(#15342,#15344,#15346,#15347));
#15349=FACE_OUTER_BOUND('',#15348,.F.);
#15350=ADVANCED_FACE('',(#15349),#15341,.F.);
#15351=CARTESIAN_POINT('',(-8.5E-1,-2.5E-2,1.E-3));
#15352=DIRECTION('',(1.E0,0.E0,0.E0));
#15353=DIRECTION('',(0.E0,0.E0,-1.E0));
#15354=AXIS2_PLACEMENT_3D('',#15351,#15352,#15353);
#15355=PLANE('',#15354);
#15356=ORIENTED_EDGE('',*,*,#13359,.T.);
#15358=ORIENTED_EDGE('',*,*,#15357,.T.);
#15360=ORIENTED_EDGE('',*,*,#15359,.F.);
#15361=ORIENTED_EDGE('',*,*,#15343,.F.);
#15362=EDGE_LOOP('',(#15356,#15358,#15360,#15361));
#15363=FACE_OUTER_BOUND('',#15362,.F.);
#15364=ADVANCED_FACE('',(#15363),#15355,.F.);
#15365=CARTESIAN_POINT('',(-9.74E-1,-2.5E-2,-1.E-3));
#15366=DIRECTION('',(0.E0,1.E0,0.E0));
#15367=DIRECTION('',(1.E0,0.E0,0.E0));
#15368=AXIS2_PLACEMENT_3D('',#15365,#15366,#15367);
#15369=CYLINDRICAL_SURFACE('',#15368,1.24E-1);
#15370=ORIENTED_EDGE('',*,*,#13357,.T.);
#15372=ORIENTED_EDGE('',*,*,#15371,.T.);
#15374=ORIENTED_EDGE('',*,*,#15373,.F.);
#15375=ORIENTED_EDGE('',*,*,#15357,.F.);
#15376=EDGE_LOOP('',(#15370,#15372,#15374,#15375));
#15377=FACE_OUTER_BOUND('',#15376,.F.);
#15378=ADVANCED_FACE('',(#15377),#15369,.F.);
#15379=CARTESIAN_POINT('',(-9.74E-1,-2.5E-2,-1.25E-1));
#15380=DIRECTION('',(0.E0,0.E0,-1.E0));
#15381=DIRECTION('',(-1.E0,0.E0,0.E0));
#15382=AXIS2_PLACEMENT_3D('',#15379,#15380,#15381);
#15383=PLANE('',#15382);
#15384=ORIENTED_EDGE('',*,*,#13355,.F.);
#15385=ORIENTED_EDGE('',*,*,#13635,.T.);
#15387=ORIENTED_EDGE('',*,*,#15386,.F.);
#15388=ORIENTED_EDGE('',*,*,#15371,.F.);
#15389=EDGE_LOOP('',(#15384,#15385,#15387,#15388));
#15390=FACE_OUTER_BOUND('',#15389,.F.);
#15391=ADVANCED_FACE('',(#15390),#15383,.F.);
#15392=CARTESIAN_POINT('',(0.E0,1.75E-1,0.E0));
#15393=DIRECTION('',(0.E0,1.E0,0.E0));
#15394=DIRECTION('',(1.E0,0.E0,0.E0));
#15395=AXIS2_PLACEMENT_3D('',#15392,#15393,#15394);
#15396=PLANE('',#15395);
#15397=ORIENTED_EDGE('',*,*,#13633,.F.);
#15398=ORIENTED_EDGE('',*,*,#15331,.T.);
#15399=ORIENTED_EDGE('',*,*,#15345,.T.);
#15400=ORIENTED_EDGE('',*,*,#15359,.T.);
#15401=ORIENTED_EDGE('',*,*,#15373,.T.);
#15402=ORIENTED_EDGE('',*,*,#15386,.T.);
#15403=EDGE_LOOP('',(#15397,#15398,#15399,#15400,#15401,#15402));
#15404=FACE_OUTER_BOUND('',#15403,.F.);
#15405=ADVANCED_FACE('',(#15404),#15396,.F.);
#15406=CARTESIAN_POINT('',(-1.35E0,-2.5E-2,-3.75E-1));
#15407=DIRECTION('',(0.E0,0.E0,1.E0));
#15408=DIRECTION('',(1.E0,0.E0,0.E0));
#15409=AXIS2_PLACEMENT_3D('',#15406,#15407,#15408);
#15410=PLANE('',#15409);
#15411=ORIENTED_EDGE('',*,*,#13351,.T.);
#15413=ORIENTED_EDGE('',*,*,#15412,.T.);
#15415=ORIENTED_EDGE('',*,*,#15414,.F.);
#15416=ORIENTED_EDGE('',*,*,#13638,.F.);
#15417=EDGE_LOOP('',(#15411,#15413,#15415,#15416));
#15418=FACE_OUTER_BOUND('',#15417,.F.);
#15419=ADVANCED_FACE('',(#15418),#15410,.F.);
#15420=CARTESIAN_POINT('',(-9.74E-1,-2.5E-2,-4.99E-1));
#15421=DIRECTION('',(0.E0,1.E0,0.E0));
#15422=DIRECTION('',(1.E0,0.E0,0.E0));
#15423=AXIS2_PLACEMENT_3D('',#15420,#15421,#15422);
#15424=CYLINDRICAL_SURFACE('',#15423,1.24E-1);
#15425=ORIENTED_EDGE('',*,*,#13349,.T.);
#15427=ORIENTED_EDGE('',*,*,#15426,.T.);
#15429=ORIENTED_EDGE('',*,*,#15428,.F.);
#15430=ORIENTED_EDGE('',*,*,#15412,.F.);
#15431=EDGE_LOOP('',(#15425,#15427,#15429,#15430));
#15432=FACE_OUTER_BOUND('',#15431,.F.);
#15433=ADVANCED_FACE('',(#15432),#15424,.F.);
#15434=CARTESIAN_POINT('',(-8.5E-1,-2.5E-2,-4.99E-1));
#15435=DIRECTION('',(1.E0,0.E0,0.E0));
#15436=DIRECTION('',(0.E0,0.E0,-1.E0));
#15437=AXIS2_PLACEMENT_3D('',#15434,#15435,#15436);
#15438=PLANE('',#15437);
#15439=ORIENTED_EDGE('',*,*,#13347,.T.);
#15441=ORIENTED_EDGE('',*,*,#15440,.T.);
#15443=ORIENTED_EDGE('',*,*,#15442,.F.);
#15444=ORIENTED_EDGE('',*,*,#15426,.F.);
#15445=EDGE_LOOP('',(#15439,#15441,#15443,#15444));
#15446=FACE_OUTER_BOUND('',#15445,.F.);
#15447=ADVANCED_FACE('',(#15446),#15438,.F.);
#15448=CARTESIAN_POINT('',(-9.74E-1,-2.5E-2,-5.01E-1));
#15449=DIRECTION('',(0.E0,1.E0,0.E0));
#15450=DIRECTION('',(1.E0,0.E0,0.E0));
#15451=AXIS2_PLACEMENT_3D('',#15448,#15449,#15450);
#15452=CYLINDRICAL_SURFACE('',#15451,1.24E-1);
#15453=ORIENTED_EDGE('',*,*,#13345,.T.);
#15455=ORIENTED_EDGE('',*,*,#15454,.T.);
#15457=ORIENTED_EDGE('',*,*,#15456,.F.);
#15458=ORIENTED_EDGE('',*,*,#15440,.F.);
#15459=EDGE_LOOP('',(#15453,#15455,#15457,#15458));
#15460=FACE_OUTER_BOUND('',#15459,.F.);
#15461=ADVANCED_FACE('',(#15460),#15452,.F.);
#15462=CARTESIAN_POINT('',(-9.74E-1,-2.5E-2,-6.25E-1));
#15463=DIRECTION('',(0.E0,0.E0,-1.E0));
#15464=DIRECTION('',(-1.E0,0.E0,0.E0));
#15465=AXIS2_PLACEMENT_3D('',#15462,#15463,#15464);
#15466=PLANE('',#15465);
#15467=ORIENTED_EDGE('',*,*,#13343,.F.);
#15468=ORIENTED_EDGE('',*,*,#13642,.T.);
#15470=ORIENTED_EDGE('',*,*,#15469,.F.);
#15471=ORIENTED_EDGE('',*,*,#15454,.F.);
#15472=EDGE_LOOP('',(#15467,#15468,#15470,#15471));
#15473=FACE_OUTER_BOUND('',#15472,.F.);
#15474=ADVANCED_FACE('',(#15473),#15466,.F.);
#15475=CARTESIAN_POINT('',(0.E0,1.75E-1,0.E0));
#15476=DIRECTION('',(0.E0,1.E0,0.E0));
#15477=DIRECTION('',(1.E0,0.E0,0.E0));
#15478=AXIS2_PLACEMENT_3D('',#15475,#15476,#15477);
#15479=PLANE('',#15478);
#15480=ORIENTED_EDGE('',*,*,#13640,.F.);
#15481=ORIENTED_EDGE('',*,*,#15414,.T.);
#15482=ORIENTED_EDGE('',*,*,#15428,.T.);
#15483=ORIENTED_EDGE('',*,*,#15442,.T.);
#15484=ORIENTED_EDGE('',*,*,#15456,.T.);
#15485=ORIENTED_EDGE('',*,*,#15469,.T.);
#15486=EDGE_LOOP('',(#15480,#15481,#15482,#15483,#15484,#15485));
#15487=FACE_OUTER_BOUND('',#15486,.F.);
#15488=ADVANCED_FACE('',(#15487),#15479,.F.);
#15489=CARTESIAN_POINT('',(-5.E-1,-2.5E-2,-7.5E-1));
#15490=DIRECTION('',(-1.E0,0.E0,0.E0));
#15491=DIRECTION('',(0.E0,0.E0,1.E0));
#15492=AXIS2_PLACEMENT_3D('',#15489,#15490,#15491);
#15493=PLANE('',#15492);
#15494=ORIENTED_EDGE('',*,*,#13517,.T.);
#15496=ORIENTED_EDGE('',*,*,#15495,.T.);
#15498=ORIENTED_EDGE('',*,*,#15497,.F.);
#15500=ORIENTED_EDGE('',*,*,#15499,.T.);
#15501=EDGE_LOOP('',(#15494,#15496,#15498,#15500));
#15502=FACE_OUTER_BOUND('',#15501,.F.);
#15503=ADVANCED_FACE('',(#15502),#15493,.F.);
#15504=CARTESIAN_POINT('',(-5.E-1,-2.5E-2,7.5E-1));
#15505=DIRECTION('',(0.E0,0.E0,1.E0));
#15506=DIRECTION('',(1.E0,0.E0,0.E0));
#15507=AXIS2_PLACEMENT_3D('',#15504,#15505,#15506);
#15508=PLANE('',#15507);
#15509=ORIENTED_EDGE('',*,*,#13525,.T.);
#15511=ORIENTED_EDGE('',*,*,#15510,.T.);
#15513=ORIENTED_EDGE('',*,*,#15512,.F.);
#15514=ORIENTED_EDGE('',*,*,#15495,.F.);
#15515=EDGE_LOOP('',(#15509,#15511,#15513,#15514));
#15516=FACE_OUTER_BOUND('',#15515,.F.);
#15517=ADVANCED_FACE('',(#15516),#15508,.F.);
#15518=CARTESIAN_POINT('',(5.E-1,-2.5E-2,7.5E-1));
#15519=DIRECTION('',(1.E0,0.E0,0.E0));
#15520=DIRECTION('',(0.E0,0.E0,-1.E0));
#15521=AXIS2_PLACEMENT_3D('',#15518,#15519,#15520);
#15522=PLANE('',#15521);
#15523=ORIENTED_EDGE('',*,*,#13523,.T.);
#15525=ORIENTED_EDGE('',*,*,#15524,.T.);
#15527=ORIENTED_EDGE('',*,*,#15526,.F.);
#15528=ORIENTED_EDGE('',*,*,#15510,.F.);
#15529=EDGE_LOOP('',(#15523,#15525,#15527,#15528));
#15530=FACE_OUTER_BOUND('',#15529,.F.);
#15531=ADVANCED_FACE('',(#15530),#15522,.F.);
#15532=CARTESIAN_POINT('',(5.E-1,-2.5E-2,-7.5E-1));
#15533=DIRECTION('',(0.E0,0.E0,-1.E0));
#15534=DIRECTION('',(-1.E0,0.E0,0.E0));
#15535=AXIS2_PLACEMENT_3D('',#15532,#15533,#15534);
#15536=PLANE('',#15535);
#15537=ORIENTED_EDGE('',*,*,#13521,.T.);
#15539=ORIENTED_EDGE('',*,*,#15538,.F.);
#15541=ORIENTED_EDGE('',*,*,#15540,.F.);
#15542=ORIENTED_EDGE('',*,*,#15524,.F.);
#15543=EDGE_LOOP('',(#15537,#15539,#15541,#15542));
#15544=FACE_OUTER_BOUND('',#15543,.F.);
#15545=ADVANCED_FACE('',(#15544),#15536,.F.);
#15546=CARTESIAN_POINT('',(-3.5E-1,7.5E-2,-6.E-1));
#15547=DIRECTION('',(-7.071067811865E-1,0.E0,-7.071067811865E-1));
#15548=DIRECTION('',(7.071067811865E-1,0.E0,-7.071067811865E-1));
#15549=AXIS2_PLACEMENT_3D('',#15546,#15547,#15548);
#15550=PLANE('',#15549);
#15551=ORIENTED_EDGE('',*,*,#13519,.F.);
#15552=ORIENTED_EDGE('',*,*,#15499,.F.);
#15554=ORIENTED_EDGE('',*,*,#15553,.F.);
#15555=ORIENTED_EDGE('',*,*,#15538,.T.);
#15556=EDGE_LOOP('',(#15551,#15552,#15554,#15555));
#15557=FACE_OUTER_BOUND('',#15556,.F.);
#15558=ADVANCED_FACE('',(#15557),#15550,.F.);
#15559=CARTESIAN_POINT('',(0.E0,1.75E-1,0.E0));
#15560=DIRECTION('',(0.E0,1.E0,0.E0));
#15561=DIRECTION('',(1.E0,0.E0,0.E0));
#15562=AXIS2_PLACEMENT_3D('',#15559,#15560,#15561);
#15563=PLANE('',#15562);
#15564=ORIENTED_EDGE('',*,*,#15553,.T.);
#15565=ORIENTED_EDGE('',*,*,#15497,.T.);
#15566=ORIENTED_EDGE('',*,*,#15512,.T.);
#15567=ORIENTED_EDGE('',*,*,#15526,.T.);
#15568=ORIENTED_EDGE('',*,*,#15540,.T.);
#15569=EDGE_LOOP('',(#15564,#15565,#15566,#15567,#15568));
#15570=FACE_OUTER_BOUND('',#15569,.F.);
#15571=ADVANCED_FACE('',(#15570),#15563,.F.);
#15572=CLOSED_SHELL('',(#13529,#13544,#13558,#13572,#13586,#13600,#13648,#13662,
#13730,#13744,#13758,#13772,#13786,#13799,#13813,#13827,#13841,#13855,#13869,
#13882,#13896,#13945,#13964,#13977,#13990,#14003,#14016,#14028,#14042,#14056,
#14070,#14084,#14097,#14111,#14125,#14139,#14153,#14167,#14180,#14194,#14208,
#14222,#14236,#14250,#14263,#14277,#14291,#14305,#14319,#14333,#14346,#14360,
#14427,#14441,#14459,#14472,#14485,#14498,#14510,#14522,#14543,#14557,#14571,
#14585,#14598,#14612,#14627,#14642,#14657,#14672,#14687,#14702,#14717,#14732,
#14746,#14760,#14775,#14790,#14805,#14820,#14835,#14850,#14865,#14878,#14890,
#14903,#14916,#14928,#14941,#14954,#14966,#14979,#14992,#15004,#15017,#15030,
#15042,#15055,#15068,#15080,#15093,#15106,#15118,#15131,#15144,#15156,#15170,
#15184,#15198,#15212,#15225,#15239,#15253,#15267,#15281,#15295,#15308,#15322,
#15336,#15350,#15364,#15378,#15391,#15405,#15419,#15433,#15447,#15461,#15474,
#15488,#15503,#15517,#15531,#15545,#15558,#15571));
#15573=MANIFOLD_SOLID_BREP('',#15572);
#15574=FILL_AREA_STYLE_COLOUR('',#3);
#15575=FILL_AREA_STYLE('',(#15574));
#15576=SURFACE_STYLE_FILL_AREA(#15575);
#15577=SURFACE_SIDE_STYLE('',(#15576));
#15578=SURFACE_STYLE_USAGE(.BOTH.,#15577);
#15579=PRESENTATION_STYLE_ASSIGNMENT((#15578));
#10152=STYLED_ITEM('',(#15579),#15573);
#15581=DIMENSIONAL_EXPONENTS(0.E0,0.E0,0.E0,0.E0,0.E0,0.E0,0.E0);
#15583=PLANE_ANGLE_MEASURE_WITH_UNIT(PLANE_ANGLE_MEASURE(1.745329251994E-2),
#15582);
#15584=(CONVERSION_BASED_UNIT('DEGREE',#15583)NAMED_UNIT(*)PLANE_ANGLE_UNIT());
#15586=UNCERTAINTY_MEASURE_WITH_UNIT(LENGTH_MEASURE(1.789777290107E-4),#15580,
'closure',
'Maximum model space distance between geometric entities at asserted connectivities');
#15587=(GEOMETRIC_REPRESENTATION_CONTEXT(3)GLOBAL_UNCERTAINTY_ASSIGNED_CONTEXT((
#15586))GLOBAL_UNIT_ASSIGNED_CONTEXT((#15580,#15584,#15585))REPRESENTATION_CONTEXT('ID2','3'));
#15588=CARTESIAN_POINT('',(0.E0,0.E0,0.E0));
#15589=DIRECTION('',(0.E0,0.E0,1.E0));
#15590=DIRECTION('',(1.E0,0.E0,0.E0));
#15593=MECHANICAL_CONTEXT('',#10130,'mechanical');
#15594=PRODUCT('BODY','BODY','NOT SPECIFIED',(#15593));
#15595=PRODUCT_DEFINITION_FORMATION_WITH_SPECIFIED_SOURCE('34','LAST_VERSION',
#15594,.MADE.);
#15601=CARTESIAN_POINT('',(0.E0,0.E0,2.5E-2));
#15602=DIRECTION('',(0.E0,-1.E0,0.E0));
#15603=DIRECTION('',(1.E0,0.E0,0.E0));
#15604=AXIS2_PLACEMENT_3D('',#15601,#15602,#15603);
#15605=ITEM_DEFINED_TRANSFORMATION('','',#15591,#15604);
#15606=(REPRESENTATION_RELATIONSHIP('','',#15592,#10141)REPRESENTATION_RELATIONSHIP_WITH_TRANSFORMATION(#15605)SHAPE_REPRESENTATION_RELATIONSHIP());
#15607=CONTEXT_DEPENDENT_SHAPE_REPRESENTATION(#15606,#15600);
#15609=DIMENSIONAL_EXPONENTS(0.E0,0.E0,0.E0,0.E0,0.E0,0.E0,0.E0);
#15611=PLANE_ANGLE_MEASURE_WITH_UNIT(PLANE_ANGLE_MEASURE(1.745329251994E-2),
#15610);
#15612=(CONVERSION_BASED_UNIT('DEGREE',#15611)NAMED_UNIT(*)PLANE_ANGLE_UNIT());
#15614=UNCERTAINTY_MEASURE_WITH_UNIT(LENGTH_MEASURE(2.388026121952E-4),#15608,
'closure',
'Maximum model space distance between geometric entities at asserted connectivities');
#15615=(GEOMETRIC_REPRESENTATION_CONTEXT(3)GLOBAL_UNCERTAINTY_ASSIGNED_CONTEXT((
#15614))GLOBAL_UNIT_ASSIGNED_CONTEXT((#15608,#15612,#15613))REPRESENTATION_CONTEXT('ID3','3'));
#15616=CARTESIAN_POINT('',(0.E0,0.E0,0.E0));
#15617=DIRECTION('',(0.E0,0.E0,1.E0));
#15618=DIRECTION('',(1.E0,0.E0,0.E0));
#15621=DESIGN_CONTEXT('',#10130,'design');
#15622=MECHANICAL_CONTEXT('',#10130,'mechanical');
#15623=PRODUCT('PIN1_AREA','PIN1_AREA','NOT SPECIFIED',(#15622));
#15624=PRODUCT_DEFINITION_FORMATION_WITH_SPECIFIED_SOURCE('14','LAST_VERSION',
#15623,.MADE.);
#15630=CARTESIAN_POINT('',(0.E0,0.E0,8.E-1));
#15631=DIRECTION('',(0.E0,-1.E0,0.E0));
#15632=DIRECTION('',(1.E0,0.E0,0.E0));
#15633=AXIS2_PLACEMENT_3D('',#15630,#15631,#15632);
#15634=ITEM_DEFINED_TRANSFORMATION('','',#15619,#15633);
#15635=(REPRESENTATION_RELATIONSHIP('','',#15620,#10141)REPRESENTATION_RELATIONSHIP_WITH_TRANSFORMATION(#15634)SHAPE_REPRESENTATION_RELATIONSHIP());
#15636=CONTEXT_DEPENDENT_SHAPE_REPRESENTATION(#15635,#15629);
#15638=DIMENSIONAL_EXPONENTS(0.E0,0.E0,0.E0,0.E0,0.E0,0.E0,0.E0);
#15640=PLANE_ANGLE_MEASURE_WITH_UNIT(PLANE_ANGLE_MEASURE(1.745329251994E-2),
#15639);
#15641=(CONVERSION_BASED_UNIT('DEGREE',#15640)NAMED_UNIT(*)PLANE_ANGLE_UNIT());
#15643=UNCERTAINTY_MEASURE_WITH_UNIT(LENGTH_MEASURE(1.741111318231E-4),#15637,
'closure',
'Maximum model space distance between geometric entities at asserted connectivities');
#15644=(GEOMETRIC_REPRESENTATION_CONTEXT(3)GLOBAL_UNCERTAINTY_ASSIGNED_CONTEXT((
#15643))GLOBAL_UNIT_ASSIGNED_CONTEXT((#15637,#15641,#15642))REPRESENTATION_CONTEXT('ID4','3'));
#15645=CARTESIAN_POINT('',(0.E0,0.E0,0.E0));
#15646=DIRECTION('',(0.E0,0.E0,1.E0));
#15647=DIRECTION('',(1.E0,0.E0,0.E0));
#15649=MECHANICAL_DESIGN_GEOMETRIC_PRESENTATION_REPRESENTATION('',(#39,#46,#53,
#60,#67,#74,#81,#89,#97,#105,#113,#121,#128,#135,#142,#149,#157,#164,#172,#179,
#186,#193,#201,#208,#215,#222,#230,#237,#245,#252,#259,#266,#273,#280,#287,#294,
#301,#418,#30,#633,#640,#647,#654,#661,#668,#675,#683,#691,#699,#707,#715,#722,
#729,#736,#743,#751,#758,#766,#773,#780,#787,#795,#802,#809,#816,#824,#831,#839,
#846,#853,#860,#867,#874,#881,#888,#895,#1007,#625,#1222,#1229,#1236,#1243,
#1250,#1257,#1264,#1272,#1280,#1288,#1296,#1304,#1311,#1318,#1325,#1332,#1340,
#1347,#1355,#1362,#1369,#1376,#1384,#1391,#1398,#1405,#1413,#1420,#1428,#1435,
#1442,#1449,#1456,#1463,#1470,#1477,#1484,#1596,#1214,#1811,#1818,#1825,#1832,
#1839,#1846,#1853,#1861,#1869,#1877,#1885,#1893,#1900,#1907,#1914,#1921,#1929,
#1936,#1944,#1951,#1958,#1965,#1973,#1980,#1987,#1994,#2002,#2009,#2017,#2024,
#2031,#2038,#2045,#2052,#2059,#2066,#2073,#2185,#1803,#2400,#2407,#2414,#2421,
#2428,#2435,#2442,#2450,#2458,#2466,#2474,#2482,#2489,#2496,#2503,#2510,#2518,
#2525,#2533,#2540,#2547,#2554,#2562,#2569,#2576,#2583,#2591,#2598,#2606,#2613,
#2620,#2627,#2634,#2641,#2648,#2655,#2662,#2774,#2392,#2989,#2996,#3003,#3010,
#3017,#3024,#3031,#3039,#3047,#3055,#3063,#3071,#3078,#3085,#3092,#3099,#3107,
#3114,#3122,#3129,#3136,#3143,#3151,#3158,#3165,#3172,#3179,#3187,#3194,#3202,
#3209,#3216,#3223,#3230,#3237,#3244,#3251,#3363,#2981,#3578,#3585,#3592,#3599,
#3606,#3613,#3620,#3628,#3636,#3644,#3652,#3660,#3667,#3674,#3681,#3688,#3696,
#3703,#3711,#3718,#3725,#3732,#3740,#3747,#3754,#3761,#3768,#3776,#3783,#3791,
#3798,#3805,#3812,#3819,#3826,#3833,#3840,#3952,#3570,#4167,#4174,#4181,#4188,
#4195,#4202,#4209,#4217,#4225,#4233,#4241,#4249,#4256,#4263,#4270,#4277,#4285,
#4292,#4300,#4307,#4314,#4321,#4329,#4336,#4343,#4350,#4357,#4365,#4372,#4380,
#4387,#4394,#4401,#4408,#4415,#4422,#4429,#4541,#4159,#4756,#4763,#4770,#4777,
#4784,#4791,#4798,#4806,#4814,#4822,#4830,#4838,#4845,#4852,#4859,#4866,#4874,
#4881,#4889,#4896,#4903,#4910,#4918,#4925,#4932,#4939,#4946,#4954,#4961,#4969,
#4976,#4983,#4990,#4997,#5004,#5011,#5018,#5130,#4748,#5345,#5352,#5359,#5366,
#5373,#5380,#5387,#5395,#5403,#5411,#5419,#5427,#5434,#5441,#5448,#5455,#5463,
#5470,#5478,#5485,#5492,#5499,#5507,#5514,#5521,#5528,#5535,#5543,#5550,#5558,
#5565,#5572,#5579,#5586,#5593,#5600,#5607,#5719,#5337,#5933,#5940,#5947,#5954,
#5961,#5969,#5977,#5985,#5993,#6001,#6008,#6015,#6022,#6029,#6037,#6044,#6052,
#6059,#6066,#6073,#6081,#6088,#6095,#6102,#6110,#6117,#6125,#6132,#6139,#6146,
#6153,#6160,#6167,#6174,#6181,#6189,#6196,#6279,#5926,#6522,#6529,#6536,#6543,
#6551,#6559,#6566,#6573,#6581,#6589,#6597,#6604,#6611,#6619,#6626,#6633,#6640,
#6647,#6655,#6662,#6670,#6677,#6684,#6691,#6699,#6706,#6713,#6720,#6728,#6735,
#6743,#6750,#6757,#6764,#6771,#6778,#6785,#6868,#6515,#7111,#7118,#7125,#7132,
#7140,#7148,#7155,#7162,#7170,#7178,#7186,#7193,#7200,#7208,#7215,#7222,#7229,
#7236,#7244,#7251,#7259,#7266,#7273,#7280,#7288,#7295,#7302,#7309,#7316,#7324,
#7331,#7339,#7346,#7353,#7360,#7367,#7374,#7457,#7104,#7700,#7707,#7714,#7721,
#7728,#7736,#7744,#7752,#7760,#7768,#7775,#7782,#7789,#7796,#7804,#7811,#7819,
#7826,#7833,#7840,#7848,#7855,#7862,#7869,#7876,#7884,#7891,#7899,#7906,#7913,
#7920,#7927,#7934,#7941,#7948,#7956,#7963,#8046,#7693,#8289,#8296,#8303,#8310,
#8317,#8324,#8331,#8338,#8345,#8352,#8359,#8366,#8373,#8380,#8387,#8282,#8524,
#8531,#8538,#8545,#8552,#8559,#8566,#8573,#8580,#8587,#8594,#8601,#8655,#8517,
#8724,#8731,#8738,#8745,#8752,#8759,#8766,#8773,#8780,#8787,#8794,#8801,#8855,
#8717,#8924,#8931,#8938,#8945,#8952,#8959,#8966,#8973,#8980,#8987,#8994,#9001,
#9055,#8917,#9124,#9131,#9138,#9145,#9152,#9159,#9166,#9173,#9180,#9187,#9194,
#9201,#9255,#9117,#9324,#9331,#9338,#9345,#9352,#9359,#9366,#9373,#9380,#9387,
#9394,#9401,#9455,#9317,#9524,#9531,#9538,#9545,#9552,#9559,#9566,#9573,#9580,
#9587,#9594,#9601,#9655,#9517,#9724,#9731,#9738,#9745,#9752,#9759,#9766,#9773,
#9780,#9787,#9794,#9801,#9855,#9717,#9924,#9931,#9938,#9945,#9952,#9959,#9966,
#9973,#9980,#9987,#9994,#10001,#10055,#9917,#10159,#10166,#10173,#10181,#10188,
#10196,#10203,#10210,#10217,#10225,#10232,#10240,#10247,#10254,#10261,#10269,
#10276,#10284,#10291,#10298,#10305,#10313,#10320,#10328,#10335,#10342,#10349,
#10356,#10364,#10371,#10379,#10386,#10393,#10400,#10408,#10415,#10423,#10430,
#10437,#10444,#10451,#10459,#10466,#10474,#10481,#10488,#10495,#10503,#10510,
#10518,#10525,#10532,#10539,#10547,#10554,#10562,#10569,#10576,#10583,#10591,
#10598,#10606,#10613,#10620,#10627,#10635,#10642,#10650,#10657,#10664,#10671,
#10678,#10686,#10693,#10701,#10708,#10715,#10722,#10730,#10737,#10745,#10752,
#10759,#10766,#10773,#10781,#10788,#10796,#10803,#10810,#10817,#10824,#10831,
#10838,#10845,#10852,#10859,#10866,#10873,#10880,#10887,#10894,#10901,#10908,
#10915,#10922,#10929,#10936,#10943,#10950,#10957,#10964,#10971,#10978,#10986,
#10993,#11001,#11008,#11015,#11022,#11029,#11036,#11043,#11050,#11057,#11064,
#11071,#11078,#11085,#11092,#11099,#11106,#11113,#11120,#11127,#11134,#11141,
#11148,#11155,#11162,#11169,#11176,#11183,#11190,#11197,#11204,#11212,#11219,
#11227,#11234,#11241,#11248,#11255,#11262,#11269,#11277,#11284,#11292,#11299,
#11306,#11313,#11320,#11327,#11334,#11341,#11348,#11355,#11362,#11369,#11376,
#11383,#11390,#11397,#11404,#11411,#11418,#11426,#11433,#11441,#11448,#11455,
#11462,#11469,#11476,#11483,#11490,#11497,#11504,#11511,#11519,#11526,#11534,
#11541,#11548,#11555,#11562,#11569,#11576,#11584,#11591,#11599,#11606,#11613,
#11620,#11627,#11634,#11641,#11649,#11656,#11664,#11671,#11678,#11685,#11692,
#11699,#11706,#11714,#11721,#11729,#11736,#11743,#11750,#11757,#11764,#11771,
#11778,#11785,#11792,#11799,#11806,#11813,#11820,#11827,#11834,#11841,#11848,
#11855,#11862,#11869,#11876,#11883,#11890,#11897,#11904,#11912,#11919,#11927,
#11934,#11941,#11948,#11955,#11962,#11969,#11976,#11983,#11990,#11997,#12004,
#12011,#12018,#12025,#12033,#12040,#12048,#12055,#12062,#12069,#12076,#12083,
#12090,#12097,#12104,#12111,#12118,#12125,#12132,#12139,#12146,#12153,#12160,
#12167,#12174,#12181,#12188,#12195,#12202,#12209,#12216,#12223,#12230,#12237,
#12244,#12251,#12258,#12265,#12272,#12279,#12286,#12293,#12300,#12307,#12314,
#12321,#12328,#12335,#12342,#12349,#12356,#12363,#12370,#12377,#12384,#12391,
#12398,#12405,#12412,#12419,#12426,#12433,#12440,#12447,#12454,#12461,#12468,
#12475,#12482,#12489,#12496,#12503,#12510,#12517,#12524,#12531,#12538,#12546,
#12553,#12561,#12568,#12575,#12582,#12589,#12596,#12603,#12611,#12618,#12626,
#12633,#12640,#12647,#12654,#12661,#12668,#12676,#12683,#12691,#12698,#12705,
#12712,#12719,#12726,#12733,#12741,#12748,#12756,#12763,#12770,#12777,#12784,
#12791,#12798,#12805,#12812,#12819,#12826,#12833,#14529,#10152),#15644);
#15650=MECHANICAL_CONTEXT('',#10130,'mechanical');
#15651=PRODUCT('BQA0014B_ASM','BQA0014B_ASM','NOT SPECIFIED',(#15650));
#15652=PRODUCT_DEFINITION_FORMATION_WITH_SPECIFIED_SOURCE('89','LAST_VERSION',
#15651,.MADE.);
#15654=PRODUCT_CATEGORY('part','');
#15655=PRODUCT_RELATED_PRODUCT_CATEGORY('assembly','',(#15651));
#15656=PRODUCT_CATEGORY_RELATIONSHIP('','',#15654,#15655);
#15657=PRODUCT_CATEGORY('part','');
#15658=PRODUCT_RELATED_PRODUCT_CATEGORY('detail','',(#10134,#15594,#15623));
#15659=PRODUCT_CATEGORY_RELATIONSHIP('','',#15657,#15658);
#15660=SECURITY_CLASSIFICATION_LEVEL('unclassified');
#15661=SECURITY_CLASSIFICATION('','',#15660);
#15662=CC_DESIGN_SECURITY_CLASSIFICATION(#15661,(#10135,#15595,#15624,#15652,
#10142,#15599,#15628));
#15663=APPROVAL_STATUS('approved');
#15664=APPROVAL(#15663,'');
#15665=CC_DESIGN_APPROVAL(#15664,(#15661,#10135,#15595,#15624,#15652,#10136,
#15596,#15625,#15653));
#15666=CALENDAR_DATE(121,7,9);
#15667=COORDINATED_UNIVERSAL_TIME_OFFSET(7,0,.BEHIND.);
#15668=LOCAL_TIME(10,38,5.9E1,#15667);
#15669=DATE_AND_TIME(#15666,#15668);
#15670=APPROVAL_DATE_TIME(#15669,#15664);
#15671=DATE_TIME_ROLE('creation_date');
#15672=CC_DESIGN_DATE_AND_TIME_ASSIGNMENT(#15669,#15671,(#10136,#15596,#15625,
#15653));
#15673=DATE_TIME_ROLE('classification_date');
#15674=CC_DESIGN_DATE_AND_TIME_ASSIGNMENT(#15669,#15673,(#15661));
#15675=PERSON('UNSPECIFIED','UNSPECIFIED',$,$,$,$);
#15676=ORGANIZATION('UNSPECIFIED','UNSPECIFIED','UNSPECIFIED');
#15677=PERSON_AND_ORGANIZATION(#15675,#15676);
#15678=APPROVAL_ROLE('approver');
#15679=APPROVAL_PERSON_ORGANIZATION(#15677,#15664,#15678);
#15680=PERSON_AND_ORGANIZATION_ROLE('creator');
#15681=CC_DESIGN_PERSON_AND_ORGANIZATION_ASSIGNMENT(#15677,#15680,(#10135,
#15595,#15624,#15652,#10136,#15596,#15625,#15653));
#15682=PERSON_AND_ORGANIZATION_ROLE('design_supplier');
#15683=CC_DESIGN_PERSON_AND_ORGANIZATION_ASSIGNMENT(#15677,#15682,(#10135,
#15595,#15624,#15652));
#15684=PERSON_AND_ORGANIZATION_ROLE('classification_officer');
#15685=CC_DESIGN_PERSON_AND_ORGANIZATION_ASSIGNMENT(#15677,#15684,(#15661));
#15686=PERSON_AND_ORGANIZATION_ROLE('design_owner');
#15687=CC_DESIGN_PERSON_AND_ORGANIZATION_ASSIGNMENT(#15677,#15686,(#15651,
#10134,#15594,#15623));
#1=COLOUR_RGB('',0.E0,4.3E-1,1.E0);
#2=COLOUR_RGB('',0.E0,6.6E-1,0.E0);
#3=COLOUR_RGB('',9.8039E-2,9.8039E-2,9.8039E-2);
#4=COLOUR_RGB('',1.80392E-1,2.7451E-1,9.8039E-2);
#5=COLOUR_RGB('',3.E-1,1.29412E-1,2.5098E-1);
#6=COLOUR_RGB('',3.13725E-1,3.13725E-1,3.13725E-1);
#7=COLOUR_RGB('',3.2E-1,4.9E-1,1.76471E-1);
#8=COLOUR_RGB('',3.5E-1,3.5E-1,3.5E-1);
#9=COLOUR_RGB('',3.92157E-1,3.92157E-1,3.92157E-1);
#10=COLOUR_RGB('',5.7E-1,0.E0,1.E0);
#11=COLOUR_RGB('',5.9E-1,3.E-1,0.E0);
#12=COLOUR_RGB('',6.E-1,6.E-1,6.E-1);
#13=COLOUR_RGB('',6.2E-1,3.3E-1,2.3E-1);
#14=COLOUR_RGB('',6.35294E-1,6.86275E-1,7.4902E-1);
#15=COLOUR_RGB('',6.66667E-1,6.66667E-1,6.66667E-1);
#16=COLOUR_RGB('',6.9E-1,0.E0,0.E0);
#17=COLOUR_RGB('',7.E-1,7.E-1,7.E-1);
#18=COLOUR_RGB('',8.23529E-1,7.05882E-1,4.31373E-1);
#19=COLOUR_RGB('',8.39216E-1,8.90196E-1,7.68627E-1);
#20=COLOUR_RGB('',8.62745E-1,4.98039E-1,3.92157E-1);
#21=COLOUR_RGB('',8.7E-1,7.5E-1,4.9E-1);
#22=COLOUR_RGB('',8.82353E-1,8.82353E-1,8.82353E-1);
#23=COLOUR_RGB('',9.80392E-1,9.80392E-1,9.80392E-1);
#24=COLOUR_RGB('',9.9E-1,1.E0,0.E0);
#25=COLOUR_RGB('',1.E0,5.E-1,0.E0);
#26=COLOUR_RGB('',1.E0,6.19608E-1,5.17647E-1);
#27=DRAUGHTING_PRE_DEFINED_COLOUR('white');
#28=COLOUR_RGB('',8.627450980392E-1,8.627450980392E-1,8.627450980392E-1);
#29=COLOUR_RGB('',1.E0,6.2E-1,5.2E-1);
#35=CIRCLE('',#34,6.5E-2);
#86=CIRCLE('',#85,1.5E-2);
#94=CIRCLE('',#93,6.5E-2);
#102=CIRCLE('',#101,6.5E-2);
#110=CIRCLE('',#109,6.5E-2);
#118=CIRCLE('',#117,8.E-2);
#154=CIRCLE('',#153,1.24E-1);
#169=CIRCLE('',#168,1.24E-1);
#198=CIRCLE('',#197,8.E-2);
#227=CIRCLE('',#226,1.24E-1);
#242=CIRCLE('',#241,1.24E-1);
#355=EDGE_CURVE('',#347,#345,#43,.T.);
#357=EDGE_CURVE('',#343,#345,#110,.T.);
#359=EDGE_CURVE('',#349,#343,#78,.T.);
#361=EDGE_CURVE('',#349,#347,#35,.T.);
#372=EDGE_CURVE('',#328,#347,#50,.T.);
#374=EDGE_CURVE('',#328,#329,#132,.T.);
#376=EDGE_CURVE('',#329,#345,#125,.T.);
#388=EDGE_CURVE('',#349,#337,#57,.T.);
#390=EDGE_CURVE('',#341,#337,#102,.T.);
#392=EDGE_CURVE('',#333,#341,#64,.T.);
#394=EDGE_CURVE('',#333,#325,#183,.T.);
#396=EDGE_CURVE('',#325,#321,#256,.T.);
#398=EDGE_CURVE('',#320,#321,#212,.T.);
#400=EDGE_CURVE('',#323,#320,#205,.T.);
#402=EDGE_CURVE('',#323,#328,#139,.T.);
#424=EDGE_CURVE('',#336,#337,#71,.T.);
#428=EDGE_CURVE('',#343,#336,#86,.T.);
#439=EDGE_CURVE('',#336,#340,#94,.T.);
#441=EDGE_CURVE('',#340,#341,#291,.T.);
#478=EDGE_CURVE('',#345,#340,#118,.T.);
#491=EDGE_CURVE('',#329,#331,#198,.T.);
#493=EDGE_CURVE('',#331,#340,#298,.T.);
#505=EDGE_CURVE('',#323,#304,#146,.T.);
#507=EDGE_CURVE('',#304,#305,#154,.T.);
#509=EDGE_CURVE('',#305,#307,#161,.T.);
#511=EDGE_CURVE('',#307,#309,#169,.T.);
#513=EDGE_CURVE('',#309,#325,#176,.T.);
#516=EDGE_CURVE('',#333,#331,#190,.T.);
#528=EDGE_CURVE('',#320,#312,#249,.T.);
#530=EDGE_CURVE('',#304,#312,#284,.T.);
#542=EDGE_CURVE('',#317,#321,#219,.T.);
#544=EDGE_CURVE('',#315,#317,#227,.T.);
#546=EDGE_CURVE('',#313,#315,#234,.T.);
#548=EDGE_CURVE('',#312,#313,#242,.T.);
#561=EDGE_CURVE('',#309,#317,#263,.T.);
#573=EDGE_CURVE('',#307,#315,#270,.T.);
#586=EDGE_CURVE('',#305,#313,#277,.T.);
#630=CIRCLE('',#629,6.5E-2);
#680=CIRCLE('',#679,1.5E-2);
#688=CIRCLE('',#687,6.5E-2);
#696=CIRCLE('',#695,6.5E-2);
#704=CIRCLE('',#703,6.5E-2);
#712=CIRCLE('',#711,8.E-2);
#748=CIRCLE('',#747,1.24E-1);
#763=CIRCLE('',#762,1.24E-1);
#792=CIRCLE('',#791,8.E-2);
#821=CIRCLE('',#820,1.24E-1);
#836=CIRCLE('',#835,1.24E-1);
#949=EDGE_CURVE('',#941,#939,#637,.T.);
#951=EDGE_CURVE('',#937,#939,#704,.T.);
#953=EDGE_CURVE('',#943,#937,#672,.T.);
#955=EDGE_CURVE('',#943,#941,#630,.T.);
#966=EDGE_CURVE('',#922,#941,#644,.T.);
#968=EDGE_CURVE('',#922,#923,#726,.T.);
#970=EDGE_CURVE('',#923,#939,#719,.T.);
#982=EDGE_CURVE('',#943,#931,#651,.T.);
#984=EDGE_CURVE('',#935,#931,#696,.T.);
#986=EDGE_CURVE('',#927,#935,#658,.T.);
#988=EDGE_CURVE('',#927,#919,#777,.T.);
#990=EDGE_CURVE('',#919,#915,#850,.T.);
#992=EDGE_CURVE('',#914,#915,#806,.T.);
#994=EDGE_CURVE('',#917,#914,#799,.T.);
#996=EDGE_CURVE('',#917,#922,#733,.T.);
#1013=EDGE_CURVE('',#930,#931,#665,.T.);
#1017=EDGE_CURVE('',#937,#930,#680,.T.);
#1028=EDGE_CURVE('',#930,#934,#688,.T.);
#1030=EDGE_CURVE('',#934,#935,#885,.T.);
#1067=EDGE_CURVE('',#939,#934,#712,.T.);
#1080=EDGE_CURVE('',#923,#925,#792,.T.);
#1082=EDGE_CURVE('',#925,#934,#892,.T.);
#1094=EDGE_CURVE('',#917,#898,#740,.T.);
#1096=EDGE_CURVE('',#898,#899,#748,.T.);
#1098=EDGE_CURVE('',#899,#901,#755,.T.);
#1100=EDGE_CURVE('',#901,#903,#763,.T.);
#1102=EDGE_CURVE('',#903,#919,#770,.T.);
#1105=EDGE_CURVE('',#927,#925,#784,.T.);
#1117=EDGE_CURVE('',#914,#906,#843,.T.);
#1119=EDGE_CURVE('',#898,#906,#878,.T.);
#1131=EDGE_CURVE('',#911,#915,#813,.T.);
#1133=EDGE_CURVE('',#909,#911,#821,.T.);
#1135=EDGE_CURVE('',#907,#909,#828,.T.);
#1137=EDGE_CURVE('',#906,#907,#836,.T.);
#1150=EDGE_CURVE('',#903,#911,#857,.T.);
#1162=EDGE_CURVE('',#901,#909,#864,.T.);
#1175=EDGE_CURVE('',#899,#907,#871,.T.);
#1219=CIRCLE('',#1218,6.5E-2);
#1269=CIRCLE('',#1268,1.5E-2);
#1277=CIRCLE('',#1276,6.5E-2);
#1285=CIRCLE('',#1284,6.5E-2);
#1293=CIRCLE('',#1292,6.5E-2);
#1301=CIRCLE('',#1300,8.E-2);
#1337=CIRCLE('',#1336,1.24E-1);
#1352=CIRCLE('',#1351,1.24E-1);
#1381=CIRCLE('',#1380,8.E-2);
#1410=CIRCLE('',#1409,1.24E-1);
#1425=CIRCLE('',#1424,1.24E-1);
#1538=EDGE_CURVE('',#1530,#1528,#1226,.T.);
#1540=EDGE_CURVE('',#1526,#1528,#1293,.T.);
#1542=EDGE_CURVE('',#1532,#1526,#1261,.T.);
#1544=EDGE_CURVE('',#1532,#1530,#1219,.T.);
#1555=EDGE_CURVE('',#1511,#1530,#1233,.T.);
#1557=EDGE_CURVE('',#1511,#1512,#1315,.T.);
#1559=EDGE_CURVE('',#1512,#1528,#1308,.T.);
#1571=EDGE_CURVE('',#1532,#1520,#1240,.T.);
#1573=EDGE_CURVE('',#1524,#1520,#1285,.T.);
#1575=EDGE_CURVE('',#1516,#1524,#1247,.T.);
#1577=EDGE_CURVE('',#1516,#1508,#1366,.T.);
#1579=EDGE_CURVE('',#1508,#1504,#1439,.T.);
#1581=EDGE_CURVE('',#1503,#1504,#1395,.T.);
#1583=EDGE_CURVE('',#1506,#1503,#1388,.T.);
#1585=EDGE_CURVE('',#1506,#1511,#1322,.T.);
#1602=EDGE_CURVE('',#1519,#1520,#1254,.T.);
#1606=EDGE_CURVE('',#1526,#1519,#1269,.T.);
#1617=EDGE_CURVE('',#1519,#1523,#1277,.T.);
#1619=EDGE_CURVE('',#1523,#1524,#1474,.T.);
#1656=EDGE_CURVE('',#1528,#1523,#1301,.T.);
#1669=EDGE_CURVE('',#1512,#1514,#1381,.T.);
#1671=EDGE_CURVE('',#1514,#1523,#1481,.T.);
#1683=EDGE_CURVE('',#1506,#1487,#1329,.T.);
#1685=EDGE_CURVE('',#1487,#1488,#1337,.T.);
#1687=EDGE_CURVE('',#1488,#1490,#1344,.T.);
#1689=EDGE_CURVE('',#1490,#1492,#1352,.T.);
#1691=EDGE_CURVE('',#1492,#1508,#1359,.T.);
#1694=EDGE_CURVE('',#1516,#1514,#1373,.T.);
#1706=EDGE_CURVE('',#1503,#1495,#1432,.T.);
#1708=EDGE_CURVE('',#1487,#1495,#1467,.T.);
#1720=EDGE_CURVE('',#1500,#1504,#1402,.T.);
#1722=EDGE_CURVE('',#1498,#1500,#1410,.T.);
#1724=EDGE_CURVE('',#1496,#1498,#1417,.T.);
#1726=EDGE_CURVE('',#1495,#1496,#1425,.T.);
#1739=EDGE_CURVE('',#1492,#1500,#1446,.T.);
#1751=EDGE_CURVE('',#1490,#1498,#1453,.T.);
#1764=EDGE_CURVE('',#1488,#1496,#1460,.T.);
#1808=CIRCLE('',#1807,6.5E-2);
#1858=CIRCLE('',#1857,1.5E-2);
#1866=CIRCLE('',#1865,6.5E-2);
#1874=CIRCLE('',#1873,6.5E-2);
#1882=CIRCLE('',#1881,6.5E-2);
#1890=CIRCLE('',#1889,8.E-2);
#1926=CIRCLE('',#1925,1.24E-1);
#1941=CIRCLE('',#1940,1.24E-1);
#1970=CIRCLE('',#1969,8.E-2);
#1999=CIRCLE('',#1998,1.24E-1);
#2014=CIRCLE('',#2013,1.24E-1);
#2127=EDGE_CURVE('',#2119,#2117,#1815,.T.);
#2129=EDGE_CURVE('',#2115,#2117,#1882,.T.);
#2131=EDGE_CURVE('',#2121,#2115,#1850,.T.);
#2133=EDGE_CURVE('',#2121,#2119,#1808,.T.);
#2144=EDGE_CURVE('',#2100,#2119,#1822,.T.);
#2146=EDGE_CURVE('',#2100,#2101,#1904,.T.);
#2148=EDGE_CURVE('',#2101,#2117,#1897,.T.);
#2160=EDGE_CURVE('',#2121,#2109,#1829,.T.);
#2162=EDGE_CURVE('',#2113,#2109,#1874,.T.);
#2164=EDGE_CURVE('',#2105,#2113,#1836,.T.);
#2166=EDGE_CURVE('',#2105,#2097,#1955,.T.);
#2168=EDGE_CURVE('',#2097,#2093,#2028,.T.);
#2170=EDGE_CURVE('',#2092,#2093,#1984,.T.);
#2172=EDGE_CURVE('',#2095,#2092,#1977,.T.);
#2174=EDGE_CURVE('',#2095,#2100,#1911,.T.);
#2191=EDGE_CURVE('',#2108,#2109,#1843,.T.);
#2195=EDGE_CURVE('',#2115,#2108,#1858,.T.);
#2206=EDGE_CURVE('',#2108,#2112,#1866,.T.);
#2208=EDGE_CURVE('',#2112,#2113,#2063,.T.);
#2245=EDGE_CURVE('',#2117,#2112,#1890,.T.);
#2258=EDGE_CURVE('',#2101,#2103,#1970,.T.);
#2260=EDGE_CURVE('',#2103,#2112,#2070,.T.);
#2272=EDGE_CURVE('',#2095,#2076,#1918,.T.);
#2274=EDGE_CURVE('',#2076,#2077,#1926,.T.);
#2276=EDGE_CURVE('',#2077,#2079,#1933,.T.);
#2278=EDGE_CURVE('',#2079,#2081,#1941,.T.);
#2280=EDGE_CURVE('',#2081,#2097,#1948,.T.);
#2283=EDGE_CURVE('',#2105,#2103,#1962,.T.);
#2295=EDGE_CURVE('',#2092,#2084,#2021,.T.);
#2297=EDGE_CURVE('',#2076,#2084,#2056,.T.);
#2309=EDGE_CURVE('',#2089,#2093,#1991,.T.);
#2311=EDGE_CURVE('',#2087,#2089,#1999,.T.);
#2313=EDGE_CURVE('',#2085,#2087,#2006,.T.);
#2315=EDGE_CURVE('',#2084,#2085,#2014,.T.);
#2328=EDGE_CURVE('',#2081,#2089,#2035,.T.);
#2340=EDGE_CURVE('',#2079,#2087,#2042,.T.);
#2353=EDGE_CURVE('',#2077,#2085,#2049,.T.);
#2397=CIRCLE('',#2396,6.5E-2);
#2447=CIRCLE('',#2446,1.5E-2);
#2455=CIRCLE('',#2454,6.5E-2);
#2463=CIRCLE('',#2462,6.5E-2);
#2471=CIRCLE('',#2470,6.5E-2);
#2479=CIRCLE('',#2478,8.E-2);
#2515=CIRCLE('',#2514,1.24E-1);
#2530=CIRCLE('',#2529,1.24E-1);
#2559=CIRCLE('',#2558,8.E-2);
#2588=CIRCLE('',#2587,1.24E-1);
#2603=CIRCLE('',#2602,1.24E-1);
#2716=EDGE_CURVE('',#2708,#2706,#2404,.T.);
#2718=EDGE_CURVE('',#2704,#2706,#2471,.T.);
#2720=EDGE_CURVE('',#2710,#2704,#2439,.T.);
#2722=EDGE_CURVE('',#2710,#2708,#2397,.T.);
#2733=EDGE_CURVE('',#2689,#2708,#2425,.T.);
#2735=EDGE_CURVE('',#2689,#2690,#2493,.T.);
#2737=EDGE_CURVE('',#2690,#2706,#2486,.T.);
#2747=EDGE_CURVE('',#2710,#2698,#2411,.T.);
#2749=EDGE_CURVE('',#2702,#2698,#2463,.T.);
#2751=EDGE_CURVE('',#2694,#2702,#2418,.T.);
#2753=EDGE_CURVE('',#2694,#2686,#2544,.T.);
#2755=EDGE_CURVE('',#2686,#2682,#2617,.T.);
#2757=EDGE_CURVE('',#2681,#2682,#2573,.T.);
#2759=EDGE_CURVE('',#2684,#2681,#2566,.T.);
#2761=EDGE_CURVE('',#2684,#2689,#2500,.T.);
#2780=EDGE_CURVE('',#2697,#2698,#2432,.T.);
#2784=EDGE_CURVE('',#2704,#2697,#2447,.T.);
#2795=EDGE_CURVE('',#2697,#2701,#2455,.T.);
#2797=EDGE_CURVE('',#2701,#2702,#2652,.T.);
#2834=EDGE_CURVE('',#2706,#2701,#2479,.T.);
#2847=EDGE_CURVE('',#2690,#2692,#2559,.T.);
#2849=EDGE_CURVE('',#2692,#2701,#2659,.T.);
#2861=EDGE_CURVE('',#2684,#2665,#2507,.T.);
#2863=EDGE_CURVE('',#2665,#2666,#2515,.T.);
#2865=EDGE_CURVE('',#2666,#2668,#2522,.T.);
#2867=EDGE_CURVE('',#2668,#2670,#2530,.T.);
#2869=EDGE_CURVE('',#2670,#2686,#2537,.T.);
#2872=EDGE_CURVE('',#2694,#2692,#2551,.T.);
#2884=EDGE_CURVE('',#2681,#2673,#2610,.T.);
#2886=EDGE_CURVE('',#2665,#2673,#2645,.T.);
#2898=EDGE_CURVE('',#2678,#2682,#2580,.T.);
#2900=EDGE_CURVE('',#2676,#2678,#2588,.T.);
#2902=EDGE_CURVE('',#2674,#2676,#2595,.T.);
#2904=EDGE_CURVE('',#2673,#2674,#2603,.T.);
#2917=EDGE_CURVE('',#2670,#2678,#2624,.T.);
#2929=EDGE_CURVE('',#2668,#2676,#2631,.T.);
#2942=EDGE_CURVE('',#2666,#2674,#2638,.T.);
#2986=CIRCLE('',#2985,6.5E-2);
#3036=CIRCLE('',#3035,1.5E-2);
#3044=CIRCLE('',#3043,6.5E-2);
#3052=CIRCLE('',#3051,6.5E-2);
#3060=CIRCLE('',#3059,6.5E-2);
#3068=CIRCLE('',#3067,8.E-2);
#3104=CIRCLE('',#3103,1.24E-1);
#3119=CIRCLE('',#3118,1.24E-1);
#3148=CIRCLE('',#3147,8.E-2);
#3184=CIRCLE('',#3183,1.24E-1);
#3199=CIRCLE('',#3198,1.24E-1);
#3305=EDGE_CURVE('',#3297,#3295,#2993,.T.);
#3307=EDGE_CURVE('',#3293,#3295,#3060,.T.);
#3309=EDGE_CURVE('',#3299,#3293,#3028,.T.);
#3311=EDGE_CURVE('',#3299,#3297,#2986,.T.);
#3322=EDGE_CURVE('',#3278,#3297,#3014,.T.);
#3324=EDGE_CURVE('',#3278,#3279,#3082,.T.);
#3326=EDGE_CURVE('',#3279,#3295,#3075,.T.);
#3336=EDGE_CURVE('',#3287,#3299,#3000,.T.);
#3338=EDGE_CURVE('',#3291,#3287,#3052,.T.);
#3340=EDGE_CURVE('',#3283,#3291,#3007,.T.);
#3342=EDGE_CURVE('',#3273,#3283,#3133,.T.);
#3344=EDGE_CURVE('',#3273,#3270,#3213,.T.);
#3346=EDGE_CURVE('',#3270,#3271,#3169,.T.);
#3348=EDGE_CURVE('',#3275,#3271,#3155,.T.);
#3350=EDGE_CURVE('',#3278,#3275,#3089,.T.);
#3369=EDGE_CURVE('',#3286,#3287,#3021,.T.);
#3373=EDGE_CURVE('',#3293,#3286,#3036,.T.);
#3384=EDGE_CURVE('',#3286,#3290,#3044,.T.);
#3386=EDGE_CURVE('',#3290,#3291,#3241,.T.);
#3423=EDGE_CURVE('',#3295,#3290,#3068,.T.);
#3436=EDGE_CURVE('',#3279,#3281,#3148,.T.);
#3438=EDGE_CURVE('',#3281,#3290,#3248,.T.);
#3450=EDGE_CURVE('',#3259,#3275,#3096,.T.);
#3452=EDGE_CURVE('',#3257,#3259,#3104,.T.);
#3454=EDGE_CURVE('',#3255,#3257,#3111,.T.);
#3456=EDGE_CURVE('',#3254,#3255,#3119,.T.);
#3458=EDGE_CURVE('',#3273,#3254,#3126,.T.);
#3461=EDGE_CURVE('',#3283,#3281,#3140,.T.);
#3473=EDGE_CURVE('',#3267,#3271,#3206,.T.);
#3475=EDGE_CURVE('',#3259,#3267,#3162,.T.);
#3487=EDGE_CURVE('',#3270,#3262,#3176,.T.);
#3489=EDGE_CURVE('',#3262,#3263,#3184,.T.);
#3491=EDGE_CURVE('',#3263,#3265,#3191,.T.);
#3493=EDGE_CURVE('',#3265,#3267,#3199,.T.);
#3506=EDGE_CURVE('',#3254,#3262,#3220,.T.);
#3518=EDGE_CURVE('',#3255,#3263,#3227,.T.);
#3531=EDGE_CURVE('',#3257,#3265,#3234,.T.);
#3575=CIRCLE('',#3574,6.5E-2);
#3625=CIRCLE('',#3624,1.5E-2);
#3633=CIRCLE('',#3632,6.5E-2);
#3641=CIRCLE('',#3640,6.5E-2);
#3649=CIRCLE('',#3648,6.5E-2);
#3657=CIRCLE('',#3656,8.E-2);
#3693=CIRCLE('',#3692,1.24E-1);
#3708=CIRCLE('',#3707,1.24E-1);
#3737=CIRCLE('',#3736,8.E-2);
#3773=CIRCLE('',#3772,1.24E-1);
#3788=CIRCLE('',#3787,1.24E-1);
#3894=EDGE_CURVE('',#3886,#3884,#3582,.T.);
#3896=EDGE_CURVE('',#3882,#3884,#3649,.T.);
#3898=EDGE_CURVE('',#3888,#3882,#3617,.T.);
#3900=EDGE_CURVE('',#3888,#3886,#3575,.T.);
#3911=EDGE_CURVE('',#3867,#3886,#3589,.T.);
#3913=EDGE_CURVE('',#3867,#3868,#3671,.T.);
#3915=EDGE_CURVE('',#3868,#3884,#3664,.T.);
#3927=EDGE_CURVE('',#3876,#3888,#3596,.T.);
#3929=EDGE_CURVE('',#3880,#3876,#3641,.T.);
#3931=EDGE_CURVE('',#3872,#3880,#3603,.T.);
#3933=EDGE_CURVE('',#3862,#3872,#3722,.T.);
#3935=EDGE_CURVE('',#3862,#3859,#3802,.T.);
#3937=EDGE_CURVE('',#3859,#3860,#3758,.T.);
#3939=EDGE_CURVE('',#3864,#3860,#3744,.T.);
#3941=EDGE_CURVE('',#3867,#3864,#3678,.T.);
#3958=EDGE_CURVE('',#3875,#3876,#3610,.T.);
#3962=EDGE_CURVE('',#3882,#3875,#3625,.T.);
#3973=EDGE_CURVE('',#3875,#3879,#3633,.T.);
#3975=EDGE_CURVE('',#3879,#3880,#3830,.T.);
#4012=EDGE_CURVE('',#3884,#3879,#3657,.T.);
#4025=EDGE_CURVE('',#3868,#3870,#3737,.T.);
#4027=EDGE_CURVE('',#3870,#3879,#3837,.T.);
#4039=EDGE_CURVE('',#3848,#3864,#3685,.T.);
#4041=EDGE_CURVE('',#3846,#3848,#3693,.T.);
#4043=EDGE_CURVE('',#3844,#3846,#3700,.T.);
#4045=EDGE_CURVE('',#3843,#3844,#3708,.T.);
#4047=EDGE_CURVE('',#3862,#3843,#3715,.T.);
#4050=EDGE_CURVE('',#3872,#3870,#3729,.T.);
#4062=EDGE_CURVE('',#3856,#3860,#3795,.T.);
#4064=EDGE_CURVE('',#3848,#3856,#3751,.T.);
#4076=EDGE_CURVE('',#3859,#3851,#3765,.T.);
#4078=EDGE_CURVE('',#3851,#3852,#3773,.T.);
#4080=EDGE_CURVE('',#3852,#3854,#3780,.T.);
#4082=EDGE_CURVE('',#3854,#3856,#3788,.T.);
#4095=EDGE_CURVE('',#3843,#3851,#3809,.T.);
#4107=EDGE_CURVE('',#3844,#3852,#3816,.T.);
#4120=EDGE_CURVE('',#3846,#3854,#3823,.T.);
#4164=CIRCLE('',#4163,6.5E-2);
#4214=CIRCLE('',#4213,1.5E-2);
#4222=CIRCLE('',#4221,6.5E-2);
#4230=CIRCLE('',#4229,6.5E-2);
#4238=CIRCLE('',#4237,6.5E-2);
#4246=CIRCLE('',#4245,8.E-2);
#4282=CIRCLE('',#4281,1.24E-1);
#4297=CIRCLE('',#4296,1.24E-1);
#4326=CIRCLE('',#4325,8.E-2);
#4362=CIRCLE('',#4361,1.24E-1);
#4377=CIRCLE('',#4376,1.24E-1);
#4483=EDGE_CURVE('',#4475,#4473,#4171,.T.);
#4485=EDGE_CURVE('',#4471,#4473,#4238,.T.);
#4487=EDGE_CURVE('',#4477,#4471,#4206,.T.);
#4489=EDGE_CURVE('',#4477,#4475,#4164,.T.);
#4500=EDGE_CURVE('',#4456,#4475,#4178,.T.);
#4502=EDGE_CURVE('',#4456,#4457,#4260,.T.);
#4504=EDGE_CURVE('',#4457,#4473,#4253,.T.);
#4516=EDGE_CURVE('',#4465,#4477,#4185,.T.);
#4518=EDGE_CURVE('',#4469,#4465,#4230,.T.);
#4520=EDGE_CURVE('',#4461,#4469,#4192,.T.);
#4522=EDGE_CURVE('',#4451,#4461,#4311,.T.);
#4524=EDGE_CURVE('',#4451,#4448,#4391,.T.);
#4526=EDGE_CURVE('',#4448,#4449,#4347,.T.);
#4528=EDGE_CURVE('',#4453,#4449,#4333,.T.);
#4530=EDGE_CURVE('',#4456,#4453,#4267,.T.);
#4547=EDGE_CURVE('',#4464,#4465,#4199,.T.);
#4551=EDGE_CURVE('',#4471,#4464,#4214,.T.);
#4562=EDGE_CURVE('',#4464,#4468,#4222,.T.);
#4564=EDGE_CURVE('',#4468,#4469,#4419,.T.);
#4601=EDGE_CURVE('',#4473,#4468,#4246,.T.);
#4614=EDGE_CURVE('',#4457,#4459,#4326,.T.);
#4616=EDGE_CURVE('',#4459,#4468,#4426,.T.);
#4628=EDGE_CURVE('',#4437,#4453,#4274,.T.);
#4630=EDGE_CURVE('',#4435,#4437,#4282,.T.);
#4632=EDGE_CURVE('',#4433,#4435,#4289,.T.);
#4634=EDGE_CURVE('',#4432,#4433,#4297,.T.);
#4636=EDGE_CURVE('',#4451,#4432,#4304,.T.);
#4639=EDGE_CURVE('',#4461,#4459,#4318,.T.);
#4651=EDGE_CURVE('',#4445,#4449,#4384,.T.);
#4653=EDGE_CURVE('',#4437,#4445,#4340,.T.);
#4665=EDGE_CURVE('',#4448,#4440,#4354,.T.);
#4667=EDGE_CURVE('',#4440,#4441,#4362,.T.);
#4669=EDGE_CURVE('',#4441,#4443,#4369,.T.);
#4671=EDGE_CURVE('',#4443,#4445,#4377,.T.);
#4684=EDGE_CURVE('',#4432,#4440,#4398,.T.);
#4696=EDGE_CURVE('',#4433,#4441,#4405,.T.);
#4709=EDGE_CURVE('',#4435,#4443,#4412,.T.);
#4753=CIRCLE('',#4752,6.5E-2);
#4803=CIRCLE('',#4802,1.5E-2);
#4811=CIRCLE('',#4810,6.5E-2);
#4819=CIRCLE('',#4818,6.5E-2);
#4827=CIRCLE('',#4826,6.5E-2);
#4835=CIRCLE('',#4834,8.E-2);
#4871=CIRCLE('',#4870,1.24E-1);
#4886=CIRCLE('',#4885,1.24E-1);
#4915=CIRCLE('',#4914,8.E-2);
#4951=CIRCLE('',#4950,1.24E-1);
#4966=CIRCLE('',#4965,1.24E-1);
#5072=EDGE_CURVE('',#5064,#5062,#4760,.T.);
#5074=EDGE_CURVE('',#5060,#5062,#4827,.T.);
#5076=EDGE_CURVE('',#5066,#5060,#4795,.T.);
#5078=EDGE_CURVE('',#5066,#5064,#4753,.T.);
#5089=EDGE_CURVE('',#5045,#5064,#4767,.T.);
#5091=EDGE_CURVE('',#5045,#5046,#4849,.T.);
#5093=EDGE_CURVE('',#5046,#5062,#4842,.T.);
#5105=EDGE_CURVE('',#5054,#5066,#4774,.T.);
#5107=EDGE_CURVE('',#5058,#5054,#4819,.T.);
#5109=EDGE_CURVE('',#5050,#5058,#4781,.T.);
#5111=EDGE_CURVE('',#5040,#5050,#4900,.T.);
#5113=EDGE_CURVE('',#5040,#5037,#4980,.T.);
#5115=EDGE_CURVE('',#5037,#5038,#4936,.T.);
#5117=EDGE_CURVE('',#5042,#5038,#4922,.T.);
#5119=EDGE_CURVE('',#5045,#5042,#4856,.T.);
#5136=EDGE_CURVE('',#5053,#5054,#4788,.T.);
#5140=EDGE_CURVE('',#5060,#5053,#4803,.T.);
#5151=EDGE_CURVE('',#5053,#5057,#4811,.T.);
#5153=EDGE_CURVE('',#5057,#5058,#5008,.T.);
#5190=EDGE_CURVE('',#5062,#5057,#4835,.T.);
#5203=EDGE_CURVE('',#5046,#5048,#4915,.T.);
#5205=EDGE_CURVE('',#5048,#5057,#5015,.T.);
#5217=EDGE_CURVE('',#5026,#5042,#4863,.T.);
#5219=EDGE_CURVE('',#5024,#5026,#4871,.T.);
#5221=EDGE_CURVE('',#5022,#5024,#4878,.T.);
#5223=EDGE_CURVE('',#5021,#5022,#4886,.T.);
#5225=EDGE_CURVE('',#5040,#5021,#4893,.T.);
#5228=EDGE_CURVE('',#5050,#5048,#4907,.T.);
#5240=EDGE_CURVE('',#5034,#5038,#4973,.T.);
#5242=EDGE_CURVE('',#5026,#5034,#4929,.T.);
#5254=EDGE_CURVE('',#5037,#5029,#4943,.T.);
#5256=EDGE_CURVE('',#5029,#5030,#4951,.T.);
#5258=EDGE_CURVE('',#5030,#5032,#4958,.T.);
#5260=EDGE_CURVE('',#5032,#5034,#4966,.T.);
#5273=EDGE_CURVE('',#5021,#5029,#4987,.T.);
#5285=EDGE_CURVE('',#5022,#5030,#4994,.T.);
#5298=EDGE_CURVE('',#5024,#5032,#5001,.T.);
#5342=CIRCLE('',#5341,6.5E-2);
#5392=CIRCLE('',#5391,1.5E-2);
#5400=CIRCLE('',#5399,6.5E-2);
#5408=CIRCLE('',#5407,6.5E-2);
#5416=CIRCLE('',#5415,6.5E-2);
#5424=CIRCLE('',#5423,8.E-2);
#5460=CIRCLE('',#5459,1.24E-1);
#5475=CIRCLE('',#5474,1.24E-1);
#5504=CIRCLE('',#5503,8.E-2);
#5540=CIRCLE('',#5539,1.24E-1);
#5555=CIRCLE('',#5554,1.24E-1);
#5661=EDGE_CURVE('',#5653,#5651,#5349,.T.);
#5663=EDGE_CURVE('',#5649,#5651,#5416,.T.);
#5665=EDGE_CURVE('',#5655,#5649,#5384,.T.);
#5667=EDGE_CURVE('',#5655,#5653,#5342,.T.);
#5678=EDGE_CURVE('',#5634,#5653,#5356,.T.);
#5680=EDGE_CURVE('',#5634,#5635,#5438,.T.);
#5682=EDGE_CURVE('',#5635,#5651,#5431,.T.);
#5694=EDGE_CURVE('',#5643,#5655,#5363,.T.);
#5696=EDGE_CURVE('',#5647,#5643,#5408,.T.);
#5698=EDGE_CURVE('',#5639,#5647,#5370,.T.);
#5700=EDGE_CURVE('',#5629,#5639,#5489,.T.);
#5702=EDGE_CURVE('',#5629,#5626,#5569,.T.);
#5704=EDGE_CURVE('',#5626,#5627,#5525,.T.);
#5706=EDGE_CURVE('',#5631,#5627,#5511,.T.);
#5708=EDGE_CURVE('',#5634,#5631,#5445,.T.);
#5725=EDGE_CURVE('',#5642,#5643,#5377,.T.);
#5729=EDGE_CURVE('',#5649,#5642,#5392,.T.);
#5740=EDGE_CURVE('',#5642,#5646,#5400,.T.);
#5742=EDGE_CURVE('',#5646,#5647,#5597,.T.);
#5779=EDGE_CURVE('',#5651,#5646,#5424,.T.);
#5792=EDGE_CURVE('',#5635,#5637,#5504,.T.);
#5794=EDGE_CURVE('',#5637,#5646,#5604,.T.);
#5806=EDGE_CURVE('',#5615,#5631,#5452,.T.);
#5808=EDGE_CURVE('',#5613,#5615,#5460,.T.);
#5810=EDGE_CURVE('',#5611,#5613,#5467,.T.);
#5812=EDGE_CURVE('',#5610,#5611,#5475,.T.);
#5814=EDGE_CURVE('',#5629,#5610,#5482,.T.);
#5817=EDGE_CURVE('',#5639,#5637,#5496,.T.);
#5829=EDGE_CURVE('',#5623,#5627,#5562,.T.);
#5831=EDGE_CURVE('',#5615,#5623,#5518,.T.);
#5843=EDGE_CURVE('',#5626,#5618,#5532,.T.);
#5845=EDGE_CURVE('',#5618,#5619,#5540,.T.);
#5847=EDGE_CURVE('',#5619,#5621,#5547,.T.);
#5849=EDGE_CURVE('',#5621,#5623,#5555,.T.);
#5862=EDGE_CURVE('',#5610,#5618,#5576,.T.);
#5874=EDGE_CURVE('',#5611,#5619,#5583,.T.);
#5887=EDGE_CURVE('',#5613,#5621,#5590,.T.);
#5966=CIRCLE('',#5965,1.5E-2);
#5974=CIRCLE('',#5973,6.5E-2);
#5982=CIRCLE('',#5981,6.5E-2);
#5990=CIRCLE('',#5989,6.5E-2);
#5998=CIRCLE('',#5997,6.5E-2);
#6034=CIRCLE('',#6033,1.24E-1);
#6049=CIRCLE('',#6048,1.24E-1);
#6078=CIRCLE('',#6077,8.E-2);
#6107=CIRCLE('',#6106,1.24E-1);
#6122=CIRCLE('',#6121,1.24E-1);
#6186=CIRCLE('',#6185,8.E-2);
#6250=EDGE_CURVE('',#6244,#6232,#5930,.T.);
#6252=EDGE_CURVE('',#6236,#6232,#5982,.T.);
#6254=EDGE_CURVE('',#6228,#6236,#5937,.T.);
#6256=EDGE_CURVE('',#6228,#6219,#6063,.T.);
#6258=EDGE_CURVE('',#6219,#6220,#6136,.T.);
#6260=EDGE_CURVE('',#6216,#6220,#6092,.T.);
#6262=EDGE_CURVE('',#6215,#6216,#6085,.T.);
#6264=EDGE_CURVE('',#6215,#6223,#6019,.T.);
#6266=EDGE_CURVE('',#6223,#6242,#5944,.T.);
#6268=EDGE_CURVE('',#6244,#6242,#5998,.T.);
#6285=EDGE_CURVE('',#6231,#6232,#5951,.T.);
#6288=EDGE_CURVE('',#6244,#6238,#5958,.T.);
#6290=EDGE_CURVE('',#6238,#6231,#5966,.T.);
#6301=EDGE_CURVE('',#6231,#6235,#5974,.T.);
#6303=EDGE_CURVE('',#6235,#6236,#6171,.T.);
#6339=EDGE_CURVE('',#6238,#6240,#5990,.T.);
#6341=EDGE_CURVE('',#6240,#6235,#6186,.T.);
#6352=EDGE_CURVE('',#6242,#6240,#6005,.T.);
#6367=EDGE_CURVE('',#6223,#6224,#6012,.T.);
#6369=EDGE_CURVE('',#6224,#6240,#6193,.T.);
#6381=EDGE_CURVE('',#6215,#6199,#6026,.T.);
#6383=EDGE_CURVE('',#6199,#6200,#6034,.T.);
#6385=EDGE_CURVE('',#6200,#6202,#6041,.T.);
#6387=EDGE_CURVE('',#6202,#6204,#6049,.T.);
#6389=EDGE_CURVE('',#6204,#6219,#6056,.T.);
#6392=EDGE_CURVE('',#6228,#6226,#6070,.T.);
#6394=EDGE_CURVE('',#6224,#6226,#6078,.T.);
#6405=EDGE_CURVE('',#6216,#6207,#6129,.T.);
#6407=EDGE_CURVE('',#6199,#6207,#6164,.T.);
#6419=EDGE_CURVE('',#6212,#6220,#6099,.T.);
#6421=EDGE_CURVE('',#6210,#6212,#6107,.T.);
#6423=EDGE_CURVE('',#6208,#6210,#6114,.T.);
#6425=EDGE_CURVE('',#6207,#6208,#6122,.T.);
#6438=EDGE_CURVE('',#6204,#6212,#6143,.T.);
#6450=EDGE_CURVE('',#6202,#6210,#6150,.T.);
#6463=EDGE_CURVE('',#6200,#6208,#6157,.T.);
#6488=EDGE_CURVE('',#6226,#6235,#6178,.T.);
#6548=CIRCLE('',#6547,6.5E-2);
#6556=CIRCLE('',#6555,6.5E-2);
#6578=CIRCLE('',#6577,1.5E-2);
#6586=CIRCLE('',#6585,6.5E-2);
#6594=CIRCLE('',#6593,6.5E-2);
#6616=CIRCLE('',#6615,8.E-2);
#6652=CIRCLE('',#6651,1.24E-1);
#6667=CIRCLE('',#6666,1.24E-1);
#6696=CIRCLE('',#6695,8.E-2);
#6725=CIRCLE('',#6724,1.24E-1);
#6740=CIRCLE('',#6739,1.24E-1);
#6839=EDGE_CURVE('',#6812,#6831,#6519,.T.);
#6841=EDGE_CURVE('',#6833,#6831,#6548,.T.);
#6843=EDGE_CURVE('',#6833,#6821,#6526,.T.);
#6845=EDGE_CURVE('',#6825,#6821,#6594,.T.);
#6847=EDGE_CURVE('',#6817,#6825,#6533,.T.);
#6849=EDGE_CURVE('',#6817,#6808,#6681,.T.);
#6851=EDGE_CURVE('',#6808,#6809,#6754,.T.);
#6853=EDGE_CURVE('',#6805,#6809,#6710,.T.);
#6855=EDGE_CURVE('',#6804,#6805,#6703,.T.);
#6857=EDGE_CURVE('',#6804,#6812,#6637,.T.);
#6874=EDGE_CURVE('',#6831,#6829,#6540,.T.);
#6877=EDGE_CURVE('',#6812,#6813,#6630,.T.);
#6879=EDGE_CURVE('',#6813,#6829,#6623,.T.);
#6890=EDGE_CURVE('',#6827,#6829,#6556,.T.);
#6892=EDGE_CURVE('',#6833,#6827,#6570,.T.);
#6927=EDGE_CURVE('',#6827,#6820,#6578,.T.);
#6930=EDGE_CURVE('',#6829,#6824,#6616,.T.);
#6932=EDGE_CURVE('',#6820,#6824,#6586,.T.);
#6942=EDGE_CURVE('',#6820,#6821,#6563,.T.);
#6957=EDGE_CURVE('',#6824,#6825,#6601,.T.);
#6969=EDGE_CURVE('',#6815,#6824,#6608,.T.);
#6971=EDGE_CURVE('',#6817,#6815,#6688,.T.);
#6984=EDGE_CURVE('',#6813,#6815,#6696,.T.);
#6997=EDGE_CURVE('',#6804,#6788,#6644,.T.);
#6999=EDGE_CURVE('',#6788,#6789,#6652,.T.);
#7001=EDGE_CURVE('',#6789,#6791,#6659,.T.);
#7003=EDGE_CURVE('',#6791,#6793,#6667,.T.);
#7005=EDGE_CURVE('',#6793,#6808,#6674,.T.);
#7019=EDGE_CURVE('',#6805,#6796,#6747,.T.);
#7021=EDGE_CURVE('',#6788,#6796,#6782,.T.);
#7033=EDGE_CURVE('',#6801,#6809,#6717,.T.);
#7035=EDGE_CURVE('',#6799,#6801,#6725,.T.);
#7037=EDGE_CURVE('',#6797,#6799,#6732,.T.);
#7039=EDGE_CURVE('',#6796,#6797,#6740,.T.);
#7052=EDGE_CURVE('',#6793,#6801,#6761,.T.);
#7064=EDGE_CURVE('',#6791,#6799,#6768,.T.);
#7077=EDGE_CURVE('',#6789,#6797,#6775,.T.);
#7137=CIRCLE('',#7136,6.5E-2);
#7145=CIRCLE('',#7144,6.5E-2);
#7167=CIRCLE('',#7166,1.5E-2);
#7175=CIRCLE('',#7174,6.5E-2);
#7183=CIRCLE('',#7182,6.5E-2);
#7205=CIRCLE('',#7204,8.E-2);
#7241=CIRCLE('',#7240,1.24E-1);
#7256=CIRCLE('',#7255,1.24E-1);
#7285=CIRCLE('',#7284,8.E-2);
#7321=CIRCLE('',#7320,1.24E-1);
#7336=CIRCLE('',#7335,1.24E-1);
#7428=EDGE_CURVE('',#7401,#7420,#7108,.T.);
#7430=EDGE_CURVE('',#7422,#7420,#7137,.T.);
#7432=EDGE_CURVE('',#7410,#7422,#7115,.T.);
#7434=EDGE_CURVE('',#7414,#7410,#7183,.T.);
#7436=EDGE_CURVE('',#7406,#7414,#7122,.T.);
#7438=EDGE_CURVE('',#7393,#7406,#7270,.T.);
#7440=EDGE_CURVE('',#7393,#7394,#7350,.T.);
#7442=EDGE_CURVE('',#7394,#7398,#7306,.T.);
#7444=EDGE_CURVE('',#7397,#7398,#7292,.T.);
#7446=EDGE_CURVE('',#7401,#7397,#7226,.T.);
#7463=EDGE_CURVE('',#7420,#7418,#7129,.T.);
#7466=EDGE_CURVE('',#7401,#7402,#7219,.T.);
#7468=EDGE_CURVE('',#7402,#7418,#7212,.T.);
#7479=EDGE_CURVE('',#7416,#7418,#7145,.T.);
#7481=EDGE_CURVE('',#7422,#7416,#7159,.T.);
#7516=EDGE_CURVE('',#7416,#7409,#7167,.T.);
#7519=EDGE_CURVE('',#7418,#7413,#7205,.T.);
#7521=EDGE_CURVE('',#7409,#7413,#7175,.T.);
#7531=EDGE_CURVE('',#7409,#7410,#7152,.T.);
#7546=EDGE_CURVE('',#7413,#7414,#7190,.T.);
#7558=EDGE_CURVE('',#7404,#7413,#7197,.T.);
#7560=EDGE_CURVE('',#7406,#7404,#7277,.T.);
#7573=EDGE_CURVE('',#7402,#7404,#7285,.T.);
#7586=EDGE_CURVE('',#7382,#7397,#7233,.T.);
#7588=EDGE_CURVE('',#7380,#7382,#7241,.T.);
#7590=EDGE_CURVE('',#7378,#7380,#7248,.T.);
#7592=EDGE_CURVE('',#7377,#7378,#7256,.T.);
#7594=EDGE_CURVE('',#7393,#7377,#7263,.T.);
#7608=EDGE_CURVE('',#7390,#7398,#7343,.T.);
#7610=EDGE_CURVE('',#7382,#7390,#7299,.T.);
#7622=EDGE_CURVE('',#7394,#7385,#7313,.T.);
#7624=EDGE_CURVE('',#7385,#7386,#7321,.T.);
#7626=EDGE_CURVE('',#7386,#7388,#7328,.T.);
#7628=EDGE_CURVE('',#7388,#7390,#7336,.T.);
#7641=EDGE_CURVE('',#7377,#7385,#7357,.T.);
#7653=EDGE_CURVE('',#7378,#7386,#7364,.T.);
#7666=EDGE_CURVE('',#7380,#7388,#7371,.T.);
#7733=CIRCLE('',#7732,1.5E-2);
#7741=CIRCLE('',#7740,6.5E-2);
#7749=CIRCLE('',#7748,6.5E-2);
#7757=CIRCLE('',#7756,6.5E-2);
#7765=CIRCLE('',#7764,6.5E-2);
#7801=CIRCLE('',#7800,1.24E-1);
#7816=CIRCLE('',#7815,1.24E-1);
#7845=CIRCLE('',#7844,8.E-2);
#7881=CIRCLE('',#7880,1.24E-1);
#7896=CIRCLE('',#7895,1.24E-1);
#7953=CIRCLE('',#7952,8.E-2);
#8017=EDGE_CURVE('',#7999,#8011,#7697,.T.);
#8019=EDGE_CURVE('',#8003,#7999,#7749,.T.);
#8021=EDGE_CURVE('',#7995,#8003,#7704,.T.);
#8023=EDGE_CURVE('',#7982,#7995,#7830,.T.);
#8025=EDGE_CURVE('',#7982,#7983,#7910,.T.);
#8027=EDGE_CURVE('',#7983,#7987,#7866,.T.);
#8029=EDGE_CURVE('',#7986,#7987,#7852,.T.);
#8031=EDGE_CURVE('',#7990,#7986,#7786,.T.);
#8033=EDGE_CURVE('',#7990,#8009,#7711,.T.);
#8035=EDGE_CURVE('',#8011,#8009,#7765,.T.);
#8052=EDGE_CURVE('',#7998,#7999,#7718,.T.);
#8055=EDGE_CURVE('',#8011,#8005,#7725,.T.);
#8057=EDGE_CURVE('',#8005,#7998,#7733,.T.);
#8068=EDGE_CURVE('',#7998,#8002,#7741,.T.);
#8070=EDGE_CURVE('',#8002,#8003,#7938,.T.);
#8106=EDGE_CURVE('',#8005,#8007,#7757,.T.);
#8108=EDGE_CURVE('',#8007,#8002,#7953,.T.);
#8119=EDGE_CURVE('',#8009,#8007,#7772,.T.);
#8134=EDGE_CURVE('',#7990,#7991,#7779,.T.);
#8136=EDGE_CURVE('',#7991,#8007,#7960,.T.);
#8148=EDGE_CURVE('',#7971,#7986,#7793,.T.);
#8150=EDGE_CURVE('',#7969,#7971,#7801,.T.);
#8152=EDGE_CURVE('',#7967,#7969,#7808,.T.);
#8154=EDGE_CURVE('',#7966,#7967,#7816,.T.);
#8156=EDGE_CURVE('',#7982,#7966,#7823,.T.);
#8159=EDGE_CURVE('',#7995,#7993,#7837,.T.);
#8161=EDGE_CURVE('',#7991,#7993,#7845,.T.);
#8172=EDGE_CURVE('',#7979,#7987,#7903,.T.);
#8174=EDGE_CURVE('',#7971,#7979,#7859,.T.);
#8186=EDGE_CURVE('',#7983,#7974,#7873,.T.);
#8188=EDGE_CURVE('',#7974,#7975,#7881,.T.);
#8190=EDGE_CURVE('',#7975,#7977,#7888,.T.);
#8192=EDGE_CURVE('',#7977,#7979,#7896,.T.);
#8205=EDGE_CURVE('',#7966,#7974,#7917,.T.);
#8217=EDGE_CURVE('',#7967,#7975,#7924,.T.);
#8230=EDGE_CURVE('',#7969,#7977,#7931,.T.);
#8255=EDGE_CURVE('',#7993,#8002,#7945,.T.);
#8413=EDGE_CURVE('',#8402,#8403,#8286,.T.);
#8415=EDGE_CURVE('',#8402,#8390,#8293,.T.);
#8417=EDGE_CURVE('',#8390,#8391,#8300,.T.);
#8419=EDGE_CURVE('',#8391,#8393,#8307,.T.);
#8421=EDGE_CURVE('',#8393,#8403,#8314,.T.);
#8432=EDGE_CURVE('',#8405,#8403,#8321,.T.);
#8434=EDGE_CURVE('',#8405,#8407,#8356,.T.);
#8436=EDGE_CURVE('',#8407,#8402,#8349,.T.);
#8448=EDGE_CURVE('',#8393,#8399,#8328,.T.);
#8450=EDGE_CURVE('',#8399,#8405,#8363,.T.);
#8461=EDGE_CURVE('',#8391,#8397,#8335,.T.);
#8463=EDGE_CURVE('',#8397,#8399,#8370,.T.);
#8475=EDGE_CURVE('',#8390,#8396,#8342,.T.);
#8477=EDGE_CURVE('',#8396,#8397,#8377,.T.);
#8489=EDGE_CURVE('',#8407,#8396,#8384,.T.);
#8623=EDGE_CURVE('',#8612,#8613,#8521,.T.);
#8625=EDGE_CURVE('',#8612,#8604,#8528,.T.);
#8627=EDGE_CURVE('',#8604,#8605,#8535,.T.);
#8629=EDGE_CURVE('',#8605,#8613,#8542,.T.);
#8640=EDGE_CURVE('',#8613,#8617,#8549,.T.);
#8642=EDGE_CURVE('',#8616,#8617,#8577,.T.);
#8644=EDGE_CURVE('',#8612,#8616,#8570,.T.);
#8663=EDGE_CURVE('',#8605,#8609,#8556,.T.);
#8665=EDGE_CURVE('',#8609,#8617,#8584,.T.);
#8676=EDGE_CURVE('',#8604,#8608,#8563,.T.);
#8678=EDGE_CURVE('',#8608,#8609,#8591,.T.);
#8690=EDGE_CURVE('',#8616,#8608,#8598,.T.);
#8823=EDGE_CURVE('',#8804,#8805,#8721,.T.);
#8825=EDGE_CURVE('',#8804,#8812,#8728,.T.);
#8827=EDGE_CURVE('',#8812,#8813,#8735,.T.);
#8829=EDGE_CURVE('',#8813,#8805,#8742,.T.);
#8840=EDGE_CURVE('',#8805,#8809,#8749,.T.);
#8842=EDGE_CURVE('',#8808,#8809,#8777,.T.);
#8844=EDGE_CURVE('',#8804,#8808,#8770,.T.);
#8863=EDGE_CURVE('',#8813,#8817,#8756,.T.);
#8865=EDGE_CURVE('',#8817,#8809,#8784,.T.);
#8876=EDGE_CURVE('',#8812,#8816,#8763,.T.);
#8878=EDGE_CURVE('',#8816,#8817,#8791,.T.);
#8890=EDGE_CURVE('',#8808,#8816,#8798,.T.);
#9023=EDGE_CURVE('',#9004,#9005,#8921,.T.);
#9025=EDGE_CURVE('',#9004,#9012,#8928,.T.);
#9027=EDGE_CURVE('',#9012,#9013,#8935,.T.);
#9029=EDGE_CURVE('',#9013,#9005,#8942,.T.);
#9040=EDGE_CURVE('',#9005,#9009,#8949,.T.);
#9042=EDGE_CURVE('',#9008,#9009,#8977,.T.);
#9044=EDGE_CURVE('',#9004,#9008,#8970,.T.);
#9063=EDGE_CURVE('',#9013,#9017,#8956,.T.);
#9065=EDGE_CURVE('',#9017,#9009,#8984,.T.);
#9076=EDGE_CURVE('',#9012,#9016,#8963,.T.);
#9078=EDGE_CURVE('',#9016,#9017,#8991,.T.);
#9090=EDGE_CURVE('',#9008,#9016,#8998,.T.);
#9223=EDGE_CURVE('',#9204,#9205,#9121,.T.);
#9225=EDGE_CURVE('',#9204,#9212,#9128,.T.);
#9227=EDGE_CURVE('',#9212,#9213,#9135,.T.);
#9229=EDGE_CURVE('',#9213,#9205,#9142,.T.);
#9240=EDGE_CURVE('',#9205,#9209,#9149,.T.);
#9242=EDGE_CURVE('',#9208,#9209,#9177,.T.);
#9244=EDGE_CURVE('',#9204,#9208,#9170,.T.);
#9263=EDGE_CURVE('',#9213,#9217,#9156,.T.);
#9265=EDGE_CURVE('',#9217,#9209,#9184,.T.);
#9276=EDGE_CURVE('',#9212,#9216,#9163,.T.);
#9278=EDGE_CURVE('',#9216,#9217,#9191,.T.);
#9290=EDGE_CURVE('',#9208,#9216,#9198,.T.);
#9423=EDGE_CURVE('',#9412,#9413,#9321,.T.);
#9425=EDGE_CURVE('',#9413,#9404,#9328,.T.);
#9427=EDGE_CURVE('',#9404,#9405,#9335,.T.);
#9429=EDGE_CURVE('',#9405,#9412,#9342,.T.);
#9440=EDGE_CURVE('',#9412,#9416,#9349,.T.);
#9442=EDGE_CURVE('',#9416,#9417,#9377,.T.);
#9444=EDGE_CURVE('',#9413,#9417,#9370,.T.);
#9463=EDGE_CURVE('',#9405,#9409,#9356,.T.);
#9465=EDGE_CURVE('',#9409,#9416,#9384,.T.);
#9476=EDGE_CURVE('',#9404,#9408,#9363,.T.);
#9478=EDGE_CURVE('',#9408,#9409,#9391,.T.);
#9490=EDGE_CURVE('',#9417,#9408,#9398,.T.);
#9623=EDGE_CURVE('',#9612,#9613,#9521,.T.);
#9625=EDGE_CURVE('',#9613,#9604,#9528,.T.);
#9627=EDGE_CURVE('',#9604,#9605,#9535,.T.);
#9629=EDGE_CURVE('',#9605,#9612,#9542,.T.);
#9640=EDGE_CURVE('',#9612,#9616,#9549,.T.);
#9642=EDGE_CURVE('',#9616,#9617,#9577,.T.);
#9644=EDGE_CURVE('',#9613,#9617,#9570,.T.);
#9663=EDGE_CURVE('',#9605,#9609,#9556,.T.);
#9665=EDGE_CURVE('',#9609,#9616,#9584,.T.);
#9676=EDGE_CURVE('',#9604,#9608,#9563,.T.);
#9678=EDGE_CURVE('',#9608,#9609,#9591,.T.);
#9690=EDGE_CURVE('',#9617,#9608,#9598,.T.);
#9823=EDGE_CURVE('',#9812,#9813,#9721,.T.);
#9825=EDGE_CURVE('',#9812,#9804,#9728,.T.);
#9827=EDGE_CURVE('',#9804,#9805,#9735,.T.);
#9829=EDGE_CURVE('',#9805,#9813,#9742,.T.);
#9840=EDGE_CURVE('',#9813,#9817,#9749,.T.);
#9842=EDGE_CURVE('',#9816,#9817,#9777,.T.);
#9844=EDGE_CURVE('',#9812,#9816,#9770,.T.);
#9863=EDGE_CURVE('',#9805,#9809,#9756,.T.);
#9865=EDGE_CURVE('',#9809,#9817,#9784,.T.);
#9876=EDGE_CURVE('',#9804,#9808,#9763,.T.);
#9878=EDGE_CURVE('',#9808,#9809,#9791,.T.);
#9890=EDGE_CURVE('',#9816,#9808,#9798,.T.);
#10023=EDGE_CURVE('',#10012,#10013,#9921,.T.);
#10025=EDGE_CURVE('',#10012,#10004,#9928,.T.);
#10027=EDGE_CURVE('',#10004,#10005,#9935,.T.);
#10029=EDGE_CURVE('',#10005,#10013,#9942,.T.);
#10040=EDGE_CURVE('',#10013,#10017,#9949,.T.);
#10042=EDGE_CURVE('',#10016,#10017,#9977,.T.);
#10044=EDGE_CURVE('',#10012,#10016,#9970,.T.);
#10063=EDGE_CURVE('',#10005,#10009,#9956,.T.);
#10065=EDGE_CURVE('',#10009,#10017,#9984,.T.);
#10076=EDGE_CURVE('',#10004,#10008,#9963,.T.);
#10078=EDGE_CURVE('',#10008,#10009,#9991,.T.);
#10090=EDGE_CURVE('',#10016,#10008,#9998,.T.);
#10117=(LENGTH_UNIT()NAMED_UNIT(*)SI_UNIT(.MILLI.,.METRE.));
#10119=(NAMED_UNIT(*)PLANE_ANGLE_UNIT()SI_UNIT($,.RADIAN.));
#10122=(NAMED_UNIT(*)SI_UNIT($,.STERADIAN.)SOLID_ANGLE_UNIT());
#10128=AXIS2_PLACEMENT_3D('',#10125,#10126,#10127);
#10129=ADVANCED_BREP_SHAPE_REPRESENTATION('',(#10128,#618,#1207,#1796,#2385,
#2974,#3563,#4152,#4741,#5330,#5919,#6508,#7097,#7686,#8275,#8510,#8710,#8910,
#9110,#9310,#9510,#9710,#9910,#10110),#10124);
#10136=PRODUCT_DEFINITION('design','',#10135,#10132);
#10137=PRODUCT_DEFINITION_SHAPE('','SHAPE FOR FRAME.',#10136);
#10138=SHAPE_DEFINITION_REPRESENTATION(#10137,#10129);
#10139=SHAPE_DEFINITION_REPRESENTATION(#10140,#10141);
#10140=PRODUCT_DEFINITION_SHAPE('','SHAPE FOR BQA0014B_ASM.',#15653);
#10141=SHAPE_REPRESENTATION('',(#10147,#15604,#15633,#15648),#15644);
#10142=NEXT_ASSEMBLY_USAGE_OCCURRENCE('0','Next assembly relationship','FRAME',
#15653,#10136,$);
#10143=PRODUCT_DEFINITION_SHAPE('Placement #0',
'Placement of FRAME with respect to BQA0014B_ASM',#10142);
#10151=COLOUR_RGB('',1.E0,6.2E-1,5.2E-1);
#10178=CIRCLE('',#10177,1.24E-1);
#10193=CIRCLE('',#10192,1.24E-1);
#10222=CIRCLE('',#10221,1.24E-1);
#10237=CIRCLE('',#10236,1.24E-1);
#10266=CIRCLE('',#10265,1.24E-1);
#10281=CIRCLE('',#10280,1.24E-1);
#10310=CIRCLE('',#10309,1.24E-1);
#10325=CIRCLE('',#10324,1.24E-1);
#10361=CIRCLE('',#10360,1.24E-1);
#10376=CIRCLE('',#10375,1.24E-1);
#10405=CIRCLE('',#10404,1.24E-1);
#10420=CIRCLE('',#10419,1.24E-1);
#10456=CIRCLE('',#10455,1.24E-1);
#10471=CIRCLE('',#10470,1.24E-1);
#10500=CIRCLE('',#10499,1.24E-1);
#10515=CIRCLE('',#10514,1.24E-1);
#10544=CIRCLE('',#10543,1.24E-1);
#10559=CIRCLE('',#10558,1.24E-1);
#10588=CIRCLE('',#10587,1.24E-1);
#10603=CIRCLE('',#10602,1.24E-1);
#10632=CIRCLE('',#10631,1.24E-1);
#10647=CIRCLE('',#10646,1.24E-1);
#10683=CIRCLE('',#10682,1.24E-1);
#10698=CIRCLE('',#10697,1.24E-1);
#10727=CIRCLE('',#10726,1.24E-1);
#10742=CIRCLE('',#10741,1.24E-1);
#10778=CIRCLE('',#10777,1.24E-1);
#10793=CIRCLE('',#10792,1.24E-1);
#10983=CIRCLE('',#10982,1.24E-1);
#10998=CIRCLE('',#10997,1.24E-1);
#11209=CIRCLE('',#11208,1.24E-1);
#11224=CIRCLE('',#11223,1.24E-1);
#11274=CIRCLE('',#11273,1.24E-1);
#11289=CIRCLE('',#11288,1.24E-1);
#11423=CIRCLE('',#11422,1.24E-1);
#11438=CIRCLE('',#11437,1.24E-1);
#11516=CIRCLE('',#11515,1.24E-1);
#11531=CIRCLE('',#11530,1.24E-1);
#11581=CIRCLE('',#11580,1.24E-1);
#11596=CIRCLE('',#11595,1.24E-1);
#11646=CIRCLE('',#11645,1.24E-1);
#11661=CIRCLE('',#11660,1.24E-1);
#11711=CIRCLE('',#11710,1.24E-1);
#11726=CIRCLE('',#11725,1.24E-1);
#11909=CIRCLE('',#11908,1.24E-1);
#11924=CIRCLE('',#11923,1.24E-1);
#12030=CIRCLE('',#12029,1.24E-1);
#12045=CIRCLE('',#12044,1.24E-1);
#12543=CIRCLE('',#12542,1.24E-1);
#12558=CIRCLE('',#12557,1.24E-1);
#12608=CIRCLE('',#12607,1.24E-1);
#12623=CIRCLE('',#12622,1.24E-1);
#12673=CIRCLE('',#12672,1.24E-1);
#12688=CIRCLE('',#12687,1.24E-1);
#12738=CIRCLE('',#12737,1.24E-1);
#12753=CIRCLE('',#12752,1.24E-1);
#13339=EDGE_CURVE('',#12862,#12863,#10156,.T.);
#13341=EDGE_CURVE('',#12862,#12874,#10163,.T.);
#13343=EDGE_CURVE('',#12874,#12875,#10170,.T.);
#13345=EDGE_CURVE('',#13197,#12875,#10178,.T.);
#13347=EDGE_CURVE('',#13195,#13197,#10185,.T.);
#13349=EDGE_CURVE('',#12871,#13195,#10193,.T.);
#13351=EDGE_CURVE('',#12870,#12871,#10200,.T.);
#13353=EDGE_CURVE('',#12870,#12882,#10207,.T.);
#13355=EDGE_CURVE('',#12882,#12883,#10214,.T.);
#13357=EDGE_CURVE('',#13201,#12883,#10222,.T.);
#13359=EDGE_CURVE('',#13199,#13201,#10229,.T.);
#13361=EDGE_CURVE('',#12879,#13199,#10237,.T.);
#13363=EDGE_CURVE('',#12878,#12879,#10244,.T.);
#13365=EDGE_CURVE('',#12878,#12890,#10251,.T.);
#13367=EDGE_CURVE('',#12890,#12891,#10258,.T.);
#13369=EDGE_CURVE('',#13205,#12891,#10266,.T.);
#13371=EDGE_CURVE('',#13203,#13205,#10273,.T.);
#13373=EDGE_CURVE('',#12887,#13203,#10281,.T.);
#13375=EDGE_CURVE('',#12886,#12887,#10288,.T.);
#13377=EDGE_CURVE('',#12886,#12898,#10295,.T.);
#13379=EDGE_CURVE('',#12898,#12899,#10302,.T.);
#13381=EDGE_CURVE('',#13209,#12899,#10310,.T.);
#13383=EDGE_CURVE('',#13207,#13209,#10317,.T.);
#13385=EDGE_CURVE('',#12895,#13207,#10325,.T.);
#13387=EDGE_CURVE('',#12894,#12895,#10332,.T.);
#13389=EDGE_CURVE('',#12894,#12845,#10339,.T.);
#13391=EDGE_CURVE('',#12845,#12958,#10346,.T.);
#13393=EDGE_CURVE('',#12958,#12959,#10353,.T.);
#13395=EDGE_CURVE('',#12959,#13239,#10361,.T.);
#13397=EDGE_CURVE('',#13239,#13241,#10368,.T.);
#13399=EDGE_CURVE('',#13241,#12963,#10376,.T.);
#13401=EDGE_CURVE('',#12962,#12963,#10383,.T.);
#13403=EDGE_CURVE('',#12962,#12966,#10390,.T.);
#13405=EDGE_CURVE('',#12966,#12967,#10397,.T.);
#13407=EDGE_CURVE('',#12967,#13243,#10405,.T.);
#13409=EDGE_CURVE('',#13243,#13245,#10412,.T.);
#13411=EDGE_CURVE('',#13245,#12971,#10420,.T.);
#13413=EDGE_CURVE('',#12970,#12971,#10427,.T.);
#13415=EDGE_CURVE('',#12970,#12847,#10434,.T.);
#13417=EDGE_CURVE('',#12847,#12934,#10441,.T.);
#13419=EDGE_CURVE('',#12934,#12935,#10448,.T.);
#13421=EDGE_CURVE('',#12935,#13227,#10456,.T.);
#13423=EDGE_CURVE('',#13227,#13229,#10463,.T.);
#13425=EDGE_CURVE('',#13229,#12939,#10471,.T.);
#13427=EDGE_CURVE('',#12938,#12939,#10478,.T.);
#13429=EDGE_CURVE('',#12938,#12926,#10485,.T.);
#13431=EDGE_CURVE('',#12926,#12927,#10492,.T.);
#13433=EDGE_CURVE('',#12927,#13223,#10500,.T.);
#13435=EDGE_CURVE('',#13223,#13225,#10507,.T.);
#13437=EDGE_CURVE('',#13225,#12931,#10515,.T.);
#13439=EDGE_CURVE('',#12930,#12931,#10522,.T.);
#13441=EDGE_CURVE('',#12930,#12918,#10529,.T.);
#13443=EDGE_CURVE('',#12918,#12919,#10536,.T.);
#13445=EDGE_CURVE('',#12919,#13219,#10544,.T.);
#13447=EDGE_CURVE('',#13219,#13221,#10551,.T.);
#13449=EDGE_CURVE('',#13221,#12923,#10559,.T.);
#13451=EDGE_CURVE('',#12922,#12923,#10566,.T.);
#13453=EDGE_CURVE('',#12922,#12910,#10573,.T.);
#13455=EDGE_CURVE('',#12910,#12911,#10580,.T.);
#13457=EDGE_CURVE('',#12911,#13215,#10588,.T.);
#13459=EDGE_CURVE('',#13215,#13217,#10595,.T.);
#13461=EDGE_CURVE('',#13217,#12915,#10603,.T.);
#13463=EDGE_CURVE('',#12914,#12915,#10610,.T.);
#13465=EDGE_CURVE('',#12914,#12902,#10617,.T.);
#13467=EDGE_CURVE('',#12902,#12903,#10624,.T.);
#13469=EDGE_CURVE('',#12903,#13211,#10632,.T.);
#13471=EDGE_CURVE('',#13211,#13213,#10639,.T.);
#13473=EDGE_CURVE('',#13213,#12907,#10647,.T.);
#13475=EDGE_CURVE('',#12906,#12907,#10654,.T.);
#13477=EDGE_CURVE('',#12906,#12849,#10661,.T.);
#13479=EDGE_CURVE('',#12849,#12954,#10668,.T.);
#13481=EDGE_CURVE('',#12954,#12955,#10675,.T.);
#13483=EDGE_CURVE('',#13237,#12955,#10683,.T.);
#13485=EDGE_CURVE('',#13235,#13237,#10690,.T.);
#13487=EDGE_CURVE('',#12951,#13235,#10698,.T.);
#13489=EDGE_CURVE('',#12950,#12951,#10705,.T.);
#13491=EDGE_CURVE('',#12950,#12946,#10712,.T.);
#13493=EDGE_CURVE('',#12946,#12947,#10719,.T.);
#13495=EDGE_CURVE('',#13233,#12947,#10727,.T.);
#13497=EDGE_CURVE('',#13231,#13233,#10734,.T.);
#13499=EDGE_CURVE('',#12943,#13231,#10742,.T.);
#13501=EDGE_CURVE('',#12942,#12943,#10749,.T.);
#13503=EDGE_CURVE('',#12942,#12843,#10756,.T.);
#13505=EDGE_CURVE('',#12843,#12866,#10763,.T.);
#13507=EDGE_CURVE('',#12866,#12867,#10770,.T.);
#13509=EDGE_CURVE('',#13193,#12867,#10778,.T.);
#13511=EDGE_CURVE('',#13191,#13193,#10785,.T.);
#13513=EDGE_CURVE('',#12863,#13191,#10793,.T.);
#13517=EDGE_CURVE('',#12974,#12975,#10800,.T.);
#13519=EDGE_CURVE('',#12974,#12981,#10807,.T.);
#13521=EDGE_CURVE('',#12979,#12981,#10814,.T.);
#13523=EDGE_CURVE('',#12977,#12979,#10821,.T.);
#13525=EDGE_CURVE('',#12975,#12977,#10828,.T.);
#13536=EDGE_CURVE('',#12863,#13080,#10835,.T.);
#13538=EDGE_CURVE('',#12984,#13080,#10975,.T.);
#13540=EDGE_CURVE('',#12862,#12984,#10968,.T.);
#13551=EDGE_CURVE('',#13191,#13081,#10842,.T.);
#13553=EDGE_CURVE('',#13080,#13081,#10983,.T.);
#13565=EDGE_CURVE('',#13193,#13083,#10849,.T.);
#13567=EDGE_CURVE('',#13081,#13083,#10990,.T.);
#13579=EDGE_CURVE('',#12867,#13085,#10856,.T.);
#13581=EDGE_CURVE('',#13083,#13085,#10998,.T.);
#13593=EDGE_CURVE('',#12866,#12985,#10870,.T.);
#13595=EDGE_CURVE('',#13085,#12985,#11005,.T.);
#13606=EDGE_CURVE('',#12984,#12985,#10863,.T.);
#13610=EDGE_CURVE('',#12843,#12836,#10877,.T.);
#13612=EDGE_CURVE('',#12836,#12837,#11966,.T.);
#13614=EDGE_CURVE('',#12845,#12837,#11747,.T.);
#13617=EDGE_CURVE('',#12894,#13000,#10884,.T.);
#13619=EDGE_CURVE('',#13000,#13001,#10891,.T.);
#13621=EDGE_CURVE('',#12898,#13001,#10898,.T.);
#13624=EDGE_CURVE('',#12886,#12996,#10905,.T.);
#13626=EDGE_CURVE('',#12996,#12997,#10912,.T.);
#13628=EDGE_CURVE('',#12890,#12997,#10919,.T.);
#13631=EDGE_CURVE('',#12878,#12992,#10926,.T.);
#13633=EDGE_CURVE('',#12992,#12993,#10933,.T.);
#13635=EDGE_CURVE('',#12882,#12993,#10940,.T.);
#13638=EDGE_CURVE('',#12870,#12988,#10947,.T.);
#13640=EDGE_CURVE('',#12988,#12989,#10954,.T.);
#13642=EDGE_CURVE('',#12874,#12989,#10961,.T.);
#13668=EDGE_CURVE('',#12942,#13031,#11012,.T.);
#13670=EDGE_CURVE('',#13031,#13033,#11019,.T.);
#13672=EDGE_CURVE('',#12946,#13033,#11026,.T.);
#13675=EDGE_CURVE('',#12950,#13035,#11033,.T.);
#13677=EDGE_CURVE('',#13035,#13037,#11040,.T.);
#13679=EDGE_CURVE('',#12954,#13037,#11047,.T.);
#13682=EDGE_CURVE('',#12849,#12841,#11054,.T.);
#13684=EDGE_CURVE('',#12841,#12836,#11973,.T.);
#13690=EDGE_CURVE('',#13064,#13065,#11061,.T.);
#13692=EDGE_CURVE('',#13065,#13073,#11068,.T.);
#13694=EDGE_CURVE('',#13072,#13073,#11075,.T.);
#13696=EDGE_CURVE('',#13064,#13072,#11082,.T.);
#13700=EDGE_CURVE('',#13068,#13069,#11089,.T.);
#13702=EDGE_CURVE('',#13069,#13077,#11096,.T.);
#13704=EDGE_CURVE('',#13076,#13077,#11103,.T.);
#13706=EDGE_CURVE('',#13068,#13076,#11110,.T.);
#13710=EDGE_CURVE('',#13320,#13321,#11117,.T.);
#13712=EDGE_CURVE('',#13320,#13328,#11124,.T.);
#13714=EDGE_CURVE('',#13328,#13329,#11131,.T.);
#13716=EDGE_CURVE('',#13321,#13329,#11138,.T.);
#13720=EDGE_CURVE('',#13324,#13325,#11145,.T.);
#13722=EDGE_CURVE('',#13324,#13332,#11152,.T.);
#13724=EDGE_CURVE('',#13332,#13333,#11159,.T.);
#13726=EDGE_CURVE('',#13325,#13333,#11166,.T.);
#13737=EDGE_CURVE('',#12943,#13160,#11173,.T.);
#13739=EDGE_CURVE('',#13031,#13160,#11201,.T.);
#13751=EDGE_CURVE('',#13231,#13161,#11180,.T.);
#13753=EDGE_CURVE('',#13160,#13161,#11209,.T.);
#13765=EDGE_CURVE('',#13233,#13163,#11187,.T.);
#13767=EDGE_CURVE('',#13161,#13163,#11216,.T.);
#13779=EDGE_CURVE('',#12947,#13165,#11194,.T.);
#13781=EDGE_CURVE('',#13163,#13165,#11224,.T.);
#13794=EDGE_CURVE('',#13165,#13033,#11231,.T.);
#13820=EDGE_CURVE('',#12951,#13168,#11238,.T.);
#13822=EDGE_CURVE('',#13035,#13168,#11266,.T.);
#13834=EDGE_CURVE('',#13235,#13169,#11245,.T.);
#13836=EDGE_CURVE('',#13168,#13169,#11274,.T.);
#13848=EDGE_CURVE('',#13237,#13171,#11252,.T.);
#13850=EDGE_CURVE('',#13169,#13171,#11281,.T.);
#13862=EDGE_CURVE('',#12955,#13173,#11259,.T.);
#13864=EDGE_CURVE('',#13171,#13173,#11289,.T.);
#13877=EDGE_CURVE('',#13173,#13037,#11296,.T.);
#13902=EDGE_CURVE('',#13012,#13013,#11303,.T.);
#13904=EDGE_CURVE('',#12902,#13012,#11310,.T.);
#13907=EDGE_CURVE('',#12914,#13017,#11317,.T.);
#13909=EDGE_CURVE('',#13016,#13017,#11324,.T.);
#13911=EDGE_CURVE('',#12910,#13016,#11331,.T.);
#13914=EDGE_CURVE('',#12922,#13021,#11338,.T.);
#13916=EDGE_CURVE('',#13020,#13021,#11345,.T.);
#13918=EDGE_CURVE('',#12918,#13020,#11352,.T.);
#13921=EDGE_CURVE('',#12930,#13025,#11359,.T.);
#13923=EDGE_CURVE('',#13024,#13025,#11366,.T.);
#13925=EDGE_CURVE('',#12926,#13024,#11373,.T.);
#13928=EDGE_CURVE('',#12938,#13029,#11380,.T.);
#13930=EDGE_CURVE('',#13028,#13029,#11387,.T.);
#13932=EDGE_CURVE('',#12934,#13028,#11394,.T.);
#13935=EDGE_CURVE('',#12847,#12839,#11401,.T.);
#13937=EDGE_CURVE('',#12839,#12841,#11980,.T.);
#13941=EDGE_CURVE('',#12906,#13013,#11408,.T.);
#13952=EDGE_CURVE('',#13125,#13013,#11415,.T.);
#13954=EDGE_CURVE('',#13123,#13125,#11423,.T.);
#13956=EDGE_CURVE('',#13121,#13123,#11430,.T.);
#13958=EDGE_CURVE('',#13120,#13121,#11438,.T.);
#13960=EDGE_CURVE('',#13012,#13120,#11445,.T.);
#13971=EDGE_CURVE('',#12907,#13125,#11452,.T.);
#13984=EDGE_CURVE('',#13213,#13123,#11459,.T.);
#13997=EDGE_CURVE('',#13211,#13121,#11466,.T.);
#14010=EDGE_CURVE('',#12903,#13120,#11473,.T.);
#14035=EDGE_CURVE('',#12915,#13133,#11480,.T.);
#14037=EDGE_CURVE('',#13133,#13017,#11508,.T.);
#14049=EDGE_CURVE('',#13217,#13131,#11487,.T.);
#14051=EDGE_CURVE('',#13131,#13133,#11516,.T.);
#14063=EDGE_CURVE('',#13215,#13129,#11494,.T.);
#14065=EDGE_CURVE('',#13129,#13131,#11523,.T.);
#14077=EDGE_CURVE('',#12911,#13128,#11501,.T.);
#14079=EDGE_CURVE('',#13128,#13129,#11531,.T.);
#14092=EDGE_CURVE('',#13016,#13128,#11538,.T.);
#14118=EDGE_CURVE('',#12923,#13141,#11545,.T.);
#14120=EDGE_CURVE('',#13141,#13021,#11573,.T.);
#14132=EDGE_CURVE('',#13221,#13139,#11552,.T.);
#14134=EDGE_CURVE('',#13139,#13141,#11581,.T.);
#14146=EDGE_CURVE('',#13219,#13137,#11559,.T.);
#14148=EDGE_CURVE('',#13137,#13139,#11588,.T.);
#14160=EDGE_CURVE('',#12919,#13136,#11566,.T.);
#14162=EDGE_CURVE('',#13136,#13137,#11596,.T.);
#14175=EDGE_CURVE('',#13020,#13136,#11603,.T.);
#14201=EDGE_CURVE('',#12931,#13149,#11610,.T.);
#14203=EDGE_CURVE('',#13149,#13025,#11638,.T.);
#14215=EDGE_CURVE('',#13225,#13147,#11617,.T.);
#14217=EDGE_CURVE('',#13147,#13149,#11646,.T.);
#14229=EDGE_CURVE('',#13223,#13145,#11624,.T.);
#14231=EDGE_CURVE('',#13145,#13147,#11653,.T.);
#14243=EDGE_CURVE('',#12927,#13144,#11631,.T.);
#14245=EDGE_CURVE('',#13144,#13145,#11661,.T.);
#14258=EDGE_CURVE('',#13024,#13144,#11668,.T.);
#14284=EDGE_CURVE('',#12939,#13157,#11675,.T.);
#14286=EDGE_CURVE('',#13157,#13029,#11703,.T.);
#14298=EDGE_CURVE('',#13229,#13155,#11682,.T.);
#14300=EDGE_CURVE('',#13155,#13157,#11711,.T.);
#14312=EDGE_CURVE('',#13227,#13153,#11689,.T.);
#14314=EDGE_CURVE('',#13153,#13155,#11718,.T.);
#14326=EDGE_CURVE('',#12935,#13152,#11696,.T.);
#14328=EDGE_CURVE('',#13152,#13153,#11726,.T.);
#14341=EDGE_CURVE('',#13028,#13152,#11733,.T.);
#14366=EDGE_CURVE('',#12958,#13003,#11740,.T.);
#14370=EDGE_CURVE('',#12837,#12839,#11987,.T.);
#14374=EDGE_CURVE('',#12970,#13009,#11754,.T.);
#14376=EDGE_CURVE('',#13007,#13009,#11761,.T.);
#14378=EDGE_CURVE('',#12966,#13007,#11768,.T.);
#14381=EDGE_CURVE('',#12962,#13005,#11775,.T.);
#14383=EDGE_CURVE('',#13003,#13005,#11782,.T.);
#14387=EDGE_CURVE('',#13048,#13049,#11789,.T.);
#14389=EDGE_CURVE('',#13049,#13057,#11796,.T.);
#14391=EDGE_CURVE('',#13056,#13057,#11803,.T.);
#14393=EDGE_CURVE('',#13048,#13056,#11810,.T.);
#14397=EDGE_CURVE('',#13052,#13053,#11817,.T.);
#14399=EDGE_CURVE('',#13053,#13061,#11824,.T.);
#14401=EDGE_CURVE('',#13060,#13061,#11831,.T.);
#14403=EDGE_CURVE('',#13052,#13060,#11838,.T.);
#14407=EDGE_CURVE('',#13304,#13305,#11845,.T.);
#14409=EDGE_CURVE('',#13305,#13313,#11852,.T.);
#14411=EDGE_CURVE('',#13312,#13313,#11859,.T.);
#14413=EDGE_CURVE('',#13304,#13312,#11866,.T.);
#14417=EDGE_CURVE('',#13308,#13309,#11873,.T.);
#14419=EDGE_CURVE('',#13309,#13317,#11880,.T.);
#14421=EDGE_CURVE('',#13316,#13317,#11887,.T.);
#14423=EDGE_CURVE('',#13308,#13316,#11894,.T.);
#14435=EDGE_CURVE('',#13003,#13176,#11931,.T.);
#14437=EDGE_CURVE('',#12959,#13176,#11959,.T.);
#14448=EDGE_CURVE('',#13181,#13005,#11901,.T.);
#14450=EDGE_CURVE('',#13179,#13181,#11909,.T.);
#14452=EDGE_CURVE('',#13177,#13179,#11916,.T.);
#14454=EDGE_CURVE('',#13176,#13177,#11924,.T.);
#14466=EDGE_CURVE('',#12963,#13181,#11938,.T.);
#14479=EDGE_CURVE('',#13241,#13179,#11945,.T.);
#14492=EDGE_CURVE('',#13239,#13177,#11952,.T.);
#14536=EDGE_CURVE('',#12971,#13189,#11994,.T.);
#14538=EDGE_CURVE('',#13189,#13009,#12022,.T.);
#14550=EDGE_CURVE('',#13245,#13187,#12001,.T.);
#14552=EDGE_CURVE('',#13187,#13189,#12030,.T.);
#14564=EDGE_CURVE('',#13243,#13185,#12008,.T.);
#14566=EDGE_CURVE('',#13185,#13187,#12037,.T.);
#14578=EDGE_CURVE('',#12967,#13184,#12015,.T.);
#14580=EDGE_CURVE('',#13184,#13185,#12045,.T.);
#14593=EDGE_CURVE('',#13007,#13184,#12052,.T.);
#14619=EDGE_CURVE('',#13249,#13048,#12059,.T.);
#14621=EDGE_CURVE('',#13248,#13249,#12066,.T.);
#14623=EDGE_CURVE('',#13049,#13248,#12073,.T.);
#14634=EDGE_CURVE('',#13041,#13052,#12080,.T.);
#14636=EDGE_CURVE('',#13040,#13041,#12087,.T.);
#14638=EDGE_CURVE('',#13053,#13040,#12094,.T.);
#14649=EDGE_CURVE('',#13265,#13064,#12101,.T.);
#14651=EDGE_CURVE('',#13264,#13265,#12108,.T.);
#14653=EDGE_CURVE('',#13065,#13264,#12115,.T.);
#14664=EDGE_CURVE('',#13261,#13068,#12122,.T.);
#14666=EDGE_CURVE('',#13260,#13261,#12129,.T.);
#14668=EDGE_CURVE('',#13069,#13260,#12136,.T.);
#14679=EDGE_CURVE('',#13253,#13304,#12143,.T.);
#14681=EDGE_CURVE('',#13252,#13253,#12150,.T.);
#14683=EDGE_CURVE('',#13305,#13252,#12157,.T.);
#14694=EDGE_CURVE('',#13257,#13308,#12164,.T.);
#14696=EDGE_CURVE('',#13256,#13257,#12171,.T.);
#14698=EDGE_CURVE('',#13309,#13256,#12178,.T.);
#14709=EDGE_CURVE('',#13269,#13321,#12185,.T.);
#14711=EDGE_CURVE('',#13268,#13269,#12192,.T.);
#14713=EDGE_CURVE('',#13320,#13268,#12199,.T.);
#14724=EDGE_CURVE('',#13273,#13325,#12206,.T.);
#14726=EDGE_CURVE('',#13272,#13273,#12213,.T.);
#14728=EDGE_CURVE('',#13324,#13272,#12220,.T.);
#14739=EDGE_CURVE('',#13277,#13056,#12248,.T.);
#14741=EDGE_CURVE('',#13249,#13277,#12227,.T.);
#14753=EDGE_CURVE('',#13057,#13276,#12234,.T.);
#14755=EDGE_CURVE('',#13276,#13277,#12241,.T.);
#14767=EDGE_CURVE('',#13061,#13044,#12255,.T.);
#14769=EDGE_CURVE('',#13044,#13045,#12262,.T.);
#14771=EDGE_CURVE('',#13045,#13060,#12269,.T.);
#14782=EDGE_CURVE('',#13073,#13292,#12276,.T.);
#14784=EDGE_CURVE('',#13292,#13293,#12283,.T.);
#14786=EDGE_CURVE('',#13293,#13072,#12290,.T.);
#14797=EDGE_CURVE('',#13077,#13288,#12297,.T.);
#14799=EDGE_CURVE('',#13288,#13289,#12304,.T.);
#14801=EDGE_CURVE('',#13289,#13076,#12311,.T.);
#14812=EDGE_CURVE('',#13313,#13280,#12318,.T.);
#14814=EDGE_CURVE('',#13280,#13281,#12325,.T.);
#14816=EDGE_CURVE('',#13281,#13312,#12332,.T.);
#14827=EDGE_CURVE('',#13317,#13284,#12339,.T.);
#14829=EDGE_CURVE('',#13284,#13285,#12346,.T.);
#14831=EDGE_CURVE('',#13285,#13316,#12353,.T.);
#14842=EDGE_CURVE('',#13328,#13296,#12360,.T.);
#14844=EDGE_CURVE('',#13296,#13297,#12367,.T.);
#14846=EDGE_CURVE('',#13297,#13329,#12374,.T.);
#14857=EDGE_CURVE('',#13332,#13300,#12381,.T.);
#14859=EDGE_CURVE('',#13300,#13301,#12388,.T.);
#14861=EDGE_CURVE('',#13301,#13333,#12395,.T.);
#14873=EDGE_CURVE('',#13248,#13276,#12402,.T.);
#14898=EDGE_CURVE('',#13040,#13044,#12409,.T.);
#14910=EDGE_CURVE('',#13041,#13045,#12416,.T.);
#14936=EDGE_CURVE('',#13264,#13292,#12423,.T.);
#14948=EDGE_CURVE('',#13265,#13293,#12430,.T.);
#14974=EDGE_CURVE('',#13260,#13288,#12437,.T.);
#14986=EDGE_CURVE('',#13261,#13289,#12444,.T.);
#15012=EDGE_CURVE('',#13252,#13280,#12451,.T.);
#15024=EDGE_CURVE('',#13253,#13281,#12458,.T.);
#15050=EDGE_CURVE('',#13256,#13284,#12465,.T.);
#15062=EDGE_CURVE('',#13257,#13285,#12472,.T.);
#15088=EDGE_CURVE('',#13268,#13296,#12479,.T.);
#15100=EDGE_CURVE('',#13269,#13297,#12486,.T.);
#15126=EDGE_CURVE('',#13272,#13300,#12493,.T.);
#15138=EDGE_CURVE('',#13273,#13301,#12500,.T.);
#15163=EDGE_CURVE('',#12895,#13112,#12507,.T.);
#15165=EDGE_CURVE('',#13000,#13112,#12535,.T.);
#15177=EDGE_CURVE('',#13207,#13113,#12514,.T.);
#15179=EDGE_CURVE('',#13112,#13113,#12543,.T.);
#15191=EDGE_CURVE('',#13209,#13115,#12521,.T.);
#15193=EDGE_CURVE('',#13113,#13115,#12550,.T.);
#15205=EDGE_CURVE('',#12899,#13117,#12528,.T.);
#15207=EDGE_CURVE('',#13115,#13117,#12558,.T.);
#15220=EDGE_CURVE('',#13117,#13001,#12565,.T.);
#15246=EDGE_CURVE('',#12887,#13104,#12572,.T.);
#15248=EDGE_CURVE('',#12996,#13104,#12600,.T.);
#15260=EDGE_CURVE('',#13203,#13105,#12579,.T.);
#15262=EDGE_CURVE('',#13104,#13105,#12608,.T.);
#15274=EDGE_CURVE('',#13205,#13107,#12586,.T.);
#15276=EDGE_CURVE('',#13105,#13107,#12615,.T.);
#15288=EDGE_CURVE('',#12891,#13109,#12593,.T.);
#15290=EDGE_CURVE('',#13107,#13109,#12623,.T.);
#15303=EDGE_CURVE('',#13109,#12997,#12630,.T.);
#15329=EDGE_CURVE('',#12879,#13096,#12637,.T.);
#15331=EDGE_CURVE('',#12992,#13096,#12665,.T.);
#15343=EDGE_CURVE('',#13199,#13097,#12644,.T.);
#15345=EDGE_CURVE('',#13096,#13097,#12673,.T.);
#15357=EDGE_CURVE('',#13201,#13099,#12651,.T.);
#15359=EDGE_CURVE('',#13097,#13099,#12680,.T.);
#15371=EDGE_CURVE('',#12883,#13101,#12658,.T.);
#15373=EDGE_CURVE('',#13099,#13101,#12688,.T.);
#15386=EDGE_CURVE('',#13101,#12993,#12695,.T.);
#15412=EDGE_CURVE('',#12871,#13088,#12702,.T.);
#15414=EDGE_CURVE('',#12988,#13088,#12730,.T.);
#15426=EDGE_CURVE('',#13195,#13089,#12709,.T.);
#15428=EDGE_CURVE('',#13088,#13089,#12738,.T.);
#15440=EDGE_CURVE('',#13197,#13091,#12716,.T.);
#15442=EDGE_CURVE('',#13089,#13091,#12745,.T.);
#15454=EDGE_CURVE('',#12875,#13093,#12723,.T.);
#15456=EDGE_CURVE('',#13091,#13093,#12753,.T.);
#15469=EDGE_CURVE('',#13093,#12989,#12760,.T.);
#15495=EDGE_CURVE('',#12975,#12852,#12774,.T.);
#15497=EDGE_CURVE('',#12859,#12852,#12809,.T.);
#15499=EDGE_CURVE('',#12859,#12974,#12767,.T.);
#15510=EDGE_CURVE('',#12977,#12853,#12781,.T.);
#15512=EDGE_CURVE('',#12852,#12853,#12816,.T.);
#15524=EDGE_CURVE('',#12979,#12855,#12795,.T.);
#15526=EDGE_CURVE('',#12853,#12855,#12823,.T.);
#15538=EDGE_CURVE('',#12858,#12981,#12788,.T.);
#15540=EDGE_CURVE('',#12855,#12858,#12830,.T.);
#15553=EDGE_CURVE('',#12858,#12859,#12802,.T.);
#15580=(LENGTH_UNIT()NAMED_UNIT(*)SI_UNIT(.MILLI.,.METRE.));
#15582=(NAMED_UNIT(*)PLANE_ANGLE_UNIT()SI_UNIT($,.RADIAN.));
#15585=(NAMED_UNIT(*)SI_UNIT($,.STERADIAN.)SOLID_ANGLE_UNIT());
#15591=AXIS2_PLACEMENT_3D('',#15588,#15589,#15590);
#15592=ADVANCED_BREP_SHAPE_REPRESENTATION('',(#15591,#15573),#15587);
#15596=PRODUCT_DEFINITION('design','',#15595,#10132);
#15597=PRODUCT_DEFINITION_SHAPE('','SHAPE FOR BODY.',#15596);
#15598=SHAPE_DEFINITION_REPRESENTATION(#15597,#15592);
#15599=NEXT_ASSEMBLY_USAGE_OCCURRENCE('1','Next assembly relationship','BODY',
#15653,#15596,$);
#15600=PRODUCT_DEFINITION_SHAPE('Placement #1',
'Placement of BODY with respect to BQA0014B_ASM',#15599);
#15608=(LENGTH_UNIT()NAMED_UNIT(*)SI_UNIT(.MILLI.,.METRE.));
#15610=(NAMED_UNIT(*)PLANE_ANGLE_UNIT()SI_UNIT($,.RADIAN.));
#15613=(NAMED_UNIT(*)SI_UNIT($,.STERADIAN.)SOLID_ANGLE_UNIT());
#15619=AXIS2_PLACEMENT_3D('',#15616,#15617,#15618);
#15620=SHAPE_REPRESENTATION('',(#15619),#15615);
#15625=PRODUCT_DEFINITION('design','',#15624,#15621);
#15626=PRODUCT_DEFINITION_SHAPE('','SHAPE FOR PIN1_AREA.',#15625);
#15627=SHAPE_DEFINITION_REPRESENTATION(#15626,#15620);
#15628=NEXT_ASSEMBLY_USAGE_OCCURRENCE('2','Next assembly relationship',
'PIN1_AREA',#15653,#15625,$);
#15629=PRODUCT_DEFINITION_SHAPE('Placement #2',
'Placement of PIN1_AREA with respect to BQA0014B_ASM',#15628);
#15637=(LENGTH_UNIT()NAMED_UNIT(*)SI_UNIT(.MILLI.,.METRE.));
#15639=(NAMED_UNIT(*)PLANE_ANGLE_UNIT()SI_UNIT($,.RADIAN.));
#15642=(NAMED_UNIT(*)SI_UNIT($,.STERADIAN.)SOLID_ANGLE_UNIT());
#15648=AXIS2_PLACEMENT_3D('',#15645,#15646,#15647);
#15653=PRODUCT_DEFINITION('design','',#15652,#15621);
ENDSEC;
END-ISO-10303-21;
